Год_рождения,Подписаны_документы,Пол,БылПростой,ОпытВДолжности,Активность,Знак_зодиака,Возраст,Оценка_HR,УровеньОплаты,Офлайн_участие,Образование,Телефон,Город,Размер,Закрытые_проекты,ГодНайма,Курсы,Увольнение
1993.0,Нет,,,0.0,,Овен,34.0,1.0,3.0,0.0,Bachelors,917107113682,Bangalore,,8.0,2017.0,3.0,0
1997.0,Да,Female,,,,Рыбы,28.0,2.0,1.0,0.0,Bachelors,911237763698,Pune,M,5.0,,2.0,1
1997.0,Да,Female,No,3.0,87.0,Рыбы,,2.0,1.0,0.0,Bachelors,911237763698,Pune,M,5.0,2013.0,2.0,1
1989.0,Нет,Female,No,2.0,296.0,Козерог,38.0,10.0,3.0,0.0,,919854642062,New Delhi,XS,14.0,,2.0,0
1989.0,Нет,,No,2.0,296.0,Козерог,38.0,10.0,3.0,0.0,,919854642062,New Delhi,XS,14.0,2014.0,2.0,0
1989.0,,Female,,2.0,296.0,Козерог,38.0,10.0,3.0,0.0,Bachelors,919854642062,New Delhi,XS,14.0,2014.0,2.0,0
1989.0,Нет,Female,No,2.0,296.0,Козерог,38.0,10.0,3.0,0.0,Bachelors,919854642062,,,,,,0
,,Female,No,2.0,,Козерог,38.0,10.0,,0.0,Bachelors,919854642062,New Delhi,,,2014.0,2.0,0
2000.0,Да,Male,No,,,Козерог,27.0,8.0,3.0,0.0,Masters,916447870059,Bangalore,,8.0,,3.0,1
2000.0,Да,Male,,,265.0,Козерог,,,3.0,,Masters,916447870059,,XL,8.0,2016.0,,1
2002.0,Да,,Yes,2.0,269.0,,24.0,9.0,3.0,0.0,,917010671528,,XL,12.0,2017.0,3.0,1
,Да,,Yes,,,Овен,24.0,9.0,3.0,0.0,Masters,917010671528,,XL,12.0,2017.0,3.0,1
2005.0,Нет,Male,No,0.0,13.0,Близнецы,,4.0,3.0,1.0,Bachelors,915070474755,,XL,15.0,2016.0,3.0,0
1989.0,Нет,,No,0.0,,Близнецы,38.0,10.0,3.0,,Bachelors,913772900990,New Delhi,L,14.0,2015.0,2.0,0
1989.0,Нет,Male,No,,310.0,Близнецы,38.0,10.0,3.0,0.0,Bachelors,913772900990,,L,14.0,,2.0,0
1989.0,,Male,No,0.0,310.0,Близнецы,38.0,10.0,3.0,0.0,Bachelors,913772900990,New Delhi,L,14.0,,2.0,0
1989.0,,Male,No,0.0,310.0,Близнецы,38.0,10.0,3.0,0.0,Bachelors,913772900990,,,14.0,2015.0,2.0,0
,Нет,Male,No,0.0,310.0,Близнецы,38.0,,3.0,0.0,Bachelors,913772900990,New Delhi,L,14.0,,2.0,0
,Да,Female,No,2.0,,Рак,,6.0,,0.0,Bachelors,918574591991,,M,9.0,2016.0,2.0,1
1992.0,Да,Female,,,325.0,Рак,34.0,6.0,,0.0,Bachelors,918574591991,Bangalore,,,2016.0,2.0,1
1992.0,Да,Female,No,2.0,,Рак,34.0,6.0,3.0,0.0,Bachelors,918574591991,,M,9.0,2016.0,2.0,1
1992.0,Да,Female,,2.0,,Рак,34.0,6.0,3.0,,,918574591991,Bangalore,M,9.0,,2.0,1
1992.0,,Female,No,2.0,325.0,Рак,,6.0,,0.0,Bachelors,918574591991,Bangalore,M,,2016.0,2.0,1
2004.0,Нет,Male,No,,141.0,Телец,23.0,6.0,,1.0,Bachelors,914693741025,Pune,,2.0,2016.0,,0
2004.0,,Male,No,1.0,141.0,Телец,23.0,6.0,3.0,1.0,,914693741025,Pune,XL,2.0,2016.0,3.0,0
2004.0,,Male,,1.0,141.0,Телец,23.0,6.0,3.0,1.0,,914693741025,Pune,XL,2.0,2016.0,3.0,0
,Нет,Male,No,2.0,,Дева,,,2.0,1.0,Masters,912217625151,,S,2.0,2017.0,4.0,0
1990.0,,Male,No,,265.0,Дева,,2.0,,1.0,,912217625151,,S,2.0,2017.0,4.0,0
1990.0,Нет,Male,No,2.0,265.0,Дева,37.0,,2.0,1.0,Masters,912217625151,New Delhi,S,,2017.0,4.0,0
1990.0,Нет,Male,No,2.0,265.0,Дева,37.0,2.0,2.0,1.0,Masters,912217625151,New Delhi,S,2.0,2017.0,4.0,0
1998.0,Да,,No,,422.0,,27.0,,3.0,,,913596358051,Bangalore,XL,14.0,2012.0,,1
,,Male,No,5.0,422.0,,27.0,1.0,3.0,,Masters,913596358051,Bangalore,XL,14.0,2012.0,3.0,1
,Да,Male,No,,422.0,,,1.0,3.0,0.0,Masters,913596358051,Bangalore,XL,14.0,2012.0,,1
1998.0,Да,Male,No,5.0,422.0,Стрелец,27.0,,3.0,0.0,Masters,913596358051,Bangalore,XL,,2012.0,3.0,1
1992.0,Нет,,No,,431.0,,,5.0,3.0,,,911873549425,Pune,,14.0,2016.0,2.0,0
1995.0,Да,Male,,5.0,326.0,Весы,32.0,3.0,,1.0,Bachelors,914715418458,,L,2.0,2018.0,,1
,Да,Male,Yes,,326.0,Весы,32.0,3.0,3.0,,Bachelors,914715418458,Pune,L,2.0,2018.0,2.0,1
,Нет,Male,,2.0,91.0,,39.0,7.0,3.0,1.0,Bachelors,918507476652,Bangalore,L,15.0,2016.0,3.0,0
1988.0,Нет,Male,No,4.0,362.0,,37.0,8.0,,0.0,Bachelors,917735427380,Bangalore,S,8.0,2012.0,1.0,0
1998.0,Нет,Male,No,3.0,236.0,Лев,29.0,9.0,1.0,0.0,Bachelors,917712682584,Bangalore,M,4.0,2017.0,,0
,,Female,No,2.0,164.0,Стрелец,34.0,0.0,3.0,1.0,Bachelors,914613004784,Bangalore,M,7.0,2014.0,3.0,0
1993.0,Нет,Female,No,,164.0,Стрелец,34.0,0.0,3.0,1.0,,914613004784,Bangalore,M,7.0,2014.0,,0
1992.0,,Male,No,4.0,13.0,Близнецы,34.0,4.0,,0.0,Bachelors,914431032754,,,15.0,2014.0,1.0,0
1992.0,Нет,Male,No,4.0,13.0,Близнецы,34.0,4.0,3.0,0.0,Bachelors,914431032754,Pune,,15.0,2014.0,1.0,0
,,Male,,4.0,13.0,,34.0,,3.0,,Bachelors,914431032754,Pune,XL,15.0,2014.0,,0
1992.0,Нет,Male,No,4.0,13.0,Близнецы,34.0,,3.0,0.0,Bachelors,914431032754,Pune,,15.0,2014.0,1.0,0
1992.0,Нет,Male,No,4.0,13.0,,34.0,4.0,3.0,0.0,Bachelors,914431032754,,XL,,2014.0,1.0,0
1996.0,Да,Female,No,0.0,,Стрелец,30.0,,2.0,,,913904285501,Pune,XS,3.0,2015.0,2.0,1
1996.0,,Female,No,0.0,243.0,,30.0,,2.0,0.0,Bachelors,913904285501,,XS,,,2.0,1
2003.0,,Female,No,0.0,118.0,,22.0,5.0,2.0,1.0,Bachelors,912826950945,New Delhi,L,,2016.0,1.0,1
2003.0,,Female,No,0.0,,Весы,22.0,5.0,2.0,1.0,Bachelors,912826950945,New Delhi,L,11.0,2016.0,1.0,1
1990.0,Нет,Male,No,0.0,297.0,Овен,37.0,0.0,3.0,1.0,Bachelors,919846874566,Bangalore,L,6.0,2012.0,2.0,0
1990.0,Нет,Male,,,297.0,Овен,,0.0,3.0,1.0,,919846874566,Bangalore,L,,2012.0,2.0,0
,Нет,Male,No,0.0,,Овен,,,,1.0,Bachelors,919846874566,,L,6.0,,2.0,0
,,Male,No,0.0,,Овен,,0.0,,1.0,Bachelors,919846874566,,L,,2012.0,2.0,0
,Нет,Male,,0.0,297.0,Овен,37.0,0.0,3.0,,Bachelors,919846874566,Bangalore,L,,,2.0,0
1997.0,Нет,Male,No,,180.0,Телец,,4.0,2.0,1.0,,919094873131,New Delhi,M,0.0,2017.0,1.0,0
1997.0,Нет,Male,,4.0,180.0,,28.0,,2.0,1.0,Masters,919094873131,,,,2017.0,1.0,0
1997.0,Нет,Male,No,4.0,180.0,Телец,28.0,4.0,2.0,,Masters,919094873131,New Delhi,M,0.0,,1.0,0
1991.0,Нет,Male,No,3.0,169.0,Дева,36.0,8.0,2.0,0.0,,916808574017,,M,15.0,2017.0,4.0,0
1991.0,Нет,Male,No,3.0,169.0,Дева,36.0,8.0,2.0,0.0,Bachelors,916808574017,New Delhi,M,15.0,2017.0,4.0,0
1991.0,Нет,Male,No,3.0,,Дева,,,,0.0,Bachelors,916808574017,New Delhi,M,,2017.0,4.0,0
1999.0,Нет,Male,Yes,,31.0,Стрелец,27.0,1.0,3.0,0.0,Bachelors,912767392867,,M,14.0,2015.0,,0
,Нет,Male,No,4.0,466.0,Дева,29.0,1.0,3.0,1.0,Bachelors,914825646674,Bangalore,L,4.0,,5.0,0
1998.0,Нет,Male,,4.0,,,29.0,1.0,3.0,,Bachelors,914825646674,,L,4.0,2017.0,5.0,0
,Нет,Male,No,4.0,466.0,Дева,29.0,1.0,,1.0,,914825646674,Bangalore,,4.0,2017.0,5.0,0
1998.0,,Male,,4.0,466.0,Дева,29.0,1.0,3.0,,Bachelors,914825646674,Bangalore,L,4.0,2017.0,5.0,0
,Нет,Male,No,,,Дева,29.0,1.0,3.0,1.0,Bachelors,914825646674,Bangalore,,4.0,,5.0,0
,Нет,Female,Yes,0.0,65.0,Стрелец,22.0,3.0,3.0,,Bachelors,912762759952,,M,,,,0
2004.0,Нет,Female,Yes,0.0,65.0,Стрелец,22.0,3.0,3.0,1.0,Bachelors,912762759952,Bangalore,M,9.0,2013.0,2.0,0
2004.0,Нет,Female,Yes,0.0,65.0,Стрелец,22.0,3.0,3.0,1.0,Bachelors,912762759952,Bangalore,M,9.0,2013.0,2.0,0
2004.0,Нет,Female,Yes,0.0,65.0,Стрелец,,3.0,3.0,,Bachelors,912762759952,Bangalore,,9.0,2013.0,2.0,0
1989.0,,,No,2.0,,Весы,37.0,5.0,3.0,1.0,Bachelors,915518623865,Bangalore,M,6.0,2016.0,3.0,0
1989.0,Нет,Male,No,,239.0,Весы,,5.0,3.0,1.0,Bachelors,915518623865,,M,6.0,2016.0,,0
,Нет,Male,No,2.0,,Весы,37.0,5.0,3.0,,Bachelors,915518623865,Bangalore,M,6.0,,3.0,0
2004.0,Нет,,No,1.0,460.0,Овен,23.0,8.0,3.0,1.0,Bachelors,918967744216,Bangalore,L,14.0,2015.0,,0
2004.0,Нет,Male,No,1.0,460.0,Овен,23.0,8.0,3.0,1.0,Bachelors,918967744216,,L,14.0,2015.0,5.0,0
,Нет,Male,No,,460.0,Овен,23.0,8.0,3.0,1.0,Bachelors,918967744216,Bangalore,L,14.0,2015.0,5.0,0
2004.0,Нет,Male,No,1.0,460.0,Овен,23.0,8.0,,1.0,Bachelors,918967744216,,L,14.0,2015.0,,0
1994.0,Да,,No,,78.0,Телец,31.0,,2.0,1.0,Bachelors,916166633814,Pune,L,1.0,2013.0,3.0,1
1994.0,,Female,,,78.0,Телец,31.0,2.0,2.0,,Bachelors,916166633814,Pune,L,1.0,2013.0,3.0,1
1994.0,Да,Female,No,2.0,78.0,Телец,31.0,2.0,2.0,,Bachelors,916166633814,Pune,,1.0,2013.0,3.0,1
1995.0,Нет,,No,2.0,453.0,,,10.0,2.0,1.0,Masters,916441890284,New Delhi,,,,3.0,0
1995.0,Нет,Female,,2.0,453.0,Водолей,30.0,10.0,2.0,1.0,,916441890284,New Delhi,S,,2017.0,,0
1995.0,Нет,Female,No,2.0,453.0,Водолей,30.0,10.0,2.0,1.0,Masters,916441890284,New Delhi,S,13.0,2017.0,3.0,0
1995.0,Нет,,No,2.0,453.0,Водолей,30.0,10.0,2.0,,,916441890284,New Delhi,,,2017.0,,0
2000.0,Нет,Male,No,3.0,306.0,Рыбы,25.0,,3.0,,PHD,918557075914,,L,,,2.0,0
2000.0,Нет,Male,No,3.0,306.0,,25.0,7.0,3.0,1.0,PHD,918557075914,New Delhi,,5.0,2013.0,2.0,0
2000.0,Нет,Male,No,3.0,,Рыбы,25.0,,,1.0,PHD,918557075914,,,,2013.0,2.0,0
2000.0,,Male,No,3.0,306.0,,25.0,7.0,3.0,1.0,PHD,918557075914,,L,5.0,2013.0,2.0,0
2003.0,Нет,Male,No,,169.0,Близнецы,23.0,5.0,,1.0,,911375687093,,L,14.0,,1.0,0
2003.0,Нет,Male,No,1.0,169.0,Близнецы,23.0,5.0,,1.0,Bachelors,911375687093,,L,14.0,2014.0,1.0,0
,Да,Male,No,4.0,65.0,Лев,26.0,2.0,3.0,0.0,Bachelors,913854211673,Bangalore,M,7.0,,2.0,1
2000.0,Да,Male,No,,,Лев,26.0,2.0,3.0,,Bachelors,913854211673,,M,7.0,2018.0,2.0,1
,Да,Male,,4.0,65.0,Лев,26.0,2.0,3.0,0.0,Bachelors,913854211673,Bangalore,M,7.0,,2.0,1
2000.0,Да,Male,No,4.0,65.0,Лев,26.0,2.0,3.0,0.0,Bachelors,913854211673,Bangalore,M,7.0,2018.0,,1
,Да,Male,,4.0,65.0,Лев,,2.0,3.0,0.0,,913854211673,Bangalore,M,7.0,2018.0,,1
1986.0,Нет,Male,No,5.0,73.0,,40.0,7.0,,0.0,Bachelors,916964586296,Bangalore,S,,,3.0,0
1986.0,Нет,Male,No,5.0,73.0,Козерог,,7.0,3.0,0.0,Bachelors,916964586296,Bangalore,S,15.0,2016.0,3.0,0
1989.0,Да,Female,No,0.0,231.0,,37.0,7.0,2.0,,Bachelors,913581589067,Pune,M,2.0,2017.0,3.0,1
1989.0,,Female,No,0.0,231.0,Водолей,,7.0,2.0,,Bachelors,913581589067,Pune,,,2017.0,3.0,1
1989.0,Да,,No,0.0,231.0,Водолей,37.0,7.0,2.0,1.0,Bachelors,913581589067,Pune,M,,,3.0,1
,Нет,Female,No,3.0,235.0,,30.0,3.0,1.0,,Bachelors,912385735274,Bangalore,L,5.0,2014.0,3.0,0
1997.0,Нет,Female,No,3.0,235.0,Близнецы,30.0,3.0,1.0,1.0,Bachelors,912385735274,Bangalore,L,5.0,2014.0,3.0,0
,Нет,Female,,3.0,235.0,Близнецы,30.0,,1.0,1.0,Bachelors,912385735274,Bangalore,,5.0,2014.0,3.0,0
1996.0,Нет,Male,No,3.0,87.0,,29.0,6.0,3.0,0.0,,916407624685,New Delhi,L,15.0,2012.0,,0
1996.0,Нет,,No,3.0,87.0,,29.0,6.0,3.0,0.0,Bachelors,916407624685,New Delhi,L,15.0,,,0
1996.0,Нет,Male,No,3.0,,,29.0,,3.0,0.0,Bachelors,916407624685,New Delhi,L,15.0,2012.0,,0
1996.0,Нет,Male,No,,87.0,Телец,29.0,,3.0,0.0,,916407624685,New Delhi,L,15.0,2012.0,3.0,0
1991.0,,,No,0.0,211.0,Скорпион,34.0,3.0,2.0,0.0,Bachelors,919302866891,New Delhi,,2.0,2018.0,5.0,1
,Да,,No,2.0,101.0,,29.0,1.0,2.0,0.0,Bachelors,912198167060,Pune,,2.0,2017.0,3.0,1
,Да,Female,No,2.0,101.0,Лев,,1.0,2.0,0.0,,912198167060,Pune,XS,2.0,,3.0,1
1997.0,Да,Female,No,2.0,101.0,Лев,,,,,Bachelors,912198167060,Pune,XS,2.0,,3.0,1
1997.0,,,,2.0,101.0,Лев,29.0,,2.0,,,912198167060,Pune,XS,2.0,2017.0,3.0,1
1997.0,Да,,,2.0,101.0,Лев,29.0,1.0,2.0,0.0,Bachelors,912198167060,Pune,XS,2.0,,3.0,1
1996.0,,,Yes,4.0,,,30.0,0.0,3.0,1.0,Bachelors,917966353586,Pune,,4.0,2014.0,1.0,0
1996.0,Нет,Male,Yes,4.0,,Рыбы,30.0,,3.0,,Bachelors,917966353586,Pune,XL,,2014.0,1.0,0
,Нет,Male,Yes,4.0,335.0,Рыбы,30.0,0.0,3.0,1.0,Bachelors,917966353586,,XL,,,1.0,0
1996.0,,Male,Yes,4.0,335.0,,,,,,Bachelors,917966353586,Pune,XL,4.0,,1.0,0
1996.0,Нет,,Yes,4.0,335.0,Рыбы,,0.0,3.0,1.0,,917966353586,Pune,XL,4.0,2014.0,,0
1991.0,,Male,No,1.0,166.0,,36.0,6.0,3.0,,Bachelors,915143581042,Bangalore,M,1.0,2015.0,5.0,0
1991.0,Нет,,No,1.0,166.0,Козерог,36.0,,3.0,0.0,,915143581042,,M,,2015.0,5.0,0
,Нет,Male,No,1.0,166.0,Козерог,36.0,6.0,3.0,0.0,,915143581042,Bangalore,M,1.0,2015.0,,0
1991.0,Нет,Male,No,1.0,,Козерог,,6.0,,0.0,Bachelors,915143581042,Bangalore,,1.0,2015.0,5.0,0
,Нет,Male,No,,166.0,Козерог,36.0,6.0,3.0,0.0,,915143581042,Bangalore,M,1.0,2015.0,5.0,0
2002.0,,Male,,1.0,167.0,Стрелец,23.0,8.0,2.0,1.0,Masters,913215029749,,,14.0,2017.0,4.0,0
1996.0,,Male,No,3.0,83.0,Дева,30.0,,3.0,1.0,Bachelors,914050943137,Bangalore,M,0.0,2013.0,5.0,1
1996.0,Да,Male,No,3.0,83.0,Дева,30.0,3.0,3.0,,Bachelors,914050943137,Bangalore,,,2013.0,,1
1996.0,,,No,3.0,83.0,Дева,30.0,,3.0,1.0,Bachelors,914050943137,Bangalore,M,,2013.0,5.0,1
1990.0,Нет,Male,No,0.0,293.0,Лев,36.0,10.0,3.0,1.0,Bachelors,916246831440,Bangalore,L,4.0,2014.0,2.0,0
1990.0,Нет,Male,No,0.0,,Лев,36.0,10.0,3.0,1.0,Bachelors,916246831440,Bangalore,L,4.0,2014.0,2.0,0
1990.0,,Male,No,0.0,,Лев,36.0,10.0,3.0,1.0,Bachelors,916246831440,Bangalore,L,,2014.0,2.0,0
1986.0,Нет,Male,No,4.0,,Телец,39.0,10.0,,1.0,Bachelors,914353243274,,XL,,2015.0,5.0,0
1986.0,Нет,Male,No,4.0,257.0,,39.0,10.0,3.0,1.0,Bachelors,914353243274,Pune,XL,12.0,2015.0,5.0,0
1986.0,Нет,Male,No,4.0,257.0,Телец,39.0,10.0,3.0,,Bachelors,914353243274,Pune,XL,12.0,,5.0,0
1986.0,Нет,Male,,4.0,,Телец,39.0,10.0,3.0,,Bachelors,914353243274,Pune,XL,12.0,,5.0,0
1986.0,Нет,Male,,4.0,257.0,Телец,39.0,,,1.0,,914353243274,Pune,XL,12.0,2015.0,5.0,0
,Нет,Female,No,1.0,,Водолей,,5.0,3.0,,Bachelors,911397805803,,M,14.0,2014.0,,0
1998.0,,Male,No,5.0,374.0,,27.0,3.0,3.0,0.0,PHD,912535822762,New Delhi,S,6.0,2012.0,1.0,0
1998.0,Нет,Male,No,5.0,374.0,,27.0,3.0,,0.0,,912535822762,New Delhi,S,6.0,2012.0,1.0,0
1991.0,Нет,Male,No,2.0,179.0,Рак,35.0,1.0,,0.0,Masters,917075279039,New Delhi,,2.0,,3.0,0
1991.0,Нет,Male,No,2.0,179.0,Рак,35.0,,,0.0,Masters,917075279039,,L,,2013.0,3.0,0
1991.0,Нет,Male,No,2.0,179.0,,,,3.0,0.0,Masters,917075279039,,L,2.0,2013.0,,0
1991.0,Нет,Male,No,2.0,179.0,Рак,35.0,1.0,3.0,0.0,Masters,917075279039,New Delhi,L,2.0,2013.0,,0
1993.0,Нет,Male,No,0.0,168.0,Телец,34.0,2.0,,1.0,Masters,915805035597,New Delhi,L,4.0,2017.0,,0
,Нет,Male,No,0.0,168.0,Телец,34.0,2.0,2.0,1.0,Masters,915805035597,New Delhi,,4.0,2017.0,,0
,,,No,1.0,50.0,Скорпион,,,,,Bachelors,911411074769,Bangalore,,11.0,2013.0,,0
1995.0,Нет,Female,No,,50.0,,30.0,6.0,3.0,0.0,Bachelors,911411074769,Bangalore,,11.0,,2.0,0
1995.0,Нет,Female,No,,50.0,,30.0,6.0,,0.0,Bachelors,911411074769,Bangalore,S,11.0,2013.0,2.0,0
1995.0,Нет,Female,No,1.0,,,30.0,6.0,3.0,0.0,Bachelors,911411074769,,S,11.0,2013.0,2.0,0
1991.0,Нет,Male,No,2.0,75.0,Близнецы,,5.0,3.0,1.0,PHD,916182477634,New Delhi,,8.0,2017.0,1.0,0
1991.0,Нет,Male,No,2.0,75.0,Близнецы,34.0,5.0,3.0,1.0,PHD,916182477634,New Delhi,M,8.0,2017.0,1.0,0
,Да,,No,4.0,220.0,Лев,26.0,2.0,,1.0,Bachelors,916928438645,Pune,M,3.0,2015.0,2.0,1
,Нет,Female,No,0.0,,,34.0,6.0,3.0,1.0,Bachelors,914549720903,Bangalore,M,6.0,,2.0,0
1993.0,Нет,Female,No,0.0,195.0,Дева,34.0,6.0,3.0,1.0,Bachelors,914549720903,Bangalore,M,6.0,2016.0,,0
1993.0,,Female,No,0.0,,Дева,,6.0,3.0,1.0,Bachelors,914549720903,,,6.0,2016.0,,0
,Нет,Female,No,0.0,195.0,Дева,34.0,6.0,3.0,1.0,Bachelors,914549720903,,,,,2.0,0
1993.0,Нет,Female,No,0.0,195.0,Дева,34.0,,3.0,1.0,,914549720903,Bangalore,M,6.0,2016.0,2.0,0
1995.0,,,Yes,5.0,369.0,Скорпион,31.0,2.0,3.0,1.0,Bachelors,911322207680,Bangalore,XL,13.0,2014.0,,0
,Нет,Female,Yes,,369.0,Скорпион,31.0,2.0,,1.0,,911322207680,Bangalore,XL,13.0,2014.0,3.0,0
,Нет,Female,,5.0,369.0,Скорпион,31.0,2.0,3.0,1.0,Bachelors,911322207680,Bangalore,XL,13.0,,3.0,0
1995.0,Нет,,,5.0,,Скорпион,31.0,2.0,,1.0,Bachelors,911322207680,,,,,3.0,0
1995.0,Нет,,,,11.0,Водолей,31.0,,3.0,,,912431154282,New Delhi,M,3.0,2017.0,,0
1995.0,,Female,,,11.0,,31.0,1.0,3.0,0.0,Bachelors,912431154282,New Delhi,M,3.0,,2.0,0
1995.0,Нет,Female,Yes,5.0,11.0,,,1.0,,0.0,Bachelors,912431154282,New Delhi,,3.0,2017.0,2.0,0
1999.0,Нет,,No,2.0,18.0,Овен,28.0,0.0,,0.0,PHD,914323867220,New Delhi,M,12.0,2013.0,2.0,0
1999.0,,Male,No,2.0,18.0,Овен,,0.0,3.0,0.0,PHD,914323867220,New Delhi,,,2013.0,2.0,0
1999.0,Нет,,No,2.0,18.0,Овен,28.0,0.0,3.0,,PHD,914323867220,,M,12.0,2013.0,2.0,0
1999.0,Нет,Male,No,2.0,,,,0.0,3.0,0.0,,914323867220,New Delhi,M,12.0,2013.0,2.0,0
1999.0,Нет,Male,,2.0,18.0,Овен,28.0,0.0,3.0,,PHD,914323867220,,M,12.0,2013.0,,0
1989.0,Нет,Male,No,2.0,422.0,Дева,38.0,4.0,3.0,0.0,,914076638968,Bangalore,M,3.0,2016.0,3.0,0
1989.0,,Male,No,2.0,422.0,,38.0,4.0,,0.0,Bachelors,914076638968,Bangalore,M,3.0,2016.0,3.0,0
1989.0,,,No,2.0,422.0,,38.0,4.0,3.0,0.0,,914076638968,Bangalore,,3.0,2016.0,3.0,0
1989.0,Нет,Male,No,2.0,,,38.0,4.0,,,Bachelors,914076638968,Bangalore,M,3.0,2016.0,3.0,0
,Нет,Male,No,2.0,422.0,Дева,38.0,4.0,3.0,0.0,Bachelors,914076638968,Bangalore,M,3.0,,,0
,Нет,Female,,2.0,,,39.0,8.0,3.0,,,914044402999,,S,2.0,2014.0,,0
1988.0,Нет,Female,No,,333.0,Близнецы,39.0,8.0,3.0,1.0,Masters,914044402999,Pune,S,2.0,2014.0,,0
1993.0,Нет,,No,4.0,114.0,Козерог,32.0,6.0,3.0,1.0,Bachelors,911488282691,Pune,L,5.0,2013.0,4.0,0
1993.0,Нет,Male,No,4.0,114.0,,32.0,6.0,,1.0,Bachelors,911488282691,,L,5.0,2013.0,4.0,0
1990.0,Да,,,2.0,,Дева,36.0,10.0,2.0,0.0,,918135131025,Pune,L,14.0,2017.0,1.0,1
1990.0,Да,Male,No,,72.0,Дева,36.0,10.0,2.0,0.0,Masters,918135131025,Pune,L,,2017.0,,1
,Да,Male,No,2.0,72.0,Дева,36.0,10.0,2.0,0.0,,918135131025,Pune,L,14.0,,1.0,1
1996.0,,,,3.0,454.0,Овен,29.0,,3.0,1.0,Masters,917326137751,New Delhi,XXL,6.0,2013.0,,0
1996.0,Нет,,,3.0,,Овен,29.0,,3.0,1.0,,917326137751,New Delhi,XXL,6.0,2013.0,2.0,0
1996.0,Нет,Male,No,,454.0,Овен,29.0,,,1.0,Masters,917326137751,New Delhi,XXL,6.0,2013.0,2.0,0
,Нет,Male,No,3.0,,Овен,29.0,4.0,3.0,1.0,,917326137751,New Delhi,XXL,6.0,2013.0,,0
1995.0,Нет,Male,No,5.0,489.0,Рак,30.0,7.0,3.0,0.0,Bachelors,914746549429,Bangalore,L,3.0,2015.0,5.0,0
1995.0,Нет,Male,No,5.0,489.0,Рак,30.0,,3.0,0.0,Bachelors,914746549429,Bangalore,,3.0,,,0
1995.0,,Male,No,5.0,,,30.0,7.0,3.0,0.0,Bachelors,914746549429,,L,3.0,,,0
,Да,Male,,3.0,336.0,,25.0,10.0,,1.0,PHD,916552964233,,L,,2013.0,3.0,1
2000.0,Да,,No,,336.0,Весы,25.0,10.0,2.0,1.0,,916552964233,Bangalore,L,1.0,,3.0,1
2000.0,Да,Male,No,3.0,336.0,,25.0,10.0,2.0,1.0,PHD,916552964233,Bangalore,L,1.0,2013.0,3.0,1
2000.0,Да,Male,,3.0,336.0,,25.0,10.0,,1.0,PHD,916552964233,Bangalore,L,1.0,2013.0,3.0,1
,Да,Male,No,3.0,336.0,Весы,25.0,10.0,2.0,1.0,PHD,916552964233,Bangalore,L,,2013.0,3.0,1
2004.0,Да,Female,No,0.0,,Дева,22.0,2.0,,1.0,Bachelors,911652508811,,S,9.0,,3.0,1
2004.0,Да,Female,No,0.0,473.0,,22.0,2.0,1.0,1.0,,911652508811,,S,9.0,2014.0,3.0,1
,Да,Female,No,0.0,473.0,Дева,22.0,,1.0,,Bachelors,911652508811,Pune,S,,2014.0,3.0,1
2004.0,Да,Female,No,0.0,473.0,Дева,,2.0,1.0,1.0,Bachelors,911652508811,Pune,S,9.0,2014.0,3.0,1
2004.0,Да,,No,0.0,473.0,,22.0,2.0,,1.0,,911652508811,Pune,S,,2014.0,3.0,1
1992.0,Нет,Male,,,426.0,Стрелец,34.0,0.0,3.0,,Bachelors,914948949151,Bangalore,S,11.0,2016.0,,0
1992.0,Нет,Male,,4.0,426.0,Стрелец,34.0,0.0,,1.0,Bachelors,914948949151,Bangalore,S,11.0,2016.0,1.0,0
1985.0,,Male,No,1.0,293.0,Овен,,,3.0,1.0,Bachelors,913225739513,,,,2018.0,2.0,1
,Да,Male,No,1.0,293.0,Овен,,3.0,3.0,1.0,Bachelors,913225739513,Bangalore,M,,,2.0,1
1985.0,Да,Male,No,1.0,293.0,Овен,40.0,3.0,3.0,1.0,Bachelors,913225739513,Bangalore,,,,2.0,1
2001.0,,Male,No,4.0,103.0,,26.0,,3.0,,PHD,918796437599,Bangalore,M,4.0,2013.0,3.0,0
,Нет,Male,,,266.0,Телец,28.0,8.0,3.0,0.0,Bachelors,918379945680,,M,14.0,2014.0,3.0,0
2001.0,Нет,Female,No,2.0,30.0,Скорпион,24.0,8.0,3.0,0.0,,919865006154,Bangalore,XL,0.0,2015.0,4.0,0
2001.0,Нет,Female,No,2.0,30.0,Скорпион,24.0,8.0,3.0,0.0,Bachelors,919865006154,Bangalore,XL,0.0,2015.0,4.0,0
,Да,Female,,2.0,463.0,Водолей,40.0,,3.0,1.0,,913775727823,Bangalore,XS,,2017.0,3.0,1
2004.0,Да,Female,No,1.0,415.0,Козерог,23.0,1.0,3.0,0.0,,915012828457,,S,9.0,2018.0,4.0,1
2004.0,Да,Female,,1.0,415.0,Козерог,23.0,,,0.0,Bachelors,915012828457,Bangalore,S,9.0,2018.0,4.0,1
1995.0,Нет,,No,4.0,246.0,,31.0,3.0,3.0,1.0,Masters,914061288427,Bangalore,M,12.0,2017.0,2.0,0
,Нет,,No,3.0,119.0,Близнецы,25.0,9.0,,0.0,Bachelors,914110186140,Pune,,1.0,2014.0,2.0,0
2002.0,Нет,Female,,3.0,,Близнецы,,9.0,,0.0,Bachelors,914110186140,Pune,XS,,,2.0,0
2002.0,Нет,Female,No,3.0,119.0,,,9.0,3.0,,,914110186140,Pune,XS,1.0,,2.0,0
1998.0,Нет,Male,,5.0,,Дева,27.0,6.0,1.0,0.0,Bachelors,915021295119,Bangalore,,11.0,2014.0,3.0,0
2001.0,Да,Female,No,3.0,248.0,Рыбы,25.0,3.0,2.0,0.0,Masters,914927216766,New Delhi,,4.0,2017.0,2.0,1
2001.0,Да,Female,No,3.0,248.0,Рыбы,25.0,3.0,2.0,0.0,,914927216766,New Delhi,M,4.0,2017.0,2.0,1
1986.0,Да,,No,0.0,419.0,Водолей,40.0,7.0,3.0,,Bachelors,913292563144,,L,,2015.0,1.0,1
1986.0,,Male,No,0.0,419.0,Водолей,,7.0,3.0,0.0,Bachelors,913292563144,,,2.0,2015.0,1.0,1
1986.0,Да,,No,0.0,,Водолей,40.0,7.0,3.0,0.0,Bachelors,913292563144,Bangalore,L,2.0,2015.0,1.0,1
1986.0,Да,Male,No,0.0,419.0,,40.0,7.0,3.0,,Bachelors,913292563144,Bangalore,,,2015.0,1.0,1
1986.0,Да,Male,No,,419.0,Водолей,40.0,7.0,3.0,0.0,Bachelors,913292563144,Bangalore,L,2.0,2015.0,1.0,1
2004.0,,Female,No,1.0,,Рак,23.0,3.0,1.0,1.0,Bachelors,914300166426,Bangalore,,12.0,2014.0,2.0,0
2004.0,,Female,,1.0,57.0,Рак,23.0,,1.0,1.0,Bachelors,914300166426,Bangalore,L,12.0,,,0
2004.0,Нет,Female,,1.0,57.0,Рак,,3.0,,1.0,Bachelors,914300166426,,L,12.0,,2.0,0
2004.0,Нет,Female,No,1.0,,Телец,23.0,,3.0,0.0,Bachelors,912620970987,Bangalore,M,9.0,2017.0,3.0,0
2004.0,Нет,Female,No,1.0,45.0,Телец,23.0,,,0.0,Bachelors,912620970987,Bangalore,M,9.0,2017.0,3.0,0
2004.0,Нет,Female,No,1.0,45.0,,23.0,1.0,3.0,,Bachelors,912620970987,Bangalore,,9.0,2017.0,3.0,0
1987.0,,Male,No,,393.0,Козерог,39.0,6.0,3.0,,,917958452623,Bangalore,S,8.0,2012.0,3.0,0
1987.0,Нет,Male,No,1.0,,Козерог,39.0,6.0,3.0,0.0,Bachelors,917958452623,Bangalore,S,8.0,2012.0,3.0,0
,Нет,Male,No,1.0,393.0,Козерог,39.0,6.0,3.0,,,917958452623,Bangalore,S,8.0,2012.0,,0
,Нет,Male,No,1.0,,,,4.0,1.0,0.0,,917014252591,New Delhi,L,,2015.0,,0
1990.0,Нет,,No,1.0,,Рак,37.0,4.0,1.0,0.0,PHD,917014252591,New Delhi,L,8.0,,2.0,0
1990.0,Нет,Male,No,1.0,470.0,Рак,37.0,4.0,1.0,0.0,,917014252591,New Delhi,L,8.0,,2.0,0
1990.0,Нет,,No,1.0,470.0,Рак,37.0,4.0,1.0,0.0,PHD,917014252591,New Delhi,L,,2015.0,2.0,0
1989.0,Нет,,No,2.0,,,38.0,,3.0,1.0,Bachelors,917237876082,Pune,M,0.0,2017.0,3.0,0
1989.0,Нет,Male,No,2.0,160.0,Весы,38.0,2.0,3.0,1.0,Bachelors,917237876082,Pune,M,0.0,2017.0,3.0,0
1994.0,,Female,No,0.0,152.0,,31.0,,3.0,0.0,Bachelors,916289321758,Bangalore,L,11.0,2013.0,,1
1989.0,Нет,Male,No,5.0,440.0,Стрелец,38.0,0.0,3.0,1.0,Bachelors,916638664380,Bangalore,L,,2016.0,2.0,0
2001.0,Нет,Female,No,3.0,437.0,Близнецы,,9.0,3.0,0.0,Bachelors,917346734011,,,,2017.0,2.0,0
,Нет,,No,3.0,437.0,Близнецы,25.0,9.0,,0.0,Bachelors,917346734011,,M,2.0,,,0
,Да,,Yes,5.0,423.0,Близнецы,27.0,1.0,3.0,0.0,Bachelors,918990924084,Bangalore,S,13.0,2015.0,,1
1989.0,Да,Male,No,0.0,199.0,Скорпион,36.0,3.0,,1.0,Bachelors,914799940964,Pune,,3.0,2016.0,,1
,Да,Male,No,,,,36.0,3.0,2.0,1.0,,914799940964,,XL,3.0,2016.0,1.0,1
1989.0,,Male,No,0.0,,,,3.0,2.0,1.0,Bachelors,914799940964,Pune,XL,,,1.0,1
1989.0,Да,,No,0.0,,Скорпион,,3.0,,1.0,,914799940964,Pune,XL,3.0,2016.0,1.0,1
,Да,,No,0.0,199.0,Скорпион,36.0,3.0,,1.0,Bachelors,914799940964,Pune,XL,3.0,2016.0,,1
,Да,Female,No,5.0,264.0,Стрелец,,6.0,2.0,1.0,Bachelors,919917831386,Pune,L,12.0,2017.0,,1
1999.0,Да,,No,5.0,264.0,Стрелец,27.0,6.0,2.0,,Bachelors,919917831386,,L,12.0,2017.0,2.0,1
1999.0,Да,Female,No,5.0,264.0,Стрелец,27.0,6.0,2.0,1.0,Bachelors,919917831386,Pune,L,,,2.0,1
1994.0,Нет,Female,No,4.0,291.0,Весы,,6.0,2.0,0.0,Masters,917583032607,Pune,M,6.0,2015.0,5.0,0
1994.0,Нет,Female,No,,291.0,Весы,,6.0,2.0,0.0,Masters,917583032607,Pune,M,6.0,,5.0,0
,Нет,,No,,291.0,Весы,32.0,6.0,,0.0,Masters,917583032607,,,6.0,2015.0,5.0,0
1994.0,Нет,Female,,4.0,291.0,Весы,,6.0,2.0,0.0,Masters,917583032607,Pune,,6.0,2015.0,5.0,0
1998.0,Нет,Male,No,4.0,420.0,Козерог,28.0,1.0,3.0,1.0,Bachelors,917159736722,,,6.0,2014.0,3.0,0
1995.0,Нет,Male,No,,126.0,Скорпион,32.0,,,0.0,Masters,916597049255,New Delhi,,12.0,2012.0,2.0,0
1995.0,,,No,2.0,126.0,,32.0,7.0,3.0,0.0,Masters,916597049255,New Delhi,XL,12.0,,2.0,0
1995.0,Нет,Male,No,2.0,,Скорпион,32.0,,3.0,,Masters,916597049255,New Delhi,XL,12.0,,2.0,0
1995.0,Нет,Male,,,126.0,Скорпион,32.0,7.0,,0.0,Masters,916597049255,,XL,12.0,,2.0,0
1995.0,Да,Male,No,0.0,392.0,,30.0,7.0,3.0,0.0,Bachelors,913845036986,Bangalore,L,1.0,2018.0,1.0,1
1995.0,Да,Male,No,0.0,392.0,Водолей,30.0,7.0,3.0,,Bachelors,913845036986,Bangalore,,1.0,2018.0,1.0,1
1995.0,Да,Male,No,0.0,392.0,Водолей,30.0,,3.0,,Bachelors,913845036986,Bangalore,,1.0,,1.0,1
1995.0,Да,Male,No,0.0,,,30.0,7.0,3.0,,Bachelors,913845036986,,L,1.0,2018.0,1.0,1
2004.0,,,,0.0,,Весы,22.0,3.0,3.0,1.0,Bachelors,912170079361,New Delhi,L,10.0,,1.0,0
2004.0,Нет,,No,0.0,486.0,Весы,22.0,3.0,3.0,,,912170079361,New Delhi,L,,2015.0,1.0,0
2004.0,Нет,Male,No,,486.0,Весы,22.0,3.0,3.0,1.0,Bachelors,912170079361,New Delhi,L,10.0,2015.0,1.0,0
1993.0,Нет,Female,No,5.0,483.0,Водолей,34.0,1.0,2.0,0.0,Bachelors,913335832150,New Delhi,M,0.0,2017.0,,0
1993.0,Нет,Female,No,5.0,483.0,,34.0,1.0,2.0,0.0,Bachelors,913335832150,New Delhi,M,0.0,2017.0,5.0,0
1993.0,Нет,Female,No,5.0,483.0,Водолей,,,,0.0,Bachelors,913335832150,,,0.0,2017.0,5.0,0
1993.0,Нет,Female,No,5.0,483.0,,34.0,1.0,2.0,,Bachelors,913335832150,,,0.0,2017.0,5.0,0
1993.0,Нет,Female,No,5.0,483.0,Водолей,34.0,1.0,2.0,0.0,Bachelors,913335832150,,,0.0,,,0
1990.0,Нет,Male,No,2.0,255.0,,36.0,3.0,,,Masters,912709986212,,,15.0,2013.0,1.0,0
1987.0,Да,Male,No,3.0,484.0,Лев,39.0,9.0,,1.0,Bachelors,918980458492,Bangalore,M,,,3.0,1
,Да,Male,No,3.0,484.0,Лев,39.0,9.0,,1.0,Bachelors,918980458492,Bangalore,M,5.0,2014.0,3.0,1
2000.0,,Male,No,4.0,264.0,Скорпион,,3.0,3.0,1.0,PHD,912874859484,,L,6.0,,3.0,1
,Да,Male,No,4.0,,,26.0,3.0,3.0,,PHD,912874859484,Bangalore,L,,2018.0,3.0,1
2000.0,,Male,No,4.0,,Скорпион,26.0,3.0,3.0,1.0,PHD,912874859484,Bangalore,,6.0,2018.0,,1
2000.0,,Male,,4.0,264.0,Скорпион,26.0,3.0,,,PHD,912874859484,Bangalore,,6.0,2018.0,,1
,Да,,No,4.0,264.0,Скорпион,,3.0,3.0,1.0,PHD,912874859484,,L,,2018.0,,1
1995.0,Нет,Female,No,0.0,253.0,Рак,31.0,,3.0,1.0,Bachelors,913464187785,,,,2016.0,1.0,0
1995.0,Нет,Female,No,0.0,253.0,Рак,31.0,1.0,3.0,1.0,,913464187785,,S,1.0,2016.0,,0
1995.0,Нет,Female,,,253.0,Рак,,1.0,3.0,,Bachelors,913464187785,Bangalore,S,1.0,2016.0,,0
1995.0,Нет,Female,No,0.0,,,31.0,,3.0,1.0,,913464187785,Bangalore,S,1.0,2016.0,1.0,0
1995.0,Нет,Female,No,,253.0,Рак,,1.0,3.0,1.0,Bachelors,913464187785,,S,1.0,2016.0,1.0,0
1998.0,Да,Male,,5.0,497.0,Водолей,27.0,5.0,3.0,1.0,Bachelors,913663810695,Bangalore,M,,2014.0,4.0,1
1998.0,Да,,,5.0,497.0,Водолей,,5.0,3.0,,Bachelors,913663810695,,,14.0,2014.0,,1
,,Male,No,5.0,497.0,,27.0,,3.0,1.0,Bachelors,913663810695,Bangalore,M,14.0,2014.0,,1
1998.0,Да,Male,No,5.0,497.0,Водолей,,5.0,3.0,1.0,,913663810695,Bangalore,M,14.0,2014.0,4.0,1
1996.0,Нет,Female,No,0.0,236.0,Козерог,29.0,,3.0,0.0,Bachelors,916972268475,Bangalore,,10.0,,2.0,0
2001.0,Да,Female,No,2.0,56.0,,24.0,6.0,3.0,0.0,Bachelors,911242208594,Bangalore,M,5.0,,1.0,1
2001.0,Да,Female,,2.0,56.0,Рыбы,,6.0,3.0,0.0,Bachelors,911242208594,Bangalore,M,5.0,2015.0,1.0,1
2000.0,,Male,No,3.0,,Водолей,25.0,8.0,,1.0,Masters,914861267826,Pune,M,4.0,2012.0,2.0,1
2000.0,Да,Male,No,,414.0,Водолей,25.0,8.0,3.0,1.0,Masters,914861267826,Pune,M,,2012.0,2.0,1
2000.0,Да,,No,3.0,,Водолей,25.0,,3.0,,Masters,914861267826,Pune,M,4.0,2012.0,,1
,Да,Male,,3.0,414.0,Водолей,25.0,8.0,,1.0,Masters,914861267826,Pune,M,4.0,2012.0,2.0,1
2002.0,,Male,No,3.0,183.0,Козерог,25.0,5.0,3.0,0.0,Bachelors,914245912516,Pune,L,,2013.0,,0
2002.0,Нет,Male,No,3.0,183.0,,25.0,5.0,3.0,0.0,Bachelors,914245912516,Pune,L,0.0,2013.0,3.0,0
2000.0,Да,Female,No,4.0,319.0,Близнецы,26.0,5.0,,1.0,Masters,912178917242,,,13.0,2017.0,2.0,1
2000.0,Да,Female,No,4.0,319.0,,26.0,5.0,3.0,1.0,,912178917242,New Delhi,S,13.0,,2.0,1
1999.0,Да,Female,Yes,1.0,225.0,,28.0,10.0,2.0,0.0,Bachelors,914017106595,Pune,XL,0.0,2015.0,,1
1999.0,,Female,Yes,1.0,225.0,,28.0,10.0,2.0,0.0,Bachelors,914017106595,Pune,XL,,2015.0,2.0,1
,Да,Female,,,225.0,,,10.0,,0.0,Bachelors,914017106595,Pune,XL,0.0,2015.0,2.0,1
,,,Yes,1.0,225.0,Козерог,28.0,,2.0,,Bachelors,914017106595,Pune,XL,0.0,,2.0,1
1998.0,Нет,Male,No,2.0,408.0,Лев,28.0,0.0,3.0,0.0,,916193372640,New Delhi,M,,2017.0,5.0,0
,,,No,2.0,408.0,,28.0,0.0,3.0,0.0,Bachelors,916193372640,New Delhi,M,5.0,2017.0,5.0,0
1998.0,Нет,Male,No,2.0,408.0,,,,3.0,,Bachelors,916193372640,,M,,2017.0,5.0,0
,Нет,Male,No,,408.0,,28.0,0.0,3.0,0.0,Bachelors,916193372640,New Delhi,M,5.0,2017.0,5.0,0
1998.0,,Male,No,2.0,408.0,Лев,,0.0,3.0,0.0,Bachelors,916193372640,New Delhi,M,5.0,2017.0,5.0,0
1998.0,Да,,,3.0,125.0,,28.0,7.0,1.0,0.0,Masters,913599562497,,L,,2015.0,2.0,1
1998.0,Да,Female,No,3.0,,Овен,28.0,,,0.0,Masters,913599562497,Pune,,,2015.0,2.0,1
1998.0,Да,Female,No,3.0,125.0,Овен,28.0,7.0,1.0,0.0,Masters,913599562497,Pune,L,5.0,2015.0,2.0,1
2000.0,,Male,No,3.0,109.0,Рыбы,25.0,9.0,3.0,0.0,Masters,917367095434,,,,2015.0,2.0,0
1998.0,Нет,,No,1.0,466.0,Скорпион,28.0,1.0,3.0,0.0,,916499642848,,S,10.0,2017.0,5.0,0
,,,No,1.0,,Скорпион,28.0,1.0,3.0,0.0,Bachelors,916499642848,Bangalore,S,10.0,2017.0,5.0,0
1998.0,Нет,Male,No,1.0,,Скорпион,28.0,1.0,3.0,0.0,Bachelors,916499642848,Bangalore,,10.0,,5.0,0
2002.0,,Male,No,,334.0,,,,,,Masters,911976684362,Pune,L,4.0,2013.0,5.0,0
2002.0,Нет,,No,3.0,334.0,,25.0,9.0,3.0,,Masters,911976684362,Pune,L,,2013.0,5.0,0
2000.0,Да,Female,No,3.0,303.0,,25.0,9.0,2.0,0.0,Bachelors,914593395475,Bangalore,S,2.0,2015.0,5.0,1
,Да,Female,,3.0,303.0,Овен,25.0,9.0,2.0,0.0,Bachelors,914593395475,Bangalore,S,,2015.0,5.0,1
2000.0,Да,Female,No,3.0,303.0,Овен,25.0,9.0,2.0,0.0,Bachelors,914593395475,Bangalore,S,,,5.0,1
2000.0,Да,Female,No,3.0,303.0,Овен,25.0,9.0,2.0,0.0,Bachelors,914593395475,,S,2.0,2015.0,,1
,Да,Female,,3.0,,Овен,25.0,9.0,2.0,0.0,Bachelors,914593395475,,S,,2015.0,5.0,1
1999.0,,Female,No,,155.0,,27.0,2.0,,0.0,,911454528720,,,7.0,,1.0,0
,Нет,Female,No,5.0,155.0,,27.0,2.0,3.0,0.0,Bachelors,911454528720,Bangalore,S,7.0,2015.0,1.0,0
1999.0,Нет,Female,,,155.0,Лев,27.0,2.0,,,Bachelors,911454528720,Bangalore,S,7.0,2015.0,1.0,0
1999.0,,Female,No,5.0,155.0,Лев,27.0,2.0,3.0,0.0,,911454528720,,S,,2015.0,1.0,0
,Нет,Female,No,5.0,155.0,,,2.0,3.0,0.0,,911454528720,Bangalore,S,7.0,2015.0,,0
2000.0,,,No,5.0,375.0,Козерог,27.0,8.0,3.0,0.0,Bachelors,911352758346,Bangalore,S,2.0,2013.0,4.0,1
2000.0,Да,Male,,5.0,,Козерог,27.0,8.0,,0.0,Bachelors,911352758346,Bangalore,,2.0,2013.0,4.0,1
,Да,Male,No,5.0,375.0,Козерог,27.0,,3.0,0.0,Bachelors,911352758346,Bangalore,S,2.0,2013.0,,1
2000.0,Да,Male,No,5.0,,Козерог,27.0,8.0,3.0,0.0,,911352758346,Bangalore,S,,2013.0,4.0,1
,Нет,,No,3.0,113.0,Дева,25.0,3.0,3.0,0.0,Bachelors,915821139158,Bangalore,L,3.0,2012.0,3.0,0
1997.0,Нет,Male,No,2.0,238.0,Близнецы,28.0,,,0.0,,911417447124,New Delhi,M,9.0,2017.0,3.0,0
1997.0,,Male,No,,,Близнецы,28.0,9.0,2.0,0.0,Masters,911417447124,New Delhi,M,9.0,2017.0,3.0,0
2000.0,Да,,No,4.0,289.0,Овен,26.0,4.0,1.0,0.0,Bachelors,915115578407,Pune,M,10.0,2014.0,4.0,1
2000.0,,Female,No,4.0,289.0,Овен,26.0,,1.0,0.0,Bachelors,915115578407,Pune,M,,2014.0,4.0,1
2000.0,Да,Female,No,,289.0,Овен,26.0,4.0,,0.0,,915115578407,Pune,M,10.0,2014.0,,1
2000.0,Да,Female,,,289.0,Овен,26.0,4.0,1.0,0.0,Bachelors,915115578407,Pune,M,10.0,2014.0,4.0,1
,Нет,Male,No,2.0,493.0,Козерог,,6.0,3.0,1.0,Bachelors,915990834373,,,6.0,2015.0,5.0,0
,Нет,Male,No,2.0,493.0,Козерог,,6.0,3.0,1.0,,915990834373,Bangalore,L,6.0,2015.0,5.0,0
1997.0,Нет,Male,,2.0,493.0,,28.0,6.0,3.0,1.0,Bachelors,915990834373,Bangalore,,6.0,2015.0,5.0,0
1997.0,Нет,Male,No,2.0,493.0,Козерог,,6.0,3.0,1.0,Bachelors,915990834373,Bangalore,L,,2015.0,5.0,0
2001.0,Нет,Male,No,,38.0,Рак,26.0,7.0,3.0,0.0,Masters,919403992162,New Delhi,XL,11.0,2013.0,4.0,0
2001.0,Нет,Male,No,4.0,38.0,Рак,,,3.0,0.0,,919403992162,New Delhi,XL,11.0,,4.0,0
,Нет,Male,No,,38.0,Рак,26.0,7.0,,,Masters,919403992162,New Delhi,XL,,2013.0,4.0,0
2001.0,Нет,Male,No,4.0,38.0,Рак,,,3.0,0.0,Masters,919403992162,New Delhi,,11.0,,,0
2000.0,Нет,Female,No,4.0,,Рыбы,,1.0,3.0,1.0,,919945380096,Bangalore,S,,,,0
2000.0,,,No,,424.0,,25.0,7.0,2.0,0.0,Bachelors,913181180987,New Delhi,L,10.0,2017.0,1.0,0
2000.0,,Male,No,3.0,424.0,,,7.0,2.0,,Bachelors,913181180987,,L,10.0,2017.0,1.0,0
2000.0,Нет,Male,No,,424.0,Весы,,,2.0,0.0,,913181180987,New Delhi,L,10.0,2017.0,,0
2000.0,Нет,Male,No,3.0,424.0,,,7.0,2.0,,Bachelors,913181180987,New Delhi,L,10.0,2017.0,,0
2000.0,Нет,Male,No,3.0,424.0,Весы,25.0,7.0,,0.0,Bachelors,913181180987,,,10.0,2017.0,1.0,0
1997.0,Нет,,No,3.0,102.0,,28.0,6.0,1.0,1.0,Bachelors,917701805550,Bangalore,M,5.0,2012.0,1.0,0
,,Female,No,3.0,102.0,Близнецы,28.0,6.0,1.0,,Bachelors,917701805550,Bangalore,M,5.0,2012.0,1.0,0
1997.0,Нет,Female,No,3.0,102.0,Близнецы,28.0,6.0,1.0,1.0,Bachelors,917701805550,Bangalore,M,5.0,2012.0,1.0,0
1997.0,Нет,Female,,3.0,102.0,Близнецы,28.0,6.0,1.0,1.0,,917701805550,Bangalore,M,5.0,2012.0,1.0,0
1997.0,Нет,Female,No,,,Близнецы,28.0,6.0,1.0,,Bachelors,917701805550,Bangalore,,5.0,2012.0,1.0,0
2000.0,Нет,,,,70.0,Телец,26.0,1.0,3.0,0.0,PHD,917772536105,New Delhi,L,11.0,2015.0,2.0,0
,Нет,Male,No,4.0,70.0,,26.0,1.0,3.0,0.0,PHD,917772536105,New Delhi,L,11.0,2015.0,2.0,0
2000.0,Нет,Male,No,4.0,,Телец,26.0,1.0,3.0,0.0,PHD,917772536105,New Delhi,L,11.0,2015.0,2.0,0
2000.0,Нет,Male,No,,70.0,Телец,26.0,1.0,3.0,0.0,,917772536105,New Delhi,L,11.0,,2.0,0
2000.0,Нет,Male,No,4.0,,Телец,26.0,,3.0,0.0,PHD,917772536105,New Delhi,,11.0,,2.0,0
2001.0,Нет,,No,3.0,,Овен,25.0,1.0,3.0,1.0,Bachelors,914820791945,New Delhi,,,2015.0,1.0,0
2001.0,,Female,No,3.0,340.0,Овен,,1.0,,1.0,Bachelors,914820791945,,S,11.0,2015.0,1.0,0
2001.0,Нет,Female,No,3.0,,,25.0,1.0,3.0,,Bachelors,914820791945,,S,,,1.0,0
2001.0,Да,Male,,,,Овен,26.0,6.0,3.0,1.0,Bachelors,919108535424,Bangalore,M,1.0,2012.0,5.0,1
,Да,Male,No,4.0,168.0,Овен,26.0,,,1.0,Bachelors,919108535424,Bangalore,M,,2012.0,5.0,1
2001.0,,Male,No,4.0,168.0,,,6.0,3.0,1.0,Bachelors,919108535424,Bangalore,,1.0,2012.0,5.0,1
2001.0,Да,Male,No,4.0,168.0,Овен,26.0,6.0,3.0,1.0,,919108535424,Bangalore,,1.0,2012.0,,1
1998.0,Нет,Female,No,3.0,340.0,Водолей,28.0,10.0,3.0,1.0,Bachelors,914914021225,Bangalore,S,5.0,2014.0,4.0,0
2003.0,Нет,Male,No,2.0,,Скорпион,24.0,1.0,3.0,1.0,,919589563211,,L,14.0,2014.0,2.0,0
,Нет,Male,,2.0,19.0,Скорпион,24.0,,3.0,1.0,Masters,919589563211,Pune,L,14.0,2014.0,2.0,0
2003.0,,,No,2.0,19.0,Скорпион,24.0,1.0,,1.0,,919589563211,,L,14.0,2014.0,2.0,0
1999.0,Нет,Male,,1.0,370.0,Близнецы,28.0,7.0,3.0,0.0,Bachelors,912181966168,Bangalore,M,12.0,2013.0,1.0,0
1999.0,Нет,Male,No,1.0,370.0,Близнецы,28.0,7.0,3.0,0.0,Bachelors,912181966168,Bangalore,,12.0,2013.0,1.0,0
1999.0,Нет,Male,,1.0,370.0,Близнецы,28.0,7.0,,,Bachelors,912181966168,Bangalore,M,12.0,,1.0,0
,Нет,Male,No,,138.0,Телец,27.0,,3.0,,Bachelors,915434124117,Pune,L,,2015.0,1.0,0
1999.0,,Male,No,5.0,,Телец,27.0,,3.0,1.0,Bachelors,915434124117,,L,9.0,2015.0,1.0,0
,,Male,,5.0,138.0,Телец,27.0,7.0,3.0,1.0,Bachelors,915434124117,Pune,L,9.0,2015.0,1.0,0
1999.0,Нет,Male,No,5.0,,Телец,27.0,,3.0,1.0,Bachelors,915434124117,Pune,L,9.0,,1.0,0
1999.0,Нет,Male,No,5.0,138.0,,,7.0,,1.0,Bachelors,915434124117,Pune,L,9.0,2015.0,1.0,0
2002.0,,Male,,3.0,162.0,Рак,25.0,,3.0,1.0,Bachelors,913837108838,Bangalore,L,,2018.0,1.0,1
2002.0,Да,Male,,3.0,162.0,Рак,25.0,5.0,3.0,1.0,Bachelors,913837108838,Bangalore,,14.0,2018.0,1.0,1
2002.0,Да,Male,No,3.0,162.0,Рак,25.0,5.0,3.0,1.0,Bachelors,913837108838,,L,14.0,,1.0,1
,Да,Male,,3.0,162.0,Рак,25.0,5.0,3.0,1.0,,913837108838,Bangalore,L,14.0,,,1
2002.0,,,,2.0,128.0,Рыбы,24.0,7.0,,1.0,Masters,913259982446,,M,7.0,2013.0,1.0,1
2002.0,Да,Male,No,2.0,128.0,Рыбы,,7.0,,1.0,,913259982446,,,7.0,2013.0,1.0,1
2002.0,,Male,,2.0,128.0,Рыбы,24.0,,,1.0,Masters,913259982446,Pune,M,7.0,2013.0,1.0,1
,Да,Male,No,,128.0,Рыбы,24.0,,1.0,1.0,Masters,913259982446,Pune,M,7.0,2013.0,1.0,1
,Да,,No,1.0,78.0,Водолей,28.0,10.0,3.0,0.0,Bachelors,918634382919,Bangalore,L,7.0,2013.0,5.0,1
1998.0,Да,Male,No,1.0,,,28.0,10.0,3.0,0.0,Bachelors,918634382919,Bangalore,L,7.0,,5.0,1
1998.0,Да,Male,No,,78.0,Водолей,,10.0,3.0,0.0,Bachelors,918634382919,,,7.0,,,1
1999.0,Нет,,No,5.0,56.0,Скорпион,,10.0,3.0,,Masters,917918338468,New Delhi,M,3.0,2016.0,,0
1999.0,Нет,Male,No,5.0,56.0,,27.0,10.0,,0.0,Masters,917918338468,New Delhi,M,,2016.0,1.0,0
1999.0,Нет,Male,No,4.0,101.0,,26.0,5.0,3.0,0.0,Masters,916000292359,Bangalore,M,12.0,2017.0,,0
2002.0,Нет,,No,,421.0,Козерог,24.0,7.0,2.0,1.0,Masters,913059651290,New Delhi,S,,2017.0,3.0,0
1999.0,,Male,No,4.0,98.0,Рыбы,26.0,,3.0,1.0,Masters,917418883351,New Delhi,M,2.0,,,1
2002.0,Да,,No,,98.0,,25.0,9.0,1.0,0.0,Masters,913452967765,New Delhi,M,0.0,2017.0,,1
,,Female,No,3.0,98.0,Стрелец,25.0,9.0,,0.0,Masters,913452967765,New Delhi,M,0.0,2017.0,2.0,1
,,Female,No,,98.0,Стрелец,25.0,9.0,1.0,,,913452967765,New Delhi,,0.0,2017.0,,1
2002.0,Да,Female,No,3.0,98.0,Стрелец,25.0,9.0,1.0,0.0,,913452967765,,M,0.0,2017.0,2.0,1
1997.0,Нет,Male,No,2.0,11.0,Водолей,,8.0,3.0,1.0,Bachelors,911621003336,Pune,,13.0,2012.0,2.0,0
,Нет,Male,No,2.0,11.0,Водолей,28.0,8.0,,1.0,Bachelors,911621003336,Pune,M,13.0,2012.0,2.0,0
1997.0,Нет,Male,No,2.0,11.0,Водолей,,8.0,,1.0,Bachelors,911621003336,Pune,M,,,,0
1997.0,,Male,No,2.0,11.0,Водолей,28.0,8.0,,,Bachelors,911621003336,,M,,2012.0,2.0,0
1999.0,Нет,Male,No,,143.0,Телец,26.0,9.0,3.0,1.0,Bachelors,919670380982,Bangalore,XL,15.0,2013.0,5.0,0
1999.0,Нет,Male,No,,143.0,Телец,26.0,9.0,3.0,,Bachelors,919670380982,Bangalore,XL,15.0,2013.0,5.0,0
,Нет,Male,No,4.0,143.0,,26.0,9.0,,1.0,Bachelors,919670380982,Bangalore,XL,15.0,2013.0,,0
1998.0,,Male,No,5.0,110.0,Лев,,3.0,3.0,0.0,,915844591390,,M,15.0,2013.0,1.0,1
1998.0,,Male,No,5.0,,,27.0,3.0,3.0,0.0,Masters,915844591390,,M,,2013.0,,1
1998.0,Да,Male,No,5.0,110.0,Лев,,3.0,3.0,,Masters,915844591390,New Delhi,M,15.0,2013.0,1.0,1
2001.0,Да,Female,No,2.0,34.0,Близнецы,,7.0,2.0,1.0,Bachelors,917435779679,Pune,S,9.0,,2.0,1
1999.0,Нет,Female,No,2.0,64.0,Дева,28.0,5.0,3.0,,Bachelors,911567822127,New Delhi,XS,7.0,,3.0,0
2001.0,Нет,Male,,4.0,82.0,Стрелец,,10.0,3.0,0.0,,912030356295,Bangalore,M,4.0,2016.0,,0
,Нет,,No,4.0,82.0,Стрелец,26.0,,,,,912030356295,Bangalore,M,4.0,,1.0,0
2001.0,Нет,Male,No,4.0,82.0,Стрелец,,10.0,,0.0,Bachelors,912030356295,Bangalore,,4.0,2016.0,1.0,0
2001.0,Нет,Male,No,4.0,82.0,,26.0,10.0,3.0,0.0,,912030356295,,M,4.0,2016.0,1.0,0
2001.0,Нет,Male,No,,,,26.0,10.0,3.0,0.0,Bachelors,912030356295,Bangalore,M,4.0,,1.0,0
1998.0,,Female,No,5.0,18.0,Козерог,27.0,9.0,3.0,,Bachelors,915983959468,Bangalore,M,11.0,2013.0,1.0,0
1999.0,,Female,No,3.0,82.0,Рак,28.0,1.0,2.0,1.0,,916462847543,Pune,L,0.0,,2.0,0
1999.0,Нет,Female,No,,82.0,Рак,,1.0,2.0,1.0,Masters,916462847543,Pune,L,,2015.0,2.0,0
,Нет,Male,No,3.0,29.0,Рыбы,,2.0,,0.0,Bachelors,913752414834,Bangalore,XL,3.0,2014.0,3.0,0
,,Male,No,3.0,29.0,Рыбы,25.0,2.0,3.0,0.0,Bachelors,913752414834,Bangalore,XL,,2014.0,3.0,0
2002.0,Нет,,No,3.0,29.0,Рыбы,25.0,2.0,3.0,0.0,Bachelors,913752414834,Bangalore,XL,,,3.0,0
2002.0,Нет,,No,3.0,29.0,Рыбы,25.0,2.0,3.0,0.0,Bachelors,913752414834,Bangalore,XL,3.0,2014.0,3.0,0
2002.0,,Male,No,3.0,29.0,Рыбы,,2.0,3.0,0.0,,913752414834,Bangalore,XL,,2014.0,3.0,0
1998.0,Нет,Male,No,,423.0,Водолей,28.0,1.0,3.0,0.0,Bachelors,915180674773,,,,,1.0,0
2002.0,Да,,,3.0,356.0,Дева,25.0,6.0,1.0,0.0,Masters,911785252820,Bangalore,S,,,,1
2002.0,Да,Male,No,3.0,356.0,Дева,25.0,6.0,1.0,0.0,Masters,911785252820,Bangalore,S,,2013.0,2.0,1
,Нет,,No,4.0,97.0,Дева,26.0,2.0,,1.0,Bachelors,916417674404,Pune,L,6.0,2015.0,,0
2000.0,Нет,Male,No,,,,26.0,2.0,,,,916417674404,Pune,L,6.0,,4.0,0
2000.0,Да,,No,5.0,395.0,Водолей,,,3.0,1.0,Bachelors,911845667131,,S,1.0,2018.0,4.0,1
2001.0,,Male,,2.0,,,24.0,3.0,3.0,1.0,Bachelors,915587353659,Bangalore,S,3.0,2016.0,5.0,1
2001.0,Да,Male,No,2.0,460.0,Телец,24.0,3.0,3.0,,Bachelors,915587353659,Bangalore,S,3.0,,5.0,1
2001.0,Да,Male,No,,460.0,,24.0,3.0,3.0,1.0,,915587353659,Bangalore,,,2016.0,5.0,1
,Да,Female,No,2.0,387.0,,24.0,0.0,2.0,0.0,Bachelors,912990066249,Pune,S,,,3.0,1
2003.0,Да,Female,No,2.0,,Водолей,,0.0,2.0,0.0,Bachelors,912990066249,Pune,S,14.0,,3.0,1
,Да,Female,,2.0,387.0,Водолей,24.0,0.0,,0.0,Bachelors,912990066249,Pune,,14.0,2012.0,3.0,1
2001.0,Нет,Male,No,4.0,126.0,Рыбы,,0.0,3.0,,Bachelors,912908528027,,,3.0,2014.0,1.0,0
2001.0,Нет,Male,No,4.0,126.0,Рыбы,26.0,0.0,3.0,1.0,Bachelors,912908528027,Bangalore,L,,2014.0,1.0,0
2001.0,Нет,Male,No,4.0,126.0,Рыбы,26.0,0.0,3.0,1.0,Bachelors,912908528027,Bangalore,,3.0,2014.0,1.0,0
2002.0,,,No,2.0,112.0,Близнецы,,4.0,2.0,,Bachelors,916912670016,Pune,,12.0,2016.0,1.0,1
2002.0,Да,,No,2.0,112.0,Близнецы,24.0,4.0,2.0,1.0,Bachelors,916912670016,Pune,XS,12.0,2016.0,1.0,1
,,,No,,,Близнецы,24.0,4.0,,1.0,Bachelors,916912670016,Pune,XS,12.0,2016.0,1.0,1
,,,No,4.0,156.0,Лев,26.0,0.0,3.0,1.0,Masters,911537104194,New Delhi,M,14.0,2012.0,1.0,0
1999.0,Нет,Female,No,3.0,341.0,Весы,28.0,3.0,3.0,0.0,Bachelors,916813228374,Bangalore,M,9.0,2013.0,4.0,0
1999.0,Нет,,,3.0,,,28.0,3.0,3.0,0.0,,916813228374,Bangalore,,9.0,2013.0,4.0,0
2003.0,Нет,Male,,,459.0,Водолей,24.0,1.0,3.0,0.0,Bachelors,919374434960,Bangalore,S,5.0,2012.0,4.0,1
,Да,,No,3.0,133.0,Стрелец,25.0,6.0,,1.0,Bachelors,913498602611,,,15.0,2015.0,5.0,1
2002.0,Да,,No,3.0,,Стрелец,25.0,,3.0,1.0,Bachelors,913498602611,Bangalore,L,15.0,2015.0,5.0,1
1997.0,,Male,No,,151.0,Лев,28.0,,,1.0,Bachelors,916960950401,Bangalore,L,8.0,2016.0,,0
1997.0,Нет,Male,,3.0,151.0,Лев,28.0,1.0,3.0,1.0,Bachelors,916960950401,Bangalore,L,,,3.0,0
1997.0,Нет,Male,No,,151.0,Лев,28.0,1.0,,1.0,Bachelors,916960950401,Bangalore,L,8.0,2016.0,3.0,0
1997.0,Нет,Male,No,3.0,,,28.0,1.0,3.0,,Bachelors,916960950401,,L,8.0,2016.0,3.0,0
1997.0,Нет,,No,3.0,151.0,Лев,,,3.0,1.0,Bachelors,916960950401,Bangalore,L,8.0,2016.0,,0
1999.0,Нет,Female,No,4.0,48.0,Близнецы,,3.0,3.0,0.0,,916691020889,Bangalore,S,,,3.0,0
1999.0,Нет,Female,,4.0,48.0,Близнецы,,3.0,,,Bachelors,916691020889,Bangalore,S,4.0,2013.0,3.0,0
2003.0,,Female,No,,276.0,Рак,24.0,8.0,,0.0,Masters,912625108136,New Delhi,M,7.0,2017.0,2.0,1
2003.0,Да,,No,2.0,276.0,Рак,24.0,,3.0,0.0,,912625108136,New Delhi,M,7.0,2017.0,,1
2000.0,Да,Male,No,3.0,151.0,Скорпион,,2.0,,0.0,Bachelors,914298522464,Bangalore,M,14.0,2016.0,5.0,1
,Да,Male,No,3.0,,Скорпион,,,3.0,0.0,Bachelors,914298522464,Bangalore,M,14.0,2016.0,5.0,1
2000.0,Да,Male,No,3.0,151.0,Скорпион,25.0,2.0,3.0,0.0,,914298522464,Bangalore,M,14.0,,5.0,1
2000.0,Да,Male,No,3.0,151.0,Скорпион,,,3.0,0.0,Bachelors,914298522464,Bangalore,M,,2016.0,,1
2000.0,,Male,No,3.0,151.0,Скорпион,25.0,2.0,3.0,0.0,Bachelors,914298522464,Bangalore,M,14.0,2016.0,,1
2001.0,Нет,Male,No,3.0,283.0,Весы,25.0,,,,Bachelors,917297403791,Bangalore,S,3.0,2015.0,1.0,0
2001.0,Нет,Male,No,3.0,283.0,,25.0,0.0,3.0,0.0,Bachelors,917297403791,Bangalore,S,3.0,2015.0,1.0,0
2001.0,Нет,Male,No,,283.0,,25.0,0.0,3.0,0.0,Bachelors,917297403791,Bangalore,S,3.0,2015.0,1.0,0
1999.0,Нет,Male,No,5.0,82.0,Телец,,8.0,,0.0,Bachelors,911782715555,Bangalore,L,6.0,2014.0,,0
1999.0,Нет,Male,No,5.0,82.0,Телец,27.0,8.0,3.0,0.0,Bachelors,911782715555,Bangalore,L,6.0,2014.0,1.0,0
1999.0,Нет,,,5.0,82.0,,27.0,8.0,,0.0,Bachelors,911782715555,Bangalore,,6.0,2014.0,,0
1999.0,Нет,Male,No,5.0,82.0,,,,3.0,0.0,,911782715555,Bangalore,L,6.0,,1.0,0
1999.0,Нет,,No,,82.0,Телец,27.0,8.0,3.0,0.0,,911782715555,Bangalore,L,,,1.0,0
2003.0,Нет,Male,No,2.0,235.0,Стрелец,,4.0,3.0,0.0,Bachelors,917077042326,,XL,13.0,,2.0,0
2003.0,,Male,No,2.0,235.0,Стрелец,,,3.0,,Bachelors,917077042326,,XL,13.0,2012.0,,0
2003.0,Нет,Male,No,2.0,,Стрелец,24.0,,3.0,0.0,Bachelors,917077042326,Bangalore,XL,13.0,2012.0,2.0,0
1999.0,Нет,Male,No,,487.0,Водолей,,10.0,3.0,1.0,Bachelors,911864974940,Bangalore,XXL,,2015.0,4.0,0
2000.0,Да,Male,No,4.0,31.0,Водолей,26.0,3.0,3.0,1.0,Masters,917434357980,New Delhi,XL,1.0,2015.0,1.0,1
2000.0,Да,Male,,4.0,,Водолей,26.0,,3.0,1.0,Masters,917434357980,,XL,,2015.0,1.0,1
2000.0,Да,,,4.0,31.0,Водолей,26.0,,3.0,1.0,Masters,917434357980,New Delhi,XL,1.0,2015.0,1.0,1
,Нет,Female,,1.0,,Телец,28.0,8.0,3.0,,Bachelors,913444349368,,M,,2014.0,3.0,0
1999.0,Нет,Female,No,,,Телец,28.0,8.0,3.0,1.0,Bachelors,913444349368,,M,15.0,2014.0,3.0,0
1999.0,,,No,1.0,,Телец,28.0,8.0,3.0,1.0,Bachelors,913444349368,New Delhi,M,15.0,2014.0,3.0,0
1999.0,Нет,Female,No,1.0,277.0,Телец,28.0,8.0,3.0,1.0,,913444349368,New Delhi,M,,2014.0,3.0,0
2001.0,Нет,Male,No,3.0,396.0,Овен,25.0,5.0,3.0,,Bachelors,913475729052,Pune,L,,2015.0,,0
2001.0,Нет,Male,No,,,Овен,25.0,5.0,3.0,1.0,Bachelors,913475729052,Pune,,,2015.0,5.0,0
2001.0,Нет,Male,,3.0,396.0,Овен,25.0,5.0,3.0,1.0,Bachelors,913475729052,Pune,,15.0,2015.0,5.0,0
2001.0,Нет,Male,No,,396.0,,25.0,5.0,3.0,1.0,Bachelors,913475729052,Pune,L,15.0,,5.0,0
2001.0,,Male,No,3.0,396.0,,25.0,5.0,3.0,1.0,Bachelors,913475729052,Pune,L,15.0,2015.0,5.0,0
,,Female,,2.0,240.0,,28.0,2.0,,0.0,,913571241225,Pune,S,1.0,2015.0,5.0,0
1997.0,Нет,Female,No,2.0,240.0,Весы,28.0,2.0,,,Masters,913571241225,Pune,S,,2015.0,5.0,0
1997.0,Нет,Female,No,2.0,240.0,Весы,,,2.0,0.0,Masters,913571241225,Pune,S,1.0,2015.0,5.0,0
,Нет,Female,No,2.0,,,28.0,2.0,,0.0,,913571241225,Pune,S,1.0,,5.0,0
1997.0,Нет,Female,No,,240.0,Весы,28.0,2.0,2.0,0.0,Masters,913571241225,Pune,S,1.0,2015.0,5.0,0
1999.0,Нет,Female,No,5.0,23.0,Весы,27.0,5.0,3.0,0.0,Bachelors,918238713289,Bangalore,M,3.0,2014.0,1.0,0
2002.0,Нет,Female,No,,438.0,,24.0,8.0,3.0,1.0,Bachelors,916103142912,New Delhi,S,8.0,2014.0,2.0,0
,Нет,Female,No,2.0,,Овен,24.0,8.0,3.0,1.0,Bachelors,916103142912,New Delhi,S,8.0,2014.0,2.0,0
1998.0,Да,Male,,,,Лев,27.0,,3.0,1.0,,912017171738,Bangalore,XL,6.0,,,1
1998.0,Да,Male,No,,238.0,Лев,27.0,0.0,3.0,,Bachelors,912017171738,Bangalore,XL,6.0,,2.0,1
1998.0,,Male,No,,238.0,Лев,27.0,0.0,,1.0,,912017171738,,,6.0,2012.0,,1
1999.0,Да,Male,No,5.0,223.0,,27.0,0.0,3.0,,Masters,917411818147,New Delhi,S,1.0,2017.0,,1
2000.0,Да,Female,,4.0,24.0,,26.0,2.0,2.0,1.0,,914646693649,Bangalore,S,,2015.0,4.0,1
2000.0,Нет,Female,No,5.0,297.0,Овен,27.0,6.0,3.0,1.0,Bachelors,913268889051,Pune,S,1.0,2012.0,1.0,0
,Нет,Female,No,5.0,297.0,Овен,,,,1.0,Bachelors,913268889051,Pune,S,1.0,2012.0,1.0,0
1998.0,,Male,Yes,2.0,163.0,Овен,28.0,2.0,3.0,0.0,Masters,913940332015,,M,8.0,2017.0,1.0,0
1998.0,Нет,Male,Yes,2.0,163.0,Овен,,2.0,3.0,0.0,Masters,913940332015,New Delhi,M,8.0,2017.0,,0
1998.0,Нет,,Yes,2.0,163.0,Овен,,2.0,,0.0,,913940332015,New Delhi,,8.0,,,0
1998.0,Нет,Male,Yes,2.0,163.0,Овен,28.0,2.0,3.0,0.0,Masters,913940332015,New Delhi,M,,2017.0,1.0,0
2000.0,Нет,Female,Yes,5.0,9.0,Козерог,27.0,0.0,3.0,,,918464898324,,S,,,2.0,0
2000.0,Нет,Female,,5.0,,Козерог,27.0,0.0,3.0,0.0,Bachelors,918464898324,New Delhi,S,2.0,2013.0,2.0,0
,Нет,Female,Yes,5.0,9.0,Козерог,27.0,0.0,3.0,0.0,Bachelors,918464898324,New Delhi,S,2.0,,2.0,0
,,Male,,4.0,,Телец,26.0,5.0,3.0,1.0,,914615756487,,S,15.0,2015.0,3.0,0
2001.0,Нет,Male,No,,266.0,Телец,,5.0,3.0,,,914615756487,New Delhi,,,2015.0,3.0,0
2001.0,Нет,,No,4.0,266.0,Телец,26.0,,3.0,1.0,Bachelors,914615756487,New Delhi,S,15.0,2015.0,3.0,0
2001.0,Нет,,No,,266.0,Телец,26.0,,3.0,1.0,,914615756487,New Delhi,S,15.0,2015.0,3.0,0
,Нет,,No,4.0,,Телец,,5.0,3.0,,Bachelors,914615756487,,S,15.0,2015.0,,0
1999.0,Нет,,No,5.0,,Козерог,27.0,1.0,2.0,1.0,Bachelors,916539549554,Pune,L,8.0,2017.0,3.0,0
1999.0,Нет,Male,,5.0,256.0,Козерог,27.0,1.0,2.0,1.0,Bachelors,916539549554,Pune,L,8.0,2017.0,3.0,0
,Нет,Male,No,3.0,,Скорпион,25.0,5.0,3.0,,PHD,912745029696,,XL,4.0,,5.0,1
2002.0,Нет,Male,No,,105.0,Скорпион,25.0,,3.0,0.0,PHD,912745029696,New Delhi,XL,4.0,2018.0,5.0,1
2002.0,Нет,,No,,105.0,Скорпион,25.0,5.0,3.0,0.0,PHD,912745029696,New Delhi,,,2018.0,5.0,1
2002.0,Нет,Male,No,3.0,105.0,Скорпион,,5.0,3.0,,PHD,912745029696,New Delhi,XL,4.0,,5.0,1
,Нет,Male,No,3.0,105.0,,25.0,5.0,3.0,0.0,PHD,912745029696,New Delhi,XL,4.0,2018.0,5.0,1
1998.0,,Male,No,,317.0,Стрелец,27.0,10.0,3.0,1.0,Bachelors,911821867157,Pune,,,2014.0,2.0,0
1998.0,Нет,Male,No,,317.0,Стрелец,27.0,10.0,3.0,1.0,Bachelors,911821867157,Pune,L,15.0,2014.0,,0
1998.0,Нет,Male,No,5.0,317.0,Стрелец,,10.0,3.0,,,911821867157,Pune,,15.0,2014.0,,0
1998.0,Нет,Male,No,5.0,,Стрелец,,10.0,3.0,1.0,Bachelors,911821867157,Pune,L,15.0,2014.0,,0
1998.0,,,No,5.0,317.0,Стрелец,27.0,10.0,,1.0,Bachelors,911821867157,,L,15.0,,2.0,0
2001.0,Да,Female,No,2.0,274.0,Весы,24.0,1.0,2.0,,Masters,914903978614,Pune,L,14.0,,,1
2001.0,Да,Female,,2.0,274.0,Весы,,1.0,2.0,,,914903978614,Pune,L,14.0,2017.0,5.0,1
,,Female,No,2.0,,Весы,24.0,1.0,,1.0,Masters,914903978614,Pune,L,14.0,2017.0,,1
2001.0,Да,Female,No,2.0,274.0,Весы,24.0,1.0,2.0,1.0,Masters,914903978614,Pune,L,14.0,2017.0,5.0,1
1998.0,Да,Male,No,3.0,,,28.0,4.0,2.0,1.0,PHD,919649995513,New Delhi,,,2016.0,3.0,1
,,Male,,3.0,129.0,,,,2.0,,PHD,919649995513,,,5.0,2016.0,3.0,1
1999.0,Да,Male,Yes,,113.0,Рыбы,,1.0,2.0,0.0,Masters,914950357132,New Delhi,M,8.0,,,1
1999.0,Да,Male,Yes,5.0,113.0,Рыбы,27.0,1.0,2.0,,Masters,914950357132,,M,8.0,2017.0,,1
,Нет,Male,,5.0,19.0,Овен,27.0,3.0,3.0,0.0,PHD,918835683143,New Delhi,,12.0,2013.0,3.0,0
2000.0,Нет,Male,No,5.0,19.0,Овен,27.0,3.0,3.0,0.0,,918835683143,New Delhi,XL,12.0,2013.0,3.0,0
1997.0,Нет,Female,,1.0,,Дева,28.0,8.0,,0.0,Masters,915746940798,New Delhi,L,14.0,2014.0,5.0,0
1997.0,Нет,Female,,1.0,,Дева,,,3.0,0.0,Masters,915746940798,New Delhi,L,,2014.0,,0
2000.0,Нет,,No,5.0,343.0,Дева,27.0,,3.0,0.0,Bachelors,911440309769,Pune,,,2017.0,1.0,0
2000.0,,Male,No,5.0,343.0,,27.0,,3.0,,Bachelors,911440309769,,L,,2017.0,1.0,0
2001.0,,Male,No,4.0,,Козерог,26.0,3.0,3.0,0.0,,913855181448,Bangalore,,14.0,2014.0,,1
,,Male,No,4.0,341.0,Козерог,26.0,3.0,,0.0,Masters,913855181448,Bangalore,,14.0,2014.0,3.0,1
2000.0,Нет,,,5.0,,,27.0,,,0.0,Masters,919721765023,,XL,7.0,,3.0,0
2000.0,Нет,Male,No,5.0,,Рак,27.0,1.0,,,Masters,919721765023,,XL,7.0,2012.0,3.0,0
2000.0,Нет,Male,No,5.0,,Рак,27.0,1.0,,0.0,Masters,919721765023,Pune,XL,7.0,2012.0,3.0,0
2000.0,Нет,,No,5.0,369.0,,27.0,,3.0,0.0,Masters,919721765023,Pune,,7.0,,3.0,0
2000.0,Нет,Male,No,4.0,242.0,Овен,26.0,0.0,3.0,1.0,Bachelors,914528993042,,,5.0,2017.0,,0
2000.0,Нет,Male,No,4.0,242.0,Овен,26.0,0.0,3.0,1.0,Bachelors,914528993042,Bangalore,XL,5.0,2017.0,3.0,0
2000.0,Нет,,No,4.0,242.0,Овен,26.0,0.0,,1.0,Bachelors,914528993042,Bangalore,XL,5.0,2017.0,,0
1999.0,Да,Male,No,,447.0,Близнецы,,8.0,2.0,1.0,,918713994631,Pune,L,14.0,2017.0,3.0,1
,Нет,Male,Yes,,315.0,Стрелец,27.0,,3.0,,Bachelors,914201425744,Pune,L,14.0,2016.0,2.0,0
2001.0,Нет,Male,,3.0,,Весы,25.0,9.0,3.0,1.0,Bachelors,917141548410,,S,5.0,2014.0,3.0,0
,Нет,Male,No,3.0,192.0,,,9.0,,1.0,Bachelors,917141548410,,S,5.0,2014.0,3.0,0
2001.0,Нет,Male,No,3.0,192.0,Весы,25.0,,3.0,1.0,Bachelors,917141548410,,S,5.0,,,0
2001.0,Нет,Male,No,3.0,192.0,Весы,25.0,9.0,3.0,1.0,Bachelors,917141548410,Pune,,5.0,,,0
2001.0,Нет,Male,No,,192.0,Весы,25.0,,3.0,1.0,Bachelors,917141548410,Pune,S,5.0,2014.0,,0
2002.0,Нет,Male,No,2.0,298.0,,24.0,0.0,3.0,1.0,Masters,914131247496,,L,6.0,2012.0,4.0,0
2002.0,Нет,,No,2.0,,Лев,,0.0,3.0,,Masters,914131247496,,,6.0,2012.0,4.0,0
2002.0,Нет,Male,No,,298.0,Лев,24.0,0.0,3.0,1.0,Masters,914131247496,Pune,L,6.0,2012.0,4.0,0
2002.0,Нет,Male,,2.0,,Лев,24.0,0.0,3.0,1.0,,914131247496,Pune,L,6.0,2012.0,4.0,0
2002.0,Нет,,No,2.0,298.0,Лев,24.0,0.0,3.0,1.0,Masters,914131247496,Pune,L,6.0,2012.0,4.0,0
2002.0,Да,Male,No,3.0,74.0,Скорпион,25.0,4.0,2.0,,,912053703957,Pune,,,,,1
2002.0,Да,,No,3.0,74.0,Скорпион,25.0,4.0,2.0,0.0,Bachelors,912053703957,Pune,XXL,4.0,2013.0,,1
2002.0,Да,Male,,,74.0,Скорпион,25.0,4.0,2.0,0.0,Bachelors,912053703957,Pune,XXL,4.0,2013.0,3.0,1
2002.0,Да,,No,,74.0,Скорпион,,4.0,2.0,,Bachelors,912053703957,,XXL,4.0,2013.0,3.0,1
2001.0,Нет,Male,No,4.0,225.0,Близнецы,26.0,3.0,3.0,,Bachelors,917506615316,Pune,,3.0,2013.0,3.0,0
,Нет,Male,No,,225.0,Близнецы,26.0,3.0,3.0,1.0,,917506615316,Pune,M,3.0,2013.0,3.0,0
2002.0,Нет,Male,,3.0,491.0,Дева,,5.0,3.0,1.0,Bachelors,919179324474,,XXL,7.0,2015.0,,0
2002.0,Нет,Male,,3.0,491.0,Дева,25.0,5.0,3.0,,Bachelors,919179324474,New Delhi,,7.0,2015.0,3.0,0
2002.0,,Male,No,3.0,491.0,Дева,25.0,5.0,,1.0,Bachelors,919179324474,New Delhi,XXL,7.0,2015.0,3.0,0
2002.0,Нет,Male,No,,,Дева,,5.0,3.0,1.0,,919179324474,,,7.0,,3.0,0
2002.0,,Male,,2.0,127.0,Весы,24.0,5.0,3.0,0.0,PHD,914225844875,Pune,L,,,3.0,0
2002.0,,Male,,2.0,127.0,Весы,24.0,,3.0,0.0,,914225844875,Pune,L,7.0,2012.0,3.0,0
2003.0,Нет,Female,No,2.0,190.0,Козерог,24.0,9.0,3.0,,,914757655236,New Delhi,S,6.0,2015.0,1.0,0
,Нет,Female,No,2.0,190.0,Козерог,24.0,9.0,3.0,0.0,Masters,914757655236,,S,6.0,2015.0,1.0,0
2002.0,Да,Male,No,2.0,49.0,Дева,,3.0,3.0,0.0,Masters,912265619936,New Delhi,,,2017.0,,1
2001.0,Нет,Male,,3.0,242.0,,25.0,1.0,1.0,1.0,,913283482033,Bangalore,L,7.0,2014.0,5.0,0
2001.0,Нет,Male,Yes,3.0,242.0,Стрелец,25.0,1.0,1.0,1.0,Bachelors,913283482033,Bangalore,L,7.0,2014.0,5.0,0
2001.0,,Male,,,242.0,,,1.0,1.0,1.0,Bachelors,913283482033,Bangalore,,7.0,,,0
2001.0,Нет,Male,,3.0,242.0,Стрелец,25.0,1.0,1.0,1.0,Bachelors,913283482033,,,7.0,2014.0,5.0,0
,,Male,Yes,3.0,242.0,Стрелец,25.0,1.0,1.0,1.0,,913283482033,Bangalore,L,7.0,2014.0,5.0,0
1997.0,Нет,Male,,1.0,9.0,Стрелец,28.0,2.0,,0.0,Bachelors,914424268346,Bangalore,L,,,5.0,1
1997.0,Нет,Male,,1.0,9.0,Стрелец,28.0,2.0,3.0,0.0,Bachelors,914424268346,Bangalore,L,6.0,2018.0,5.0,1
,Нет,Male,No,1.0,,Стрелец,,,3.0,0.0,Bachelors,914424268346,Bangalore,L,6.0,2018.0,5.0,1
1997.0,Нет,Male,,3.0,,Рыбы,28.0,9.0,3.0,0.0,Bachelors,912729603153,Bangalore,M,14.0,2017.0,,0
1997.0,Нет,Male,Yes,3.0,54.0,,28.0,9.0,,0.0,Bachelors,912729603153,Bangalore,M,14.0,,5.0,0
1997.0,,Male,Yes,3.0,54.0,Рыбы,28.0,9.0,3.0,0.0,Bachelors,912729603153,Bangalore,M,14.0,2017.0,,0
,Нет,,,3.0,54.0,Рыбы,28.0,9.0,3.0,0.0,Bachelors,912729603153,Bangalore,M,14.0,2017.0,5.0,0
1999.0,Да,Female,Yes,2.0,368.0,,28.0,1.0,3.0,,Masters,912646811328,Bangalore,M,15.0,2013.0,1.0,1
,Да,,Yes,2.0,,Дева,28.0,,3.0,1.0,,912646811328,,M,,2013.0,1.0,1
2001.0,,Male,Yes,4.0,447.0,Лев,26.0,8.0,3.0,0.0,Bachelors,914691328033,Bangalore,,2.0,2013.0,,0
2001.0,Нет,Male,Yes,4.0,447.0,Лев,26.0,8.0,3.0,0.0,Bachelors,914691328033,Bangalore,S,2.0,2013.0,4.0,0
,Нет,Male,,4.0,447.0,Лев,26.0,8.0,3.0,,Bachelors,914691328033,Bangalore,S,2.0,,4.0,0
,Нет,Male,Yes,4.0,447.0,Лев,26.0,8.0,3.0,,Bachelors,914691328033,,,2.0,2013.0,4.0,0
2003.0,Нет,Male,Yes,2.0,394.0,,,6.0,,,Masters,913900499366,New Delhi,,9.0,2018.0,2.0,1
,Нет,Female,No,5.0,,Рыбы,27.0,,2.0,1.0,PHD,915760854917,,M,,2013.0,3.0,0
2000.0,Нет,Female,No,5.0,376.0,Рыбы,27.0,3.0,2.0,1.0,,915760854917,New Delhi,M,11.0,2013.0,,0
2000.0,Нет,Female,No,,376.0,Рыбы,27.0,3.0,2.0,1.0,PHD,915760854917,New Delhi,,11.0,2013.0,3.0,0
,Нет,Female,No,5.0,376.0,Рыбы,27.0,,2.0,,,915760854917,New Delhi,M,11.0,2013.0,3.0,0
2000.0,Нет,Female,No,5.0,,Рыбы,27.0,,,1.0,PHD,915760854917,New Delhi,,11.0,2013.0,,0
1997.0,,,,2.0,377.0,Рак,28.0,7.0,3.0,0.0,,912287085388,New Delhi,M,8.0,,3.0,1
1997.0,,,Yes,2.0,377.0,Рак,28.0,,3.0,0.0,Masters,912287085388,New Delhi,M,,,3.0,1
1997.0,Да,Male,,2.0,377.0,,28.0,7.0,3.0,,Masters,912287085388,,M,8.0,2018.0,3.0,1
1997.0,Да,Male,Yes,2.0,,,28.0,7.0,3.0,0.0,Masters,912287085388,New Delhi,M,,2018.0,,1
1998.0,Да,Male,No,3.0,109.0,Лев,28.0,,3.0,1.0,Bachelors,913513966204,Bangalore,S,14.0,2014.0,3.0,1
,Да,,No,3.0,109.0,Лев,28.0,,3.0,1.0,Bachelors,913513966204,Bangalore,S,,2014.0,3.0,1
1998.0,,Male,No,3.0,109.0,Лев,,5.0,3.0,1.0,,913513966204,Bangalore,S,,,3.0,1
1998.0,Да,Male,,,,Лев,,5.0,3.0,1.0,Bachelors,913513966204,,,,,3.0,1
1998.0,Да,Male,No,3.0,109.0,Лев,,5.0,3.0,1.0,Bachelors,913513966204,Bangalore,,14.0,,3.0,1
,Да,Female,No,2.0,353.0,Рак,24.0,5.0,3.0,,Bachelors,919999227658,New Delhi,,2.0,2013.0,1.0,1
2002.0,Да,Female,No,2.0,353.0,Рак,24.0,5.0,,1.0,Bachelors,919999227658,,L,2.0,2013.0,1.0,1
2002.0,Да,Female,No,,353.0,Рак,,5.0,,1.0,Bachelors,919999227658,New Delhi,,2.0,2013.0,1.0,1
,Да,Female,No,,353.0,Рак,24.0,5.0,3.0,1.0,Bachelors,919999227658,,L,2.0,2013.0,1.0,1
1998.0,Нет,Female,No,1.0,235.0,Рак,28.0,,,,,919654402676,Pune,S,7.0,2015.0,4.0,1
,Нет,,No,3.0,127.0,,28.0,,2.0,1.0,,917860734706,,L,0.0,,5.0,0
1999.0,Нет,,No,3.0,127.0,,28.0,8.0,2.0,,,917860734706,New Delhi,,,,5.0,0
1999.0,Нет,Female,No,,127.0,Лев,,8.0,2.0,1.0,,917860734706,New Delhi,L,0.0,2017.0,5.0,0
1999.0,Нет,Female,No,3.0,127.0,Лев,,8.0,,1.0,Bachelors,917860734706,New Delhi,,0.0,2017.0,5.0,0
1999.0,,Female,No,3.0,127.0,Лев,28.0,,2.0,,,917860734706,New Delhi,L,,2017.0,,0
2000.0,Да,,No,5.0,76.0,Лев,27.0,3.0,3.0,,Masters,915855274759,Pune,M,,2012.0,2.0,1
2000.0,Да,Female,No,,76.0,,27.0,,3.0,1.0,Masters,915855274759,Pune,M,7.0,,2.0,1
2000.0,,Female,No,5.0,76.0,Лев,27.0,,3.0,1.0,Masters,915855274759,Pune,M,,2012.0,,1
,Да,,No,5.0,76.0,Лев,27.0,3.0,3.0,1.0,,915855274759,Pune,M,,2012.0,2.0,1
2000.0,,Female,Yes,3.0,33.0,,25.0,5.0,3.0,1.0,Masters,917417037749,Pune,S,12.0,2017.0,3.0,1
2000.0,,Female,Yes,3.0,33.0,Близнецы,25.0,5.0,3.0,1.0,Masters,917417037749,Pune,,12.0,2017.0,3.0,1
2000.0,Да,Female,Yes,3.0,33.0,Близнецы,,5.0,3.0,1.0,Masters,917417037749,Pune,S,12.0,2017.0,,1
2000.0,Да,Female,Yes,,33.0,,25.0,5.0,3.0,1.0,Masters,917417037749,,S,12.0,2017.0,3.0,1
1998.0,Да,Male,No,5.0,267.0,,,,2.0,1.0,Masters,917846961188,,L,1.0,2017.0,3.0,1
1998.0,,,,5.0,267.0,Скорпион,27.0,9.0,2.0,,Masters,917846961188,New Delhi,L,,2017.0,3.0,1
,Да,Male,No,5.0,267.0,Скорпион,,9.0,2.0,1.0,Masters,917846961188,,,1.0,2017.0,3.0,1
,,Male,No,5.0,267.0,,,9.0,2.0,,Masters,917846961188,New Delhi,L,,2017.0,3.0,1
2001.0,,Male,No,,,Близнецы,24.0,8.0,,,,913402290126,Pune,,8.0,2017.0,5.0,0
2001.0,Нет,Male,No,2.0,95.0,,24.0,8.0,,,,913402290126,Pune,M,8.0,2017.0,5.0,0
2001.0,Нет,Male,No,2.0,95.0,,24.0,8.0,2.0,0.0,Masters,913402290126,Pune,,8.0,2017.0,,0
2001.0,Да,Male,Yes,2.0,16.0,,24.0,5.0,2.0,0.0,Bachelors,912450244354,Pune,XL,7.0,2013.0,4.0,1
2001.0,Да,Male,Yes,2.0,16.0,,24.0,5.0,2.0,0.0,Bachelors,912450244354,Pune,XL,,,,1
,,Female,No,1.0,300.0,,,7.0,2.0,0.0,PHD,919468948085,New Delhi,M,,,3.0,0
1998.0,Нет,,No,1.0,300.0,,,7.0,2.0,0.0,PHD,919468948085,New Delhi,M,5.0,2015.0,3.0,0
,Нет,Male,No,5.0,437.0,Рак,27.0,,3.0,0.0,Masters,915286440893,New Delhi,L,1.0,2014.0,3.0,0
,,Male,No,5.0,437.0,Рак,27.0,2.0,3.0,0.0,Masters,915286440893,New Delhi,L,1.0,,3.0,0
2002.0,Нет,Male,No,,272.0,Близнецы,,0.0,,,Bachelors,918293394284,Pune,L,7.0,2018.0,,1
2002.0,Нет,,No,,272.0,Близнецы,25.0,0.0,3.0,0.0,,918293394284,Pune,L,7.0,2018.0,2.0,1
2002.0,,Male,No,,272.0,,25.0,,,0.0,,918293394284,Pune,L,7.0,,2.0,1
2000.0,Да,Male,Yes,4.0,114.0,Скорпион,26.0,8.0,3.0,1.0,Bachelors,916727912004,Bangalore,,4.0,2013.0,1.0,1
2000.0,Да,Male,Yes,4.0,,Скорпион,26.0,8.0,3.0,1.0,Bachelors,916727912004,Bangalore,M,4.0,,,1
2000.0,Да,Male,Yes,4.0,114.0,Скорпион,26.0,8.0,3.0,1.0,Bachelors,916727912004,,M,4.0,2013.0,1.0,1
,Да,,Yes,4.0,114.0,Скорпион,,8.0,3.0,,Bachelors,916727912004,Bangalore,M,4.0,2013.0,1.0,1
,Да,Male,No,3.0,,Весы,,9.0,3.0,0.0,Bachelors,913322746831,New Delhi,XL,8.0,2015.0,2.0,1
2001.0,,Male,No,,,,25.0,,3.0,0.0,Bachelors,913322746831,New Delhi,XL,,2015.0,2.0,1
2001.0,Да,Male,No,3.0,,,25.0,,,,Bachelors,913322746831,New Delhi,XL,,2015.0,2.0,1
2001.0,Да,,No,3.0,259.0,,25.0,9.0,,0.0,Bachelors,913322746831,New Delhi,XL,8.0,2015.0,2.0,1
2000.0,Да,,No,3.0,392.0,Телец,25.0,0.0,2.0,0.0,Bachelors,915706418663,,,13.0,2017.0,3.0,1
2000.0,Да,Female,No,3.0,,Телец,,0.0,2.0,0.0,Bachelors,915706418663,New Delhi,S,13.0,2017.0,3.0,1
2000.0,Да,Female,No,3.0,392.0,Телец,25.0,,2.0,0.0,Bachelors,915706418663,New Delhi,S,13.0,2017.0,3.0,1
,Нет,Male,Yes,3.0,178.0,Водолей,25.0,5.0,3.0,0.0,,917390798003,,M,12.0,2012.0,,0
1997.0,Нет,Female,No,2.0,33.0,Весы,28.0,4.0,3.0,1.0,,915922640265,New Delhi,S,2.0,2014.0,2.0,0
1997.0,Нет,Female,No,2.0,33.0,Весы,,4.0,3.0,1.0,Bachelors,915922640265,New Delhi,S,2.0,2014.0,2.0,0
1997.0,Нет,Female,,2.0,33.0,Весы,28.0,4.0,,1.0,Bachelors,915922640265,New Delhi,,2.0,2014.0,2.0,0
1999.0,Да,Male,No,4.0,270.0,Весы,,3.0,,1.0,Bachelors,916149662294,Pune,,13.0,2018.0,,1
,,,No,4.0,,Весы,26.0,3.0,3.0,1.0,Bachelors,916149662294,Pune,S,13.0,2018.0,1.0,1
,Да,,No,4.0,270.0,Весы,26.0,3.0,3.0,1.0,Bachelors,916149662294,Pune,,13.0,2018.0,1.0,1
1999.0,Да,Male,,4.0,270.0,Весы,26.0,3.0,,1.0,Bachelors,916149662294,,S,13.0,2018.0,1.0,1
1999.0,Да,,No,4.0,270.0,Весы,26.0,3.0,3.0,1.0,,916149662294,Pune,S,,,1.0,1
1998.0,,Male,No,2.0,75.0,,,,3.0,1.0,Masters,915299126332,New Delhi,M,11.0,2014.0,1.0,0
1998.0,,,No,2.0,75.0,Козерог,28.0,1.0,3.0,1.0,,915299126332,,,,2014.0,1.0,0
1998.0,,,No,,75.0,Козерог,28.0,1.0,3.0,1.0,,915299126332,New Delhi,M,11.0,2014.0,1.0,0
1999.0,Нет,,No,3.0,115.0,Рак,28.0,0.0,3.0,0.0,Bachelors,911364811379,New Delhi,M,,2014.0,2.0,0
1999.0,Нет,Male,No,3.0,343.0,Лев,28.0,4.0,3.0,1.0,Bachelors,915741695155,Pune,L,13.0,2016.0,5.0,0
1999.0,Нет,Male,,3.0,343.0,,28.0,4.0,3.0,1.0,Bachelors,915741695155,Pune,L,13.0,2016.0,5.0,0
,Нет,Male,,,343.0,Лев,28.0,4.0,3.0,,,915741695155,Pune,,13.0,2016.0,5.0,0
1999.0,Нет,,No,3.0,343.0,Лев,28.0,4.0,3.0,1.0,Bachelors,915741695155,Pune,L,,,5.0,0
,Нет,Male,,5.0,420.0,Близнецы,27.0,3.0,3.0,1.0,,915257362603,Bangalore,L,3.0,,2.0,1
2000.0,,Male,No,4.0,130.0,,,6.0,3.0,0.0,,916353245730,Pune,M,9.0,2017.0,3.0,1
2000.0,Да,Male,No,,130.0,,26.0,6.0,3.0,0.0,,916353245730,Pune,M,9.0,2017.0,3.0,1
2000.0,,Male,No,4.0,130.0,Рыбы,26.0,,3.0,0.0,,916353245730,Pune,M,9.0,2017.0,3.0,1
2001.0,Нет,Male,Yes,3.0,,Телец,25.0,4.0,,1.0,,918976132798,Bangalore,L,9.0,2013.0,5.0,0
2001.0,Нет,Male,Yes,,81.0,Телец,25.0,4.0,3.0,1.0,Bachelors,918976132798,Bangalore,,,2013.0,5.0,0
,Нет,Male,Yes,3.0,81.0,Телец,25.0,4.0,3.0,1.0,,918976132798,Bangalore,L,9.0,2013.0,,0
2001.0,Нет,Male,Yes,3.0,81.0,,25.0,4.0,3.0,1.0,,918976132798,Bangalore,L,9.0,,5.0,0
1998.0,Да,Female,,,,Стрелец,,,2.0,1.0,Bachelors,912137937685,Pune,S,14.0,2015.0,2.0,1
1998.0,,Female,No,2.0,73.0,Стрелец,28.0,8.0,,1.0,Bachelors,912137937685,,,14.0,,,1
1998.0,Да,Female,No,2.0,73.0,Стрелец,28.0,8.0,2.0,1.0,Bachelors,912137937685,,S,14.0,2015.0,,1
,Нет,Male,No,4.0,25.0,Весы,,10.0,1.0,1.0,PHD,915977393862,,M,,2013.0,2.0,0
2000.0,,,No,4.0,25.0,Весы,26.0,10.0,1.0,1.0,PHD,915977393862,,,10.0,,2.0,0
2000.0,Нет,Male,No,4.0,,Весы,26.0,10.0,1.0,1.0,PHD,915977393862,,M,10.0,2013.0,2.0,0
,Нет,Male,No,4.0,25.0,Весы,26.0,10.0,,1.0,PHD,915977393862,Bangalore,M,10.0,2013.0,2.0,0
1998.0,Да,Male,No,5.0,328.0,Козерог,27.0,5.0,3.0,0.0,Masters,911594869260,,L,14.0,,2.0,1
1998.0,Да,,,5.0,,Козерог,27.0,5.0,3.0,0.0,Masters,911594869260,Pune,L,14.0,2012.0,2.0,1
1998.0,Да,,No,5.0,328.0,,27.0,,3.0,0.0,,911594869260,,L,,2012.0,2.0,1
1998.0,Да,Male,No,5.0,328.0,Козерог,27.0,,3.0,0.0,Masters,911594869260,Pune,L,14.0,2012.0,2.0,1
1998.0,Да,Male,No,5.0,328.0,Козерог,,5.0,3.0,0.0,Masters,911594869260,,L,14.0,2012.0,,1
1997.0,Нет,Male,No,2.0,214.0,,28.0,6.0,1.0,0.0,Bachelors,919842664143,Bangalore,L,9.0,2016.0,2.0,0
2002.0,Да,Female,Yes,2.0,471.0,Рыбы,24.0,3.0,2.0,0.0,Masters,911749663010,New Delhi,,8.0,,,1
2002.0,Да,Female,,2.0,471.0,Рыбы,24.0,3.0,2.0,0.0,,911749663010,,,,,1.0,1
2002.0,Да,Female,Yes,2.0,471.0,Рыбы,24.0,3.0,,0.0,Masters,911749663010,New Delhi,S,8.0,2017.0,1.0,1
2000.0,Нет,Female,Yes,,,Водолей,,8.0,1.0,,Bachelors,916833050813,,XS,,2015.0,3.0,0
2000.0,Нет,Female,Yes,3.0,80.0,Водолей,25.0,8.0,1.0,1.0,Bachelors,916833050813,,XS,3.0,2015.0,3.0,0
2000.0,Нет,Female,Yes,3.0,,,25.0,,1.0,1.0,Bachelors,916833050813,Bangalore,XS,,2015.0,3.0,0
,Нет,,Yes,3.0,80.0,,25.0,8.0,,,Bachelors,916833050813,Bangalore,XS,,2015.0,,0
,Нет,Female,Yes,3.0,80.0,Водолей,25.0,8.0,1.0,1.0,,916833050813,Bangalore,,3.0,,,0
,Да,Female,No,3.0,,Овен,25.0,2.0,3.0,0.0,Bachelors,913502197020,Pune,,7.0,2015.0,3.0,1
,Да,Female,No,3.0,,Овен,25.0,,3.0,0.0,Bachelors,913502197020,Pune,M,7.0,2015.0,3.0,1
2001.0,Да,Female,No,3.0,101.0,Овен,25.0,2.0,3.0,0.0,Bachelors,913502197020,Pune,,7.0,2015.0,3.0,1
,Нет,Male,No,,473.0,,24.0,6.0,3.0,,,916272576025,Pune,M,8.0,2015.0,4.0,0
2001.0,Нет,Male,No,,473.0,Весы,24.0,6.0,3.0,0.0,,916272576025,Pune,,8.0,2015.0,4.0,0
2000.0,Нет,,Yes,3.0,297.0,Телец,25.0,7.0,1.0,0.0,,912713359337,Bangalore,M,8.0,,1.0,0
,Нет,Male,Yes,3.0,297.0,Телец,25.0,7.0,1.0,0.0,Bachelors,912713359337,Bangalore,M,8.0,2018.0,1.0,0
1999.0,Нет,Female,,,328.0,Козерог,,9.0,2.0,1.0,Masters,919717827490,Pune,S,,2017.0,2.0,0
1999.0,Нет,Female,No,1.0,,Козерог,28.0,9.0,2.0,1.0,Masters,919717827490,Pune,S,12.0,2017.0,,0
1999.0,Нет,Female,,1.0,328.0,,,9.0,2.0,1.0,,919717827490,Pune,S,12.0,2017.0,2.0,0
1997.0,Нет,Female,No,2.0,,Рак,28.0,0.0,3.0,0.0,Bachelors,912246485677,Bangalore,L,5.0,2014.0,5.0,0
1997.0,Нет,Female,No,2.0,142.0,Рак,28.0,0.0,3.0,0.0,Bachelors,912246485677,Bangalore,L,5.0,2014.0,5.0,0
1997.0,Нет,Female,No,2.0,142.0,Рак,28.0,0.0,3.0,,Bachelors,912246485677,Bangalore,L,5.0,2014.0,,0
2001.0,Нет,Female,No,2.0,75.0,Рак,24.0,4.0,2.0,0.0,Bachelors,918339334268,,S,,2017.0,1.0,0
,Нет,Female,No,2.0,75.0,Рак,,4.0,2.0,0.0,Bachelors,918339334268,,S,,2017.0,1.0,0
,Да,Male,No,,494.0,Рыбы,25.0,1.0,2.0,0.0,PHD,912086796581,New Delhi,S,10.0,2013.0,2.0,1
2001.0,Да,Male,,3.0,494.0,,25.0,1.0,2.0,0.0,,912086796581,New Delhi,S,10.0,2013.0,2.0,1
2001.0,Да,Male,No,,494.0,Рыбы,25.0,,2.0,,PHD,912086796581,New Delhi,S,10.0,2013.0,2.0,1
2001.0,Нет,Male,No,3.0,39.0,Близнецы,,4.0,,1.0,Bachelors,919138588487,,XL,3.0,2015.0,3.0,0
2001.0,Нет,Male,No,3.0,,Близнецы,25.0,4.0,,1.0,Bachelors,919138588487,Bangalore,XL,,,,0
,Нет,Male,No,,39.0,Близнецы,25.0,4.0,1.0,1.0,Bachelors,919138588487,Bangalore,,3.0,,3.0,0
,Нет,Male,No,3.0,39.0,,,4.0,1.0,,Bachelors,919138588487,Bangalore,XL,,2015.0,,0
2001.0,,Male,No,,,Близнецы,25.0,,,1.0,Bachelors,919138588487,,XL,3.0,2015.0,3.0,0
1997.0,Да,Male,No,,419.0,Рак,,2.0,,1.0,PHD,917319235207,New Delhi,,,2014.0,1.0,1
,Да,Male,No,2.0,419.0,,,2.0,3.0,1.0,PHD,917319235207,New Delhi,L,,2014.0,,1
1997.0,Да,Male,No,,419.0,Рак,28.0,2.0,3.0,,,917319235207,New Delhi,L,10.0,2014.0,1.0,1
1998.0,Да,Female,No,,,Водолей,27.0,,,,Masters,918735809539,New Delhi,S,4.0,2018.0,4.0,1
1998.0,Нет,Female,No,5.0,,Близнецы,27.0,,3.0,0.0,,916801561094,New Delhi,S,1.0,2016.0,1.0,0
1998.0,Нет,Female,No,5.0,277.0,Близнецы,27.0,0.0,3.0,0.0,Bachelors,916801561094,New Delhi,S,1.0,2016.0,1.0,0
1998.0,Нет,Female,No,5.0,277.0,,,,,0.0,Bachelors,916801561094,New Delhi,S,1.0,,1.0,0
1998.0,Нет,Female,No,5.0,277.0,Близнецы,27.0,0.0,3.0,0.0,Bachelors,916801561094,New Delhi,S,,2016.0,1.0,0
1998.0,Нет,Female,No,,277.0,Близнецы,27.0,0.0,,0.0,Bachelors,916801561094,New Delhi,,1.0,2016.0,1.0,0
2001.0,,,,3.0,475.0,,,5.0,,0.0,Masters,914489035526,New Delhi,M,6.0,2017.0,1.0,1
1998.0,Нет,Female,Yes,,321.0,Близнецы,27.0,3.0,3.0,0.0,Bachelors,917839485064,New Delhi,S,,2016.0,1.0,0
1998.0,Нет,Female,,5.0,321.0,Близнецы,27.0,3.0,3.0,0.0,Bachelors,917839485064,New Delhi,,,2016.0,1.0,0
1998.0,Нет,Female,Yes,,,Близнецы,,,3.0,0.0,Bachelors,917839485064,,S,1.0,2016.0,1.0,0
1998.0,,Female,Yes,,321.0,Близнецы,,3.0,3.0,0.0,,917839485064,New Delhi,S,1.0,2016.0,1.0,0
1998.0,Нет,Female,Yes,,321.0,Близнецы,27.0,3.0,3.0,0.0,Bachelors,917839485064,New Delhi,S,1.0,2016.0,1.0,0
,Да,Female,No,1.0,103.0,Телец,28.0,0.0,,1.0,Bachelors,919913892755,Pune,,,2018.0,2.0,1
,,Female,No,1.0,103.0,Телец,28.0,0.0,3.0,1.0,Bachelors,919913892755,Pune,XL,,2018.0,2.0,1
1998.0,Да,Female,No,1.0,103.0,Телец,,0.0,,1.0,Bachelors,919913892755,Pune,,,2018.0,2.0,1
1998.0,Да,Female,No,1.0,103.0,Телец,28.0,,,1.0,Bachelors,919913892755,Pune,,6.0,,2.0,1
1999.0,,,No,1.0,333.0,Лев,28.0,9.0,3.0,1.0,Bachelors,911355608284,,L,0.0,2018.0,1.0,1
1999.0,Да,,No,,,Лев,,9.0,3.0,1.0,Bachelors,911355608284,Pune,,0.0,2018.0,1.0,1
1999.0,,Male,No,1.0,,Лев,28.0,,3.0,1.0,Bachelors,911355608284,,L,,2018.0,1.0,1
1999.0,Да,,No,1.0,333.0,,28.0,9.0,3.0,1.0,Bachelors,911355608284,Pune,,,,,1
2001.0,Нет,Female,No,4.0,307.0,Стрелец,26.0,,1.0,0.0,Bachelors,916703380230,Bangalore,,12.0,2017.0,2.0,0
2001.0,,Female,No,4.0,,Стрелец,26.0,0.0,1.0,0.0,Bachelors,916703380230,Bangalore,M,12.0,,,0
2001.0,Нет,Female,No,4.0,307.0,Стрелец,26.0,0.0,,0.0,Bachelors,916703380230,Bangalore,M,12.0,2017.0,,0
2001.0,Нет,Female,No,4.0,307.0,Стрелец,,,1.0,,Bachelors,916703380230,Bangalore,M,12.0,2017.0,2.0,0
2001.0,Нет,Female,No,4.0,307.0,Стрелец,26.0,0.0,1.0,,Bachelors,916703380230,Bangalore,M,12.0,2017.0,,0
2001.0,,Male,,2.0,396.0,Рак,24.0,,3.0,0.0,,914450643711,Bangalore,,14.0,,1.0,1
2001.0,Да,,No,2.0,396.0,Рак,,6.0,3.0,0.0,Bachelors,914450643711,,XXL,14.0,,1.0,1
2001.0,Да,,No,2.0,396.0,Рак,24.0,,3.0,,Bachelors,914450643711,Bangalore,,14.0,2013.0,1.0,1
2001.0,Да,,No,,396.0,Рак,24.0,6.0,3.0,,Bachelors,914450643711,Bangalore,XXL,14.0,2013.0,,1
1999.0,Нет,Female,No,4.0,,Телец,26.0,1.0,3.0,0.0,Bachelors,915353970813,New Delhi,S,10.0,2012.0,1.0,0
1999.0,,Female,No,,367.0,Телец,26.0,1.0,3.0,0.0,Bachelors,915353970813,New Delhi,,10.0,2012.0,,0
2000.0,Нет,,No,,324.0,Дева,,10.0,3.0,1.0,Bachelors,912610844918,Pune,XL,15.0,2012.0,2.0,0
2001.0,Да,Male,No,2.0,442.0,,24.0,,2.0,0.0,Masters,913023422301,New Delhi,M,5.0,2013.0,,1
2001.0,Да,,No,2.0,,,24.0,7.0,2.0,0.0,Masters,913023422301,New Delhi,,5.0,2013.0,4.0,1
,Да,Male,No,2.0,442.0,,24.0,7.0,2.0,0.0,Masters,913023422301,New Delhi,M,5.0,,4.0,1
2001.0,Да,Male,,2.0,442.0,Рак,24.0,,,0.0,,913023422301,New Delhi,M,5.0,,4.0,1
1997.0,Нет,Female,,2.0,,,28.0,8.0,,1.0,Bachelors,916043715453,New Delhi,M,8.0,,1.0,0
,Нет,Female,No,,6.0,Телец,28.0,8.0,3.0,,,916043715453,,M,8.0,2016.0,1.0,0
1997.0,Нет,Female,No,2.0,,,28.0,,3.0,1.0,Bachelors,916043715453,New Delhi,M,8.0,2016.0,1.0,0
2001.0,Нет,Male,,2.0,386.0,Лев,24.0,10.0,3.0,,Masters,912927866059,,XL,15.0,2014.0,2.0,0
,Нет,Male,,2.0,386.0,Лев,24.0,10.0,3.0,0.0,Masters,912927866059,New Delhi,,15.0,2014.0,2.0,0
,Нет,Male,,2.0,386.0,Лев,24.0,,3.0,0.0,Masters,912927866059,New Delhi,XL,15.0,,2.0,0
2001.0,Нет,Male,No,2.0,386.0,Лев,24.0,10.0,,,Masters,912927866059,New Delhi,XL,15.0,2014.0,2.0,0
2000.0,Да,,No,3.0,391.0,Водолей,25.0,5.0,3.0,1.0,Bachelors,915056874259,Bangalore,M,9.0,2015.0,,1
2000.0,Да,Female,No,,391.0,,25.0,5.0,3.0,1.0,,915056874259,,M,9.0,,4.0,1
2000.0,Да,Female,No,3.0,391.0,Водолей,25.0,5.0,3.0,1.0,Bachelors,915056874259,Bangalore,,9.0,2015.0,4.0,1
2000.0,Да,,No,3.0,391.0,Водолей,25.0,5.0,3.0,1.0,Bachelors,915056874259,Bangalore,M,9.0,2015.0,,1
1998.0,Да,Female,No,,21.0,Овен,,5.0,2.0,1.0,Bachelors,917194778972,Pune,S,1.0,2015.0,1.0,1
,,Female,,5.0,,Овен,,5.0,2.0,,Bachelors,917194778972,,S,1.0,2015.0,,1
1998.0,Да,Female,No,5.0,21.0,Овен,,5.0,,,Bachelors,917194778972,Pune,S,1.0,2015.0,,1
1998.0,Да,Female,,5.0,,Овен,,5.0,2.0,1.0,Bachelors,917194778972,Pune,S,1.0,2015.0,1.0,1
,Нет,,Yes,5.0,,Весы,27.0,3.0,3.0,0.0,Bachelors,917522397545,New Delhi,,9.0,2017.0,,0
1998.0,,Female,Yes,5.0,133.0,Весы,27.0,3.0,3.0,0.0,,917522397545,New Delhi,S,,2017.0,5.0,0
,Нет,Female,Yes,5.0,133.0,Весы,27.0,,3.0,0.0,Bachelors,917522397545,,S,9.0,2017.0,5.0,0
2003.0,Нет,Male,No,2.0,,,24.0,2.0,1.0,0.0,Masters,917383506178,Pune,M,0.0,2017.0,,0
,Нет,Male,No,2.0,322.0,Лев,,2.0,,,Masters,917383506178,Pune,M,,2017.0,,0
2003.0,Нет,Male,No,2.0,322.0,,,2.0,1.0,0.0,,917383506178,,,0.0,2017.0,5.0,0
2003.0,Нет,Male,No,2.0,,Лев,24.0,,1.0,0.0,Masters,917383506178,Pune,M,,,5.0,0
1997.0,Да,,Yes,,426.0,,28.0,1.0,3.0,1.0,Bachelors,912828633740,Bangalore,M,7.0,2015.0,2.0,1
1997.0,,,Yes,1.0,426.0,Водолей,,1.0,3.0,1.0,Bachelors,912828633740,Bangalore,M,7.0,2015.0,2.0,1
1998.0,Да,Male,No,5.0,41.0,Весы,,3.0,3.0,,Masters,914167491675,Bangalore,S,3.0,2013.0,1.0,1
1998.0,,Male,No,,41.0,Весы,27.0,,3.0,,Masters,914167491675,Bangalore,S,3.0,2013.0,1.0,1
1998.0,,Male,No,5.0,41.0,Весы,27.0,3.0,3.0,0.0,Masters,914167491675,Bangalore,S,3.0,2013.0,1.0,1
,Да,Male,,5.0,41.0,,27.0,3.0,,0.0,Masters,914167491675,Bangalore,S,3.0,,1.0,1
,Да,Female,Yes,2.0,78.0,Близнецы,,3.0,,0.0,Bachelors,911396216618,New Delhi,M,14.0,2015.0,2.0,1
1998.0,Да,Female,Yes,2.0,78.0,Близнецы,28.0,3.0,2.0,0.0,Bachelors,911396216618,,,14.0,,2.0,1
1998.0,Да,Female,Yes,2.0,78.0,Близнецы,28.0,3.0,2.0,0.0,Bachelors,911396216618,New Delhi,M,14.0,,2.0,1
1999.0,Нет,Female,,5.0,114.0,Козерог,27.0,,3.0,1.0,Bachelors,916277370717,Bangalore,,9.0,2017.0,1.0,0
1998.0,,Male,No,5.0,374.0,Овен,27.0,,2.0,1.0,Bachelors,914898444154,,XL,15.0,2015.0,4.0,0
1998.0,Нет,Male,No,5.0,374.0,Овен,27.0,,2.0,1.0,Bachelors,914898444154,Pune,XL,15.0,2015.0,,0
1998.0,Нет,,No,5.0,374.0,Овен,27.0,7.0,2.0,,Bachelors,914898444154,,XL,15.0,2015.0,4.0,0
1998.0,Нет,,No,5.0,374.0,Овен,27.0,7.0,,1.0,Bachelors,914898444154,Pune,XL,15.0,2015.0,4.0,0
1998.0,Нет,Male,No,5.0,374.0,Овен,27.0,,2.0,1.0,Bachelors,914898444154,Pune,XL,15.0,2015.0,4.0,0
,Да,Male,Yes,5.0,434.0,Козерог,27.0,3.0,3.0,,Bachelors,916585579611,Bangalore,M,,2018.0,3.0,1
1999.0,Да,,Yes,5.0,434.0,Козерог,27.0,3.0,,0.0,Bachelors,916585579611,,M,9.0,2018.0,,1
2003.0,,Female,,2.0,478.0,Водолей,24.0,10.0,2.0,1.0,Bachelors,912875321904,New Delhi,XXL,7.0,2013.0,5.0,1
2003.0,Да,Female,No,,478.0,Водолей,24.0,10.0,,1.0,Bachelors,912875321904,New Delhi,XXL,7.0,,5.0,1
,Да,,No,2.0,478.0,Водолей,24.0,10.0,2.0,1.0,Bachelors,912875321904,New Delhi,XXL,7.0,,,1
2003.0,,,No,,478.0,Водолей,24.0,10.0,2.0,1.0,,912875321904,New Delhi,XXL,,2013.0,5.0,1
,Да,Female,Yes,2.0,292.0,Водолей,,2.0,2.0,0.0,Bachelors,913196059744,Pune,XL,15.0,,,1
1997.0,Да,Female,Yes,2.0,292.0,Водолей,28.0,2.0,2.0,,Bachelors,913196059744,Pune,XL,15.0,,4.0,1
1997.0,Да,Female,Yes,,,Водолей,28.0,2.0,2.0,,Bachelors,913196059744,,XL,15.0,2015.0,4.0,1
1997.0,Да,Female,Yes,2.0,292.0,Водолей,28.0,2.0,2.0,0.0,,913196059744,,XL,15.0,2015.0,,1
1997.0,Да,Female,Yes,2.0,,Водолей,28.0,2.0,,0.0,Bachelors,913196059744,Pune,XL,15.0,2015.0,4.0,1
2001.0,Нет,Female,No,2.0,232.0,Рак,24.0,,,1.0,Bachelors,919552351709,Bangalore,M,,2016.0,,0
2002.0,Да,Male,No,2.0,,Лев,24.0,,3.0,0.0,Masters,916778511042,Pune,M,11.0,2017.0,5.0,1
2001.0,Нет,Male,No,2.0,379.0,Стрелец,,6.0,3.0,0.0,Masters,916601727977,,,5.0,2016.0,3.0,0
2001.0,Нет,,No,,379.0,,24.0,6.0,3.0,0.0,Masters,916601727977,,XL,5.0,2016.0,,0
1999.0,Да,,Yes,1.0,409.0,,28.0,5.0,3.0,0.0,Bachelors,915406946758,,S,5.0,2013.0,,1
1999.0,Да,Male,Yes,1.0,409.0,Скорпион,,5.0,3.0,0.0,,915406946758,Bangalore,S,5.0,2013.0,2.0,1
1999.0,Да,Male,Yes,1.0,409.0,Скорпион,28.0,5.0,3.0,0.0,Bachelors,915406946758,Bangalore,,,2013.0,2.0,1
1999.0,Да,Male,Yes,,409.0,Скорпион,28.0,,3.0,0.0,Bachelors,915406946758,Bangalore,S,5.0,2013.0,2.0,1
1999.0,Да,Male,Yes,1.0,409.0,,,5.0,3.0,,,915406946758,,S,,2013.0,2.0,1
1997.0,Нет,,No,,225.0,Рак,28.0,6.0,,,,912647469570,,M,6.0,2015.0,4.0,0
1997.0,,Female,No,1.0,225.0,,28.0,,,1.0,Bachelors,912647469570,Bangalore,M,6.0,2015.0,4.0,0
1997.0,Нет,Female,,1.0,225.0,Рак,,,1.0,1.0,,912647469570,Bangalore,M,6.0,2015.0,4.0,0
1997.0,Нет,Female,No,1.0,225.0,,,6.0,1.0,1.0,Bachelors,912647469570,,M,6.0,2015.0,4.0,0
2002.0,Да,Female,,2.0,270.0,,24.0,5.0,,1.0,PHD,914694345903,Bangalore,M,8.0,2018.0,1.0,1
2002.0,Да,Female,No,,270.0,Стрелец,24.0,5.0,3.0,1.0,PHD,914694345903,Bangalore,M,8.0,2018.0,1.0,1
2002.0,,Female,,2.0,270.0,Стрелец,24.0,5.0,3.0,1.0,PHD,914694345903,Bangalore,M,8.0,2018.0,1.0,1
,Да,,No,2.0,,Стрелец,24.0,5.0,,1.0,PHD,914694345903,Bangalore,M,8.0,,,1
2002.0,Да,Female,No,2.0,270.0,Стрелец,,,3.0,1.0,PHD,914694345903,Bangalore,,8.0,2018.0,1.0,1
2001.0,Нет,Male,Yes,4.0,134.0,,26.0,8.0,3.0,0.0,Bachelors,918123467902,Bangalore,L,,2016.0,2.0,0
2001.0,Нет,Male,Yes,4.0,,Рак,,8.0,,0.0,,918123467902,,L,14.0,2016.0,2.0,0
2001.0,Нет,,Yes,4.0,134.0,Рак,,8.0,3.0,0.0,Bachelors,918123467902,Bangalore,,14.0,2016.0,2.0,0
2001.0,Нет,Male,,4.0,,Рак,26.0,8.0,,0.0,Bachelors,918123467902,,L,,2016.0,,0
2001.0,,Male,Yes,4.0,,Рак,26.0,8.0,,0.0,Bachelors,918123467902,Bangalore,L,,2016.0,2.0,0
2002.0,Да,,No,,317.0,Козерог,25.0,2.0,3.0,0.0,Bachelors,917445816222,Bangalore,L,13.0,2013.0,2.0,1
2002.0,Да,Male,No,3.0,317.0,Козерог,25.0,2.0,3.0,,Bachelors,917445816222,Bangalore,L,,2013.0,2.0,1
2002.0,Да,Male,No,3.0,,Козерог,25.0,2.0,3.0,0.0,Bachelors,917445816222,Bangalore,L,,2013.0,2.0,1
2002.0,Да,Male,No,3.0,317.0,Козерог,25.0,,3.0,0.0,Bachelors,917445816222,Bangalore,L,,2013.0,2.0,1
2002.0,Да,Male,No,3.0,317.0,Козерог,25.0,2.0,,0.0,,917445816222,Bangalore,L,13.0,2013.0,,1
2003.0,Да,Male,No,2.0,430.0,Овен,24.0,6.0,,1.0,Masters,913594816075,,XL,0.0,2016.0,4.0,1
,Нет,Female,No,,68.0,Рак,,8.0,,0.0,,916558645390,,L,5.0,2017.0,2.0,0
,Нет,Male,No,3.0,493.0,Рак,28.0,,3.0,0.0,,914049330226,Bangalore,L,14.0,2013.0,2.0,0
2002.0,,Male,No,2.0,48.0,Рак,24.0,,3.0,1.0,Masters,917397993251,New Delhi,,13.0,2014.0,2.0,1
2002.0,Да,Male,No,2.0,48.0,Рак,24.0,10.0,3.0,1.0,Masters,917397993251,New Delhi,M,13.0,2014.0,2.0,1
2002.0,Да,Male,No,2.0,,Рак,,10.0,3.0,,Masters,917397993251,New Delhi,M,,2014.0,2.0,1
2002.0,Да,Male,No,2.0,,Рак,24.0,10.0,3.0,1.0,Masters,917397993251,New Delhi,M,13.0,2014.0,2.0,1
2003.0,Нет,Male,No,,482.0,Лев,24.0,5.0,3.0,,PHD,913892252896,New Delhi,L,5.0,,3.0,0
2003.0,Нет,,No,,482.0,Лев,24.0,,,0.0,,913892252896,New Delhi,L,5.0,,3.0,0
,Да,Male,No,3.0,,Близнецы,,1.0,3.0,0.0,Bachelors,911822831869,,M,14.0,2014.0,,1
2000.0,Нет,,No,4.0,,Рак,26.0,7.0,,0.0,Bachelors,915537377486,Pune,L,0.0,2012.0,,0
2000.0,Нет,,No,4.0,183.0,Рак,26.0,7.0,,,,915537377486,Pune,L,0.0,2012.0,2.0,0
2000.0,Нет,Male,,4.0,,Рак,26.0,7.0,2.0,0.0,Bachelors,915537377486,Pune,,0.0,2012.0,,0
1999.0,,Female,No,,327.0,Весы,,,3.0,,Masters,914732234110,Bangalore,M,14.0,2017.0,3.0,1
1999.0,Да,Female,No,3.0,327.0,Весы,28.0,,3.0,1.0,Masters,914732234110,Bangalore,M,14.0,2017.0,,1
1999.0,Да,Female,No,3.0,327.0,Весы,,1.0,3.0,1.0,,914732234110,Bangalore,M,14.0,2017.0,,1
1997.0,Нет,Female,No,2.0,,Весы,28.0,1.0,3.0,0.0,,914407675467,Bangalore,S,7.0,2012.0,2.0,0
1997.0,Нет,Female,,2.0,320.0,,,1.0,3.0,0.0,Bachelors,914407675467,Bangalore,S,7.0,2012.0,2.0,0
1997.0,,,,2.0,320.0,Весы,28.0,1.0,3.0,0.0,,914407675467,Bangalore,S,,2012.0,,0
1997.0,Нет,Female,No,2.0,320.0,,28.0,,3.0,,,914407675467,Bangalore,S,,2012.0,2.0,0
1998.0,Нет,Female,,5.0,146.0,Телец,27.0,6.0,3.0,0.0,Bachelors,915510779857,Bangalore,S,,2012.0,4.0,0
,Нет,Male,No,1.0,424.0,Близнецы,28.0,7.0,3.0,1.0,Masters,916053989430,New Delhi,XL,6.0,2016.0,2.0,0
,Нет,Female,,3.0,365.0,Козерог,,4.0,3.0,1.0,Bachelors,918465135609,New Delhi,,12.0,2016.0,5.0,0
,Нет,Female,Yes,,365.0,Козерог,25.0,4.0,3.0,1.0,Bachelors,918465135609,,XL,12.0,,5.0,0
2001.0,,Female,Yes,3.0,365.0,Козерог,25.0,4.0,3.0,,,918465135609,New Delhi,,,2016.0,5.0,0
2001.0,Нет,,,,365.0,Козерог,25.0,4.0,3.0,1.0,Bachelors,918465135609,New Delhi,XL,12.0,2016.0,5.0,0
1998.0,Нет,Female,No,,233.0,Телец,28.0,,3.0,,Masters,915262391999,,M,12.0,2015.0,3.0,0
1998.0,,Female,No,3.0,233.0,Телец,28.0,3.0,3.0,0.0,Masters,915262391999,New Delhi,,12.0,,3.0,0
1998.0,Нет,Female,No,3.0,233.0,Телец,28.0,3.0,,0.0,Masters,915262391999,,M,12.0,2015.0,3.0,0
2002.0,Да,Female,No,2.0,87.0,Козерог,24.0,,,,Bachelors,917669856859,,M,,2013.0,2.0,1
2002.0,Да,Female,No,2.0,87.0,,,9.0,1.0,1.0,Bachelors,917669856859,New Delhi,M,4.0,2013.0,2.0,1
2002.0,Да,Female,No,2.0,87.0,,24.0,9.0,,1.0,Bachelors,917669856859,New Delhi,M,4.0,2013.0,2.0,1
2002.0,Да,Female,No,2.0,87.0,,24.0,9.0,1.0,1.0,Bachelors,917669856859,New Delhi,,4.0,2013.0,2.0,1
2002.0,Да,Female,No,,87.0,Козерог,24.0,9.0,1.0,1.0,Bachelors,917669856859,New Delhi,,4.0,2013.0,2.0,1
2001.0,,,,3.0,86.0,Близнецы,25.0,10.0,,1.0,Bachelors,919734298068,New Delhi,XS,0.0,,2.0,1
2001.0,Да,Female,No,3.0,86.0,,25.0,,,1.0,,919734298068,New Delhi,,0.0,2015.0,2.0,1
2001.0,Да,Female,No,3.0,398.0,Весы,25.0,9.0,1.0,1.0,,914818979716,Pune,M,3.0,2016.0,,1
2001.0,,Female,No,3.0,398.0,,25.0,9.0,1.0,1.0,,914818979716,,M,3.0,,,1
2001.0,Да,,No,3.0,398.0,Весы,25.0,9.0,1.0,1.0,Bachelors,914818979716,,M,3.0,2016.0,3.0,1
,Да,Female,No,3.0,398.0,Весы,25.0,9.0,1.0,,Bachelors,914818979716,Pune,,3.0,2016.0,,1
2001.0,Да,Female,No,3.0,,Весы,25.0,9.0,1.0,1.0,Bachelors,914818979716,,M,3.0,2016.0,,1
2001.0,,Male,Yes,3.0,36.0,Козерог,,8.0,3.0,0.0,Masters,917396042421,New Delhi,L,,2013.0,4.0,1
2001.0,,Male,Yes,3.0,36.0,Козерог,,8.0,3.0,,Masters,917396042421,,L,1.0,2013.0,4.0,1
,Да,Male,,3.0,,Козерог,25.0,8.0,3.0,0.0,Masters,917396042421,New Delhi,L,1.0,2013.0,4.0,1
,Да,Female,No,3.0,434.0,Стрелец,,,3.0,0.0,Masters,911223256349,,M,,2013.0,5.0,1
,Да,Female,,,434.0,,25.0,0.0,3.0,0.0,Masters,911223256349,New Delhi,M,1.0,2013.0,,1
2001.0,Да,Female,No,3.0,434.0,Стрелец,25.0,0.0,3.0,0.0,Masters,911223256349,,M,1.0,2013.0,5.0,1
2001.0,,Female,No,3.0,434.0,Стрелец,25.0,0.0,3.0,,,911223256349,New Delhi,M,1.0,,5.0,1
,Нет,Female,No,2.0,,Рыбы,28.0,2.0,1.0,,Bachelors,918471765853,Bangalore,M,6.0,,3.0,0
1999.0,Нет,Female,No,2.0,354.0,Рыбы,28.0,2.0,1.0,0.0,,918471765853,Bangalore,M,,2013.0,3.0,0
1999.0,,Female,No,2.0,,Рыбы,28.0,2.0,1.0,0.0,Bachelors,918471765853,,,6.0,,3.0,0
1999.0,Нет,Female,No,2.0,,Рыбы,,2.0,1.0,0.0,Bachelors,918471765853,,M,6.0,2013.0,3.0,0
1999.0,Нет,,,2.0,,Рыбы,28.0,2.0,1.0,,Bachelors,918471765853,Bangalore,M,6.0,2013.0,3.0,0
2000.0,Да,Female,No,,146.0,Козерог,27.0,5.0,3.0,1.0,Masters,919375770969,Bangalore,M,2.0,2014.0,,1
2000.0,Да,Female,No,5.0,,,27.0,5.0,3.0,1.0,Masters,919375770969,Bangalore,,2.0,2014.0,1.0,1
2000.0,,Female,,5.0,,Козерог,,5.0,3.0,1.0,,919375770969,,M,2.0,2014.0,1.0,1
2000.0,Да,Female,No,5.0,,Козерог,27.0,5.0,,1.0,,919375770969,Bangalore,M,2.0,2014.0,1.0,1
,,Female,No,5.0,146.0,Козерог,27.0,,,1.0,Masters,919375770969,Bangalore,M,2.0,,,1
2002.0,Нет,Male,No,3.0,,Лев,25.0,7.0,3.0,1.0,,919409750960,New Delhi,M,,2017.0,1.0,0
1998.0,Нет,,Yes,5.0,284.0,Дева,27.0,9.0,2.0,,Bachelors,914017716467,Pune,,,2013.0,1.0,0
1998.0,Нет,Male,Yes,5.0,284.0,,27.0,9.0,2.0,1.0,Bachelors,914017716467,Pune,S,7.0,2013.0,1.0,0
1998.0,Нет,,Yes,5.0,284.0,Дева,27.0,9.0,,1.0,Bachelors,914017716467,Pune,S,,2013.0,1.0,0
1998.0,Нет,Male,Yes,5.0,284.0,Дева,27.0,9.0,2.0,1.0,,914017716467,,,,2013.0,1.0,0
1998.0,,Male,Yes,5.0,284.0,,27.0,9.0,2.0,1.0,Bachelors,914017716467,Pune,S,7.0,2013.0,1.0,0
2002.0,Нет,Male,Yes,,142.0,Водолей,,,3.0,1.0,Bachelors,919756779313,Bangalore,XL,,2016.0,1.0,0
,Нет,Male,,3.0,142.0,Водолей,25.0,,3.0,1.0,Bachelors,919756779313,Bangalore,XL,,2016.0,1.0,0
2002.0,Нет,Male,Yes,3.0,142.0,Водолей,25.0,3.0,,1.0,Bachelors,919756779313,Bangalore,,14.0,2016.0,1.0,0
2002.0,Нет,Male,,3.0,142.0,Водолей,25.0,,,1.0,,919756779313,Bangalore,XL,14.0,2016.0,1.0,0
2002.0,Нет,Male,,3.0,,Водолей,25.0,3.0,3.0,1.0,Bachelors,919756779313,Bangalore,XL,14.0,2016.0,1.0,0
,Да,Male,No,3.0,,Телец,25.0,4.0,3.0,0.0,,918826747779,Bangalore,S,9.0,,,1
,Да,Male,,,,Телец,25.0,4.0,3.0,0.0,Bachelors,918826747779,Bangalore,S,9.0,,5.0,1
2000.0,Да,Male,,3.0,196.0,,,4.0,3.0,0.0,Bachelors,918826747779,Bangalore,S,9.0,2017.0,5.0,1
2000.0,Да,Male,No,,196.0,Телец,25.0,4.0,3.0,0.0,Bachelors,918826747779,Bangalore,S,9.0,2017.0,5.0,1
1999.0,Нет,Female,No,3.0,125.0,Рыбы,28.0,2.0,3.0,1.0,Masters,919260942252,Pune,XS,2.0,2015.0,5.0,0
1999.0,Нет,Female,No,3.0,125.0,Рыбы,28.0,2.0,3.0,1.0,,919260942252,,XS,2.0,2015.0,5.0,0
,Нет,,,3.0,125.0,Рыбы,28.0,2.0,3.0,1.0,Masters,919260942252,Pune,XS,2.0,,5.0,0
1999.0,Нет,Female,No,3.0,125.0,,28.0,,3.0,1.0,,919260942252,,XS,,2015.0,,0
1999.0,,Female,No,,125.0,,28.0,2.0,,1.0,Masters,919260942252,Pune,XS,2.0,2015.0,5.0,0
,Да,Female,No,4.0,196.0,Рак,26.0,10.0,2.0,0.0,,915045770484,Pune,M,,,,1
,,Female,,,,Рак,26.0,,2.0,0.0,Bachelors,915045770484,,M,15.0,2013.0,2.0,1
2000.0,Да,,,4.0,196.0,Рак,26.0,10.0,2.0,,,915045770484,,M,15.0,2013.0,2.0,1
1997.0,Нет,,,3.0,,Козерог,28.0,,3.0,1.0,Bachelors,914085389979,New Delhi,M,3.0,2013.0,3.0,0
1997.0,Нет,Female,Yes,,16.0,Козерог,28.0,9.0,,,Bachelors,914085389979,New Delhi,M,3.0,2013.0,3.0,0
1997.0,Нет,Female,Yes,3.0,,,,9.0,3.0,1.0,,914085389979,,M,3.0,2013.0,3.0,0
2000.0,Да,Male,,,59.0,Дева,25.0,6.0,2.0,,Bachelors,911403891794,Pune,XL,4.0,2012.0,4.0,1
2000.0,Да,Male,No,,59.0,Дева,25.0,6.0,2.0,,Bachelors,911403891794,Pune,XL,,2012.0,,1
2000.0,Да,,No,3.0,59.0,,25.0,6.0,2.0,1.0,Bachelors,911403891794,Pune,,4.0,2012.0,,1
2000.0,Да,Male,No,3.0,59.0,,25.0,6.0,2.0,1.0,Bachelors,911403891794,Pune,XL,4.0,2012.0,4.0,1
2000.0,Да,Male,No,3.0,59.0,Дева,25.0,,,1.0,Bachelors,911403891794,Pune,,4.0,,4.0,1
,Да,Female,No,5.0,,Лев,27.0,5.0,3.0,0.0,Bachelors,918778390590,Bangalore,M,,2017.0,2.0,1
2002.0,Да,,Yes,2.0,,,24.0,,2.0,0.0,Bachelors,912758264161,Pune,M,11.0,,1.0,1
2002.0,Да,Female,Yes,,394.0,Водолей,24.0,,2.0,0.0,Bachelors,912758264161,,M,11.0,2015.0,1.0,1
2002.0,Да,Female,,2.0,394.0,Водолей,24.0,,,0.0,Bachelors,912758264161,Pune,M,,2015.0,1.0,1
2002.0,Да,Female,Yes,,,Водолей,24.0,,2.0,0.0,Bachelors,912758264161,Pune,,11.0,2015.0,1.0,1
2002.0,Да,,Yes,2.0,394.0,Водолей,,1.0,,0.0,,912758264161,Pune,,,2015.0,1.0,1
2003.0,Нет,,Yes,2.0,225.0,,24.0,4.0,3.0,0.0,Bachelors,918046452278,,XS,7.0,2017.0,5.0,0
2003.0,,Female,Yes,2.0,225.0,Козерог,,4.0,3.0,0.0,,918046452278,Bangalore,XS,,2017.0,5.0,0
2003.0,Нет,Female,Yes,2.0,225.0,Козерог,24.0,4.0,3.0,,Bachelors,918046452278,Bangalore,XS,7.0,2017.0,5.0,0
,Нет,,No,3.0,489.0,Дева,25.0,,2.0,0.0,,911382584590,New Delhi,S,9.0,,5.0,0
2001.0,Нет,Female,No,3.0,489.0,Дева,25.0,1.0,,0.0,Bachelors,911382584590,New Delhi,S,9.0,2017.0,5.0,0
1997.0,Нет,,,,238.0,,28.0,0.0,3.0,1.0,Bachelors,914478167003,,,11.0,2016.0,2.0,0
,Да,Male,,3.0,206.0,Скорпион,,5.0,2.0,1.0,Masters,917462183614,Pune,,7.0,2017.0,1.0,1
2001.0,Да,Female,,3.0,111.0,Телец,25.0,,2.0,1.0,Masters,915853044656,Bangalore,S,4.0,2017.0,2.0,1
2001.0,Да,Female,Yes,3.0,111.0,Телец,,2.0,2.0,,Masters,915853044656,,S,4.0,2017.0,2.0,1
,Да,Female,Yes,3.0,111.0,Телец,25.0,2.0,2.0,1.0,Masters,915853044656,,S,4.0,2017.0,2.0,1
,Да,,Yes,,111.0,Телец,25.0,2.0,2.0,1.0,Masters,915853044656,Bangalore,S,4.0,2017.0,,1
2001.0,,Female,Yes,3.0,111.0,Телец,25.0,2.0,2.0,1.0,Masters,915853044656,,S,4.0,2017.0,2.0,1
,Да,Female,No,2.0,,Дева,24.0,6.0,3.0,0.0,Bachelors,917043628913,Bangalore,L,10.0,2017.0,3.0,1
2003.0,Да,,No,,471.0,Дева,24.0,6.0,3.0,,Bachelors,917043628913,,L,10.0,,3.0,1
2003.0,,,,,471.0,,24.0,,,,Bachelors,917043628913,Bangalore,L,10.0,2017.0,3.0,1
2001.0,,,Yes,,27.0,Рыбы,24.0,10.0,,,,912750011503,Bangalore,,1.0,2018.0,,1
2001.0,Да,,Yes,2.0,27.0,,,10.0,3.0,0.0,,912750011503,Bangalore,S,1.0,2018.0,4.0,1
,,Male,Yes,2.0,27.0,Рыбы,24.0,10.0,3.0,0.0,Bachelors,912750011503,Bangalore,S,,2018.0,4.0,1
,Да,Male,Yes,2.0,27.0,Рыбы,24.0,10.0,3.0,0.0,Bachelors,912750011503,,S,1.0,2018.0,4.0,1
,Да,Male,Yes,,27.0,Рыбы,,,3.0,0.0,Bachelors,912750011503,Bangalore,,1.0,2018.0,4.0,1
1999.0,Нет,Male,No,1.0,416.0,Овен,28.0,,3.0,1.0,Bachelors,913028814074,New Delhi,S,7.0,2016.0,5.0,0
,Нет,Male,No,1.0,,Овен,,4.0,3.0,1.0,Bachelors,913028814074,New Delhi,S,7.0,2016.0,5.0,0
,Нет,Male,No,1.0,416.0,Овен,28.0,,3.0,,,913028814074,New Delhi,S,7.0,2016.0,5.0,0
1999.0,Нет,Male,No,1.0,416.0,Овен,,4.0,3.0,1.0,Bachelors,913028814074,New Delhi,S,7.0,2016.0,,0
1999.0,,Male,No,1.0,,Овен,28.0,,3.0,,Bachelors,913028814074,New Delhi,,7.0,2016.0,5.0,0
2001.0,,,No,2.0,4.0,,24.0,4.0,,,Masters,915487277407,,M,1.0,,1.0,1
2001.0,Да,Male,No,,4.0,Весы,24.0,4.0,2.0,0.0,,915487277407,New Delhi,,1.0,,,1
2001.0,Да,Male,,2.0,4.0,,24.0,4.0,2.0,0.0,,915487277407,New Delhi,M,1.0,,1.0,1
,Да,Male,,2.0,4.0,Весы,24.0,4.0,,0.0,Masters,915487277407,New Delhi,M,1.0,2017.0,1.0,1
2001.0,Да,Male,No,2.0,4.0,,,4.0,2.0,,Masters,915487277407,New Delhi,M,1.0,2017.0,1.0,1
2002.0,Да,,No,,,,,10.0,3.0,,Bachelors,914427035432,Bangalore,S,10.0,2017.0,5.0,1
,Да,,No,2.0,12.0,Телец,24.0,10.0,3.0,0.0,Bachelors,914427035432,Bangalore,S,10.0,,5.0,1
,Да,Female,No,3.0,,Овен,25.0,5.0,,,Masters,912952902247,,,,2014.0,1.0,1
2000.0,,,No,,467.0,Овен,25.0,5.0,3.0,1.0,,912952902247,New Delhi,S,15.0,2014.0,,1
1999.0,Да,Male,No,2.0,14.0,Водолей,28.0,,,1.0,Bachelors,911337583368,Bangalore,XL,,,,1
1999.0,,Male,No,2.0,14.0,Водолей,28.0,3.0,3.0,1.0,Bachelors,911337583368,Bangalore,XL,5.0,,,1
,,Male,No,,,Водолей,28.0,,3.0,1.0,Bachelors,911337583368,Bangalore,XL,5.0,2017.0,2.0,1
1998.0,Да,Male,Yes,3.0,,Козерог,28.0,4.0,3.0,1.0,,914847469417,Bangalore,XXL,14.0,,3.0,1
1998.0,Нет,Female,No,2.0,423.0,,28.0,6.0,3.0,1.0,Bachelors,911926093103,Pune,S,3.0,2012.0,,0
1998.0,Нет,Female,,2.0,423.0,Стрелец,,6.0,3.0,1.0,Bachelors,911926093103,Pune,S,,2012.0,5.0,0
1998.0,Нет,Female,,2.0,423.0,Стрелец,28.0,6.0,3.0,1.0,Bachelors,911926093103,,S,3.0,2012.0,5.0,0
2002.0,Нет,,No,2.0,,,24.0,6.0,3.0,0.0,PHD,911776096430,New Delhi,XS,12.0,2016.0,,0
2002.0,Нет,Female,No,,249.0,Скорпион,24.0,6.0,3.0,0.0,PHD,911776096430,New Delhi,XS,,2016.0,3.0,0
2002.0,,,No,2.0,249.0,Скорпион,24.0,,3.0,0.0,PHD,911776096430,New Delhi,XS,,2016.0,3.0,0
2002.0,,Female,No,2.0,249.0,Скорпион,24.0,6.0,,0.0,,911776096430,,XS,12.0,2016.0,3.0,0
2000.0,Да,Female,No,5.0,,Рак,27.0,10.0,2.0,0.0,Masters,919808094308,New Delhi,M,13.0,2017.0,3.0,1
2000.0,Да,Female,,5.0,257.0,Рак,27.0,10.0,,0.0,Masters,919808094308,,M,,,3.0,1
2000.0,Да,Female,,5.0,375.0,Телец,27.0,,2.0,,,911844901303,New Delhi,M,14.0,2013.0,1.0,1
2000.0,Да,,,,375.0,,27.0,5.0,2.0,1.0,Masters,911844901303,New Delhi,M,14.0,2013.0,1.0,1
2001.0,Нет,Female,No,4.0,206.0,Рыбы,26.0,4.0,3.0,1.0,Bachelors,919557242495,Bangalore,,9.0,,2.0,0
2001.0,,Female,No,,206.0,Рыбы,26.0,4.0,3.0,1.0,Bachelors,919557242495,Bangalore,,9.0,2015.0,,0
2001.0,,Female,,4.0,206.0,Рыбы,26.0,4.0,3.0,1.0,,919557242495,Bangalore,M,9.0,2015.0,,0
,,,No,4.0,206.0,,26.0,4.0,3.0,1.0,Bachelors,919557242495,Bangalore,M,9.0,2015.0,2.0,0
,Нет,Female,No,4.0,206.0,Рыбы,26.0,4.0,3.0,1.0,Bachelors,919557242495,Bangalore,M,9.0,2015.0,,0
1999.0,,,No,1.0,131.0,Козерог,28.0,2.0,,,Masters,914036501879,New Delhi,S,,2015.0,,1
1999.0,Да,Female,No,1.0,131.0,,28.0,,3.0,0.0,Masters,914036501879,New Delhi,,,2015.0,4.0,1
,Да,Female,No,1.0,131.0,Козерог,28.0,2.0,3.0,0.0,,914036501879,New Delhi,S,,2015.0,,1
,Да,Female,No,4.0,387.0,Водолей,26.0,8.0,3.0,1.0,,914437117191,Bangalore,S,11.0,2015.0,2.0,1
,Да,Female,,4.0,387.0,Водолей,26.0,8.0,3.0,1.0,Bachelors,914437117191,Bangalore,S,11.0,2015.0,2.0,1
2000.0,,Female,No,4.0,,Водолей,26.0,8.0,3.0,1.0,Bachelors,914437117191,Bangalore,S,11.0,2015.0,,1
2000.0,Да,Female,No,,387.0,Водолей,26.0,,3.0,1.0,Bachelors,914437117191,Bangalore,S,11.0,2015.0,2.0,1
2003.0,Нет,Male,No,2.0,452.0,,24.0,3.0,3.0,0.0,Bachelors,916876702393,Pune,XL,12.0,,1.0,0
2003.0,Нет,Male,,2.0,452.0,Скорпион,24.0,3.0,3.0,,,916876702393,,,,2012.0,1.0,0
2003.0,,,No,2.0,,Скорпион,24.0,3.0,3.0,0.0,Bachelors,916876702393,Pune,XL,12.0,2012.0,1.0,0
2002.0,Нет,Male,No,2.0,182.0,Водолей,24.0,9.0,3.0,1.0,Bachelors,916292527013,New Delhi,M,4.0,2013.0,3.0,0
2002.0,Нет,Male,,2.0,182.0,,24.0,9.0,3.0,1.0,Bachelors,916292527013,New Delhi,M,4.0,,3.0,0
2002.0,Нет,,No,2.0,182.0,,24.0,,3.0,1.0,Bachelors,916292527013,New Delhi,M,4.0,2013.0,3.0,0
2000.0,Нет,Female,,4.0,343.0,Стрелец,26.0,,,1.0,,914830324138,Pune,L,9.0,2015.0,,0
1998.0,Да,Male,No,,,Овен,,4.0,,,Bachelors,913501901346,Bangalore,L,10.0,,2.0,1
,,Male,No,5.0,,Овен,,4.0,3.0,1.0,Bachelors,913501901346,Bangalore,L,10.0,2016.0,2.0,1
1997.0,,Female,No,4.0,278.0,Телец,,7.0,3.0,1.0,Bachelors,915816848522,New Delhi,M,15.0,2016.0,1.0,0
1997.0,,Female,No,4.0,278.0,Телец,28.0,7.0,3.0,,,915816848522,New Delhi,M,15.0,,1.0,0
,Нет,Female,No,4.0,278.0,Телец,,7.0,,,Bachelors,915816848522,New Delhi,M,15.0,2016.0,1.0,0
,Нет,Female,,4.0,278.0,Телец,,7.0,3.0,1.0,,915816848522,New Delhi,M,,2016.0,1.0,0
1997.0,Нет,,No,,278.0,Телец,28.0,7.0,3.0,1.0,Bachelors,915816848522,New Delhi,,15.0,,1.0,0
1999.0,Да,Female,No,,63.0,Стрелец,27.0,1.0,2.0,,,914280057620,Bangalore,M,3.0,2015.0,2.0,1
1997.0,Нет,,No,0.0,469.0,Лев,28.0,3.0,1.0,0.0,Masters,912420072561,Pune,L,9.0,2017.0,3.0,0
1997.0,Нет,Male,No,0.0,469.0,Лев,28.0,3.0,,,Masters,912420072561,Pune,L,9.0,,3.0,0
1997.0,Нет,Male,No,0.0,469.0,Лев,28.0,3.0,1.0,0.0,Masters,912420072561,Pune,L,,,3.0,0
1998.0,Нет,Female,,2.0,,Близнецы,28.0,0.0,3.0,0.0,Masters,915027610637,New Delhi,,12.0,2015.0,2.0,0
1998.0,Нет,Female,No,2.0,155.0,Близнецы,,0.0,3.0,0.0,Masters,915027610637,,,,2015.0,2.0,0
,Нет,Female,No,2.0,155.0,Близнецы,,0.0,3.0,0.0,Masters,915027610637,,M,12.0,2015.0,2.0,0
1998.0,Нет,,No,2.0,,,28.0,0.0,3.0,,Masters,915027610637,New Delhi,M,12.0,,2.0,0
2001.0,Да,Male,,,348.0,Стрелец,26.0,10.0,3.0,0.0,Bachelors,915039046333,Bangalore,M,11.0,2017.0,1.0,1
2001.0,Да,,No,4.0,348.0,Стрелец,26.0,10.0,3.0,0.0,Bachelors,915039046333,Bangalore,M,11.0,2017.0,1.0,1
2001.0,Да,Male,No,,,,,10.0,3.0,,Bachelors,915039046333,Bangalore,M,11.0,2017.0,1.0,1
2001.0,Да,Male,No,4.0,,Стрелец,26.0,10.0,,0.0,Bachelors,915039046333,,,11.0,2017.0,1.0,1
1997.0,Да,Female,No,,,,,8.0,,1.0,,914098880091,Pune,,12.0,2017.0,1.0,1
,Да,Female,No,4.0,405.0,Телец,28.0,8.0,3.0,1.0,,914098880091,,S,12.0,2017.0,,1
,Да,,No,4.0,405.0,Телец,28.0,8.0,3.0,1.0,Bachelors,914098880091,Pune,S,12.0,2017.0,1.0,1
1997.0,Да,Female,No,4.0,405.0,Телец,28.0,8.0,3.0,1.0,,914098880091,Pune,S,,2017.0,1.0,1
1997.0,Да,,No,4.0,,Телец,,8.0,3.0,1.0,,914098880091,Pune,S,12.0,2017.0,1.0,1
2000.0,,Female,No,5.0,352.0,Телец,,7.0,2.0,1.0,Masters,918231023634,Pune,S,,2015.0,1.0,0
,Нет,Female,No,5.0,,Телец,27.0,7.0,2.0,1.0,Masters,918231023634,,S,,,1.0,0
2000.0,Нет,,No,5.0,,Телец,27.0,,,1.0,Masters,918231023634,Pune,S,10.0,2015.0,1.0,0
,Нет,,No,,283.0,Рак,28.0,3.0,3.0,1.0,Bachelors,916506382012,,M,12.0,2013.0,1.0,0
1997.0,Нет,Female,No,1.0,283.0,,28.0,,3.0,1.0,Bachelors,916506382012,Bangalore,,12.0,2013.0,1.0,0
1997.0,Нет,Female,,1.0,283.0,Рак,28.0,,3.0,1.0,Bachelors,916506382012,Bangalore,M,12.0,2013.0,1.0,0
1998.0,,Female,No,2.0,226.0,Телец,28.0,10.0,3.0,1.0,,919477430303,,,6.0,,1.0,1
1998.0,Да,Female,No,,226.0,Телец,,,3.0,1.0,Bachelors,919477430303,Bangalore,XL,6.0,,1.0,1
,Да,Male,No,4.0,104.0,Козерог,,10.0,3.0,1.0,PHD,917777255574,,L,7.0,2018.0,3.0,1
1999.0,Да,Male,No,4.0,104.0,Козерог,26.0,10.0,3.0,1.0,PHD,917777255574,,L,7.0,2018.0,3.0,1
1999.0,Да,Male,,4.0,,Козерог,26.0,10.0,3.0,,PHD,917777255574,New Delhi,L,,,3.0,1
,,Male,No,4.0,104.0,Козерог,26.0,10.0,,1.0,PHD,917777255574,New Delhi,L,7.0,2018.0,3.0,1
1999.0,Да,Male,No,4.0,104.0,Козерог,26.0,10.0,3.0,1.0,PHD,917777255574,New Delhi,L,,,3.0,1
1999.0,Да,Male,No,2.0,156.0,Лев,28.0,9.0,3.0,1.0,Bachelors,915465282103,Pune,L,2.0,2018.0,3.0,1
1999.0,Да,,,2.0,156.0,Лев,,9.0,3.0,1.0,,915465282103,Pune,L,2.0,2018.0,3.0,1
1999.0,Да,,,2.0,156.0,Лев,28.0,9.0,3.0,1.0,Bachelors,915465282103,Pune,L,,,3.0,1
1999.0,,Male,No,,156.0,Лев,28.0,9.0,3.0,1.0,Bachelors,915465282103,,L,2.0,2018.0,3.0,1
1999.0,,Male,No,2.0,156.0,Лев,,9.0,3.0,1.0,Bachelors,915465282103,Pune,L,2.0,2018.0,3.0,1
,Нет,Male,No,4.0,254.0,Рак,26.0,8.0,3.0,,,915553280806,New Delhi,XL,10.0,2013.0,2.0,0
2000.0,,,No,,254.0,Рак,26.0,8.0,3.0,,,915553280806,,XL,10.0,2013.0,2.0,0
2000.0,Нет,Male,No,4.0,,,26.0,,3.0,1.0,Bachelors,915553280806,New Delhi,XL,10.0,2013.0,2.0,0
2000.0,Нет,,,,254.0,Рак,26.0,8.0,,1.0,Bachelors,915553280806,New Delhi,XL,10.0,,2.0,0
,Нет,Male,Yes,1.0,375.0,,28.0,,3.0,1.0,Bachelors,913413761812,Bangalore,S,8.0,2013.0,1.0,0
1998.0,,Male,Yes,1.0,375.0,Весы,28.0,3.0,3.0,1.0,Bachelors,913413761812,Bangalore,S,8.0,2013.0,1.0,0
1998.0,Нет,,Yes,1.0,375.0,Весы,28.0,3.0,3.0,1.0,Bachelors,913413761812,,S,8.0,2013.0,1.0,0
1998.0,Нет,,Yes,1.0,375.0,Весы,28.0,3.0,3.0,1.0,Bachelors,913413761812,Bangalore,S,8.0,2013.0,,0
,Нет,Male,Yes,1.0,375.0,,28.0,3.0,3.0,1.0,Bachelors,913413761812,Bangalore,S,8.0,2013.0,1.0,0
1999.0,Нет,Male,No,4.0,452.0,Рыбы,26.0,3.0,1.0,0.0,PHD,917753152326,New Delhi,M,7.0,2016.0,,0
1999.0,,Male,No,4.0,452.0,Рыбы,26.0,,1.0,0.0,PHD,917753152326,New Delhi,M,,2016.0,1.0,0
1999.0,,Male,,4.0,452.0,,26.0,3.0,1.0,0.0,PHD,917753152326,New Delhi,,7.0,,,0
1999.0,Нет,Male,No,4.0,452.0,,,3.0,,0.0,PHD,917753152326,,M,7.0,2016.0,1.0,0
1997.0,Нет,,No,,492.0,Дева,28.0,2.0,2.0,1.0,Bachelors,913657913231,Bangalore,S,15.0,,3.0,0
1997.0,,Female,No,1.0,492.0,Дева,28.0,2.0,2.0,1.0,Bachelors,913657913231,Bangalore,S,15.0,,,0
1997.0,Нет,Female,No,,492.0,Дева,28.0,2.0,2.0,1.0,Bachelors,913657913231,Bangalore,,,2017.0,3.0,0
2002.0,Нет,Female,,3.0,320.0,Телец,25.0,,3.0,0.0,,917479038495,New Delhi,S,9.0,2014.0,4.0,0
1999.0,Нет,Male,,5.0,433.0,Овен,28.0,7.0,3.0,1.0,Bachelors,913671097750,Bangalore,M,0.0,2014.0,,0
1999.0,,,No,5.0,433.0,Овен,,7.0,3.0,,Bachelors,913671097750,Bangalore,M,0.0,2014.0,,0
1999.0,Нет,Male,No,5.0,433.0,Овен,28.0,7.0,3.0,,Bachelors,913671097750,Bangalore,M,0.0,,2.0,0
1999.0,,Male,Yes,0.0,474.0,,28.0,2.0,,0.0,,911002578495,Bangalore,S,15.0,2016.0,5.0,0
1999.0,Нет,Male,Yes,0.0,474.0,Телец,,2.0,3.0,0.0,Bachelors,911002578495,Bangalore,S,15.0,2016.0,5.0,0
1998.0,Нет,Male,,5.0,494.0,Овен,27.0,1.0,,0.0,PHD,917394890415,,L,9.0,,5.0,0
,Нет,Male,,5.0,494.0,,27.0,,3.0,0.0,PHD,917394890415,,L,,,,0
,Нет,Male,No,5.0,,Овен,27.0,1.0,3.0,0.0,PHD,917394890415,Pune,L,9.0,2017.0,5.0,0
1998.0,Нет,Male,No,,494.0,Овен,27.0,,3.0,0.0,PHD,917394890415,Pune,L,9.0,2017.0,5.0,0
2000.0,Нет,Male,No,3.0,411.0,Скорпион,25.0,7.0,3.0,0.0,Masters,914425784369,Bangalore,L,8.0,2017.0,2.0,0
2000.0,Нет,,No,4.0,134.0,Козерог,26.0,7.0,1.0,1.0,Masters,916889612519,Bangalore,,10.0,2017.0,4.0,0
2000.0,,,No,4.0,,,26.0,7.0,1.0,1.0,Masters,916889612519,Bangalore,,10.0,2017.0,4.0,0
1999.0,Нет,Male,No,4.0,169.0,Весы,26.0,1.0,3.0,1.0,Masters,916897323299,Pune,L,11.0,2012.0,3.0,1
2001.0,Нет,,No,,63.0,Близнецы,25.0,,,0.0,PHD,919333040389,Bangalore,L,11.0,2016.0,3.0,0
,Нет,Male,,3.0,63.0,Близнецы,25.0,3.0,3.0,0.0,PHD,919333040389,Bangalore,L,11.0,2016.0,3.0,0
2001.0,,,No,,63.0,Близнецы,25.0,3.0,3.0,0.0,PHD,919333040389,,L,,,3.0,0
2001.0,Да,Male,No,3.0,490.0,,25.0,3.0,2.0,1.0,Bachelors,919485552212,New Delhi,S,8.0,2017.0,,1
2001.0,Да,Male,No,3.0,490.0,Рак,25.0,3.0,2.0,1.0,Bachelors,919485552212,New Delhi,S,,2017.0,5.0,1
,,Male,,,490.0,Рак,25.0,,2.0,1.0,Bachelors,919485552212,New Delhi,S,8.0,2017.0,5.0,1
,Нет,Female,No,5.0,,Лев,27.0,4.0,3.0,0.0,,917162841655,New Delhi,S,,2015.0,2.0,0
2000.0,Нет,Female,No,5.0,397.0,,27.0,4.0,3.0,0.0,Bachelors,917162841655,New Delhi,,8.0,2015.0,,0
2000.0,Нет,Female,No,5.0,397.0,,27.0,4.0,3.0,,,917162841655,New Delhi,S,8.0,2015.0,,0
,Нет,Male,No,3.0,75.0,,25.0,5.0,,1.0,Masters,917384665245,Pune,,2.0,2017.0,4.0,0
2001.0,Нет,Male,No,3.0,75.0,Рыбы,25.0,5.0,2.0,1.0,,917384665245,Pune,L,2.0,2017.0,4.0,0
2001.0,Нет,Male,No,3.0,75.0,Рыбы,25.0,5.0,,1.0,Masters,917384665245,Pune,L,,,4.0,0
,Нет,Female,No,2.0,207.0,Скорпион,24.0,,,1.0,Masters,918677901043,Bangalore,S,0.0,2014.0,5.0,0
1997.0,Да,Female,No,2.0,,Овен,28.0,1.0,3.0,0.0,Bachelors,918613098553,Pune,M,6.0,2014.0,2.0,1
,,,,2.0,180.0,Овен,28.0,1.0,3.0,0.0,Bachelors,918613098553,Pune,M,,,2.0,1
1997.0,Да,Female,,,,,,1.0,3.0,0.0,Bachelors,918613098553,Pune,M,6.0,2014.0,2.0,1
1999.0,Да,,No,0.0,60.0,,28.0,7.0,2.0,0.0,Bachelors,913649755583,Pune,,,2014.0,2.0,1
,Нет,Female,Yes,3.0,146.0,Дева,25.0,9.0,3.0,1.0,Bachelors,917032982228,,S,,2017.0,2.0,0
2000.0,Нет,Female,Yes,3.0,146.0,Дева,,9.0,3.0,1.0,Bachelors,917032982228,,S,14.0,2017.0,2.0,0
2000.0,Нет,Female,Yes,3.0,,,,9.0,3.0,1.0,Bachelors,917032982228,New Delhi,S,14.0,2017.0,2.0,0
2000.0,Нет,Female,Yes,3.0,,Дева,25.0,9.0,3.0,1.0,Bachelors,917032982228,New Delhi,,14.0,2017.0,2.0,0
2000.0,Нет,Female,,,146.0,Дева,25.0,,,1.0,Bachelors,917032982228,New Delhi,S,14.0,2017.0,2.0,0
,Да,Male,No,4.0,364.0,,26.0,8.0,2.0,0.0,Masters,911445909571,Bangalore,M,5.0,2017.0,2.0,1
,Нет,Female,No,5.0,,Водолей,27.0,1.0,3.0,1.0,Bachelors,917326057978,New Delhi,,9.0,2014.0,1.0,0
,Нет,Female,No,,217.0,Водолей,27.0,1.0,3.0,1.0,,917326057978,,,9.0,2014.0,1.0,0
1998.0,Нет,Male,No,5.0,348.0,Дева,28.0,,3.0,0.0,,915575891876,,L,10.0,2017.0,3.0,0
2001.0,Нет,Female,No,2.0,,Рак,24.0,7.0,1.0,0.0,Bachelors,917334454285,Bangalore,,0.0,2015.0,4.0,0
2001.0,,Female,No,2.0,67.0,,24.0,7.0,1.0,0.0,,917334454285,,L,0.0,,4.0,0
2001.0,Нет,Female,No,2.0,67.0,Рак,,7.0,,0.0,Bachelors,917334454285,Bangalore,L,0.0,,4.0,0
,Да,Female,No,4.0,21.0,,28.0,5.0,3.0,0.0,,912815044931,Pune,,14.0,,1.0,1
1998.0,Да,Female,No,,21.0,Телец,28.0,5.0,3.0,,Bachelors,912815044931,Pune,M,14.0,2016.0,,1
1999.0,Да,,Yes,5.0,27.0,Близнецы,27.0,10.0,3.0,0.0,,912156550229,Pune,S,10.0,2015.0,2.0,1
1999.0,Да,Female,Yes,5.0,27.0,,,10.0,3.0,0.0,Bachelors,912156550229,Pune,S,10.0,2015.0,2.0,1
1999.0,Да,Female,Yes,5.0,27.0,Близнецы,27.0,10.0,,0.0,Bachelors,912156550229,Pune,S,10.0,2015.0,2.0,1
1999.0,Да,Female,Yes,5.0,27.0,Близнецы,27.0,10.0,3.0,0.0,Bachelors,912156550229,Pune,S,10.0,2015.0,2.0,1
,Да,Female,Yes,5.0,27.0,,27.0,10.0,,0.0,Bachelors,912156550229,Pune,S,10.0,,2.0,1
,Нет,Female,No,3.0,361.0,Стрелец,25.0,0.0,3.0,0.0,,919301502600,New Delhi,L,10.0,2016.0,3.0,0
2002.0,Нет,Female,No,3.0,361.0,Стрелец,25.0,0.0,,,Masters,919301502600,New Delhi,L,10.0,2016.0,3.0,0
,Нет,Male,Yes,2.0,91.0,Стрелец,,3.0,3.0,1.0,Bachelors,919941612523,Pune,XL,7.0,2012.0,4.0,0
2001.0,,Female,No,,164.0,Рыбы,24.0,,1.0,0.0,Bachelors,918714370520,Bangalore,XS,2.0,,5.0,1
1997.0,Нет,Male,No,,445.0,Весы,28.0,8.0,3.0,1.0,PHD,912381073142,,L,2.0,2017.0,5.0,0
1997.0,Нет,Male,No,1.0,445.0,Весы,,8.0,3.0,1.0,PHD,912381073142,Pune,L,,,5.0,0
1997.0,Нет,Male,No,1.0,445.0,Весы,,8.0,3.0,1.0,PHD,912381073142,Pune,L,2.0,2017.0,5.0,0
1997.0,Нет,Male,,1.0,445.0,,28.0,,3.0,1.0,PHD,912381073142,Pune,L,2.0,2017.0,5.0,0
,Нет,Male,No,4.0,,Близнецы,28.0,3.0,3.0,1.0,Bachelors,918580258070,New Delhi,L,0.0,2016.0,5.0,0
1998.0,,Male,,4.0,63.0,Близнецы,28.0,3.0,3.0,1.0,Bachelors,918580258070,New Delhi,L,0.0,2016.0,5.0,0
1998.0,Нет,Male,No,4.0,63.0,Близнецы,28.0,3.0,3.0,,Bachelors,918580258070,New Delhi,L,,2016.0,,0
,Нет,Male,No,4.0,63.0,,28.0,3.0,3.0,1.0,Bachelors,918580258070,New Delhi,L,0.0,2016.0,5.0,0
2003.0,Нет,Female,No,2.0,255.0,Лев,24.0,,3.0,1.0,Bachelors,913462159412,New Delhi,L,1.0,2013.0,2.0,0
,Нет,Female,,2.0,255.0,Лев,24.0,2.0,3.0,,Bachelors,913462159412,New Delhi,L,1.0,,2.0,0
2003.0,Нет,Female,,2.0,255.0,Лев,,,3.0,1.0,Bachelors,913462159412,New Delhi,,,2013.0,2.0,0
2003.0,,,No,2.0,255.0,,24.0,,3.0,1.0,Bachelors,913462159412,New Delhi,L,1.0,2013.0,2.0,0
1999.0,,Male,No,4.0,19.0,Овен,26.0,,3.0,0.0,,913710888674,New Delhi,,10.0,2017.0,1.0,1
1999.0,,Male,No,4.0,19.0,Овен,,3.0,,0.0,Masters,913710888674,New Delhi,L,10.0,2017.0,,1
1998.0,Нет,Male,No,5.0,359.0,Козерог,27.0,1.0,2.0,0.0,Bachelors,917782675081,Pune,L,2.0,2014.0,3.0,0
,Нет,Male,No,5.0,359.0,Козерог,,1.0,2.0,0.0,Bachelors,917782675081,Pune,L,2.0,2014.0,3.0,0
,Нет,Male,No,5.0,359.0,Козерог,,1.0,2.0,0.0,Bachelors,917782675081,Pune,L,,2014.0,3.0,0
2001.0,Да,,No,3.0,282.0,Скорпион,25.0,2.0,3.0,0.0,Masters,915103645233,Bangalore,XL,10.0,2013.0,2.0,1
2001.0,Да,Male,No,3.0,282.0,,25.0,2.0,3.0,0.0,Masters,915103645233,Bangalore,XL,10.0,,,1
1999.0,Нет,Female,No,5.0,262.0,Рак,27.0,4.0,3.0,1.0,Masters,915309688834,New Delhi,S,,,1.0,1
,Нет,,No,5.0,,,27.0,4.0,3.0,,Masters,915309688834,New Delhi,S,5.0,,1.0,1
1999.0,Нет,Female,,5.0,262.0,,,,3.0,1.0,Masters,915309688834,New Delhi,S,5.0,2012.0,1.0,1
1999.0,Нет,,No,5.0,262.0,Рак,27.0,4.0,3.0,1.0,Masters,915309688834,New Delhi,S,5.0,2012.0,1.0,1
1999.0,Нет,Female,No,,262.0,Рак,27.0,4.0,3.0,1.0,,915309688834,,S,5.0,2012.0,1.0,1
2001.0,Нет,Male,No,,365.0,Близнецы,25.0,3.0,2.0,,,917680710757,Bangalore,L,9.0,2017.0,1.0,0
2001.0,Нет,Male,No,3.0,365.0,Близнецы,25.0,,,0.0,Masters,917680710757,Bangalore,L,,2017.0,1.0,0
2001.0,Нет,Male,No,3.0,365.0,,25.0,3.0,,0.0,Masters,917680710757,Bangalore,L,9.0,2017.0,1.0,0
2001.0,,Male,No,3.0,365.0,Близнецы,,3.0,2.0,,Masters,917680710757,Bangalore,L,9.0,2017.0,1.0,0
1997.0,,Male,No,5.0,240.0,Скорпион,28.0,7.0,3.0,1.0,,914002561951,New Delhi,M,5.0,2012.0,,0
1997.0,Нет,Male,No,5.0,,Скорпион,28.0,7.0,3.0,1.0,Bachelors,914002561951,New Delhi,M,5.0,2012.0,,0
1997.0,,Male,No,5.0,240.0,Скорпион,,,3.0,1.0,Bachelors,914002561951,New Delhi,M,5.0,2012.0,2.0,0
1997.0,Нет,Male,,,240.0,Скорпион,28.0,7.0,3.0,1.0,Bachelors,914002561951,New Delhi,M,5.0,,,0
1999.0,Нет,Female,No,4.0,23.0,,28.0,,3.0,,Bachelors,913947974355,,,12.0,,1.0,0
1999.0,Нет,Female,No,4.0,23.0,Водолей,28.0,7.0,,,Bachelors,913947974355,New Delhi,,12.0,,1.0,0
,Нет,,No,4.0,23.0,Водолей,28.0,7.0,3.0,,Bachelors,913947974355,,S,12.0,2017.0,1.0,0
1999.0,Нет,Female,No,4.0,,Водолей,,7.0,3.0,,Bachelors,913947974355,New Delhi,S,12.0,2017.0,1.0,0
,Да,Male,No,5.0,366.0,,27.0,,3.0,,Bachelors,914224952916,Pune,M,11.0,2016.0,2.0,1
1998.0,,Male,No,5.0,366.0,Близнецы,,9.0,3.0,1.0,Bachelors,914224952916,,M,,2016.0,2.0,1
1998.0,Да,Male,No,5.0,366.0,Близнецы,27.0,9.0,3.0,1.0,Bachelors,914224952916,Pune,M,11.0,,2.0,1
1999.0,Нет,Female,,0.0,171.0,Стрелец,,1.0,3.0,1.0,PHD,919123530986,Bangalore,M,5.0,2014.0,5.0,0
,Нет,Female,No,0.0,171.0,Стрелец,28.0,1.0,3.0,,PHD,919123530986,Bangalore,M,5.0,2014.0,5.0,0
,Нет,Female,No,0.0,,Стрелец,28.0,,3.0,1.0,,919123530986,Bangalore,,5.0,2014.0,5.0,0
2001.0,Да,Female,,2.0,339.0,Телец,24.0,8.0,2.0,0.0,Bachelors,917941620882,Bangalore,XS,9.0,,,1
,Да,,No,2.0,339.0,Телец,24.0,8.0,2.0,0.0,Bachelors,917941620882,,,9.0,,3.0,1
2001.0,Да,Female,No,2.0,339.0,,24.0,8.0,2.0,,,917941620882,Bangalore,,,2013.0,3.0,1
2001.0,Да,Female,No,3.0,231.0,Козерог,25.0,,1.0,,Bachelors,919502013013,New Delhi,M,,,1.0,1
2001.0,,Female,No,3.0,231.0,,25.0,6.0,,,Bachelors,919502013013,New Delhi,M,11.0,,1.0,1
2001.0,Да,Female,No,3.0,231.0,Козерог,25.0,,1.0,0.0,Bachelors,919502013013,New Delhi,,,,1.0,1
2001.0,Да,Female,No,3.0,231.0,Козерог,25.0,,1.0,0.0,Bachelors,919502013013,,M,11.0,2013.0,1.0,1
2001.0,Да,Female,No,3.0,231.0,,25.0,,,0.0,Bachelors,919502013013,New Delhi,M,11.0,2013.0,,1
1998.0,Да,Male,,1.0,299.0,,28.0,9.0,3.0,1.0,,911696168359,,L,3.0,,4.0,1
1998.0,,Male,No,1.0,299.0,Телец,,,,1.0,Masters,911696168359,New Delhi,L,3.0,2017.0,4.0,1
,Нет,Female,Yes,5.0,93.0,Козерог,27.0,,3.0,1.0,,919480468876,,S,,,1.0,0
,Нет,Female,Yes,5.0,93.0,,27.0,9.0,3.0,1.0,,919480468876,Bangalore,S,5.0,,1.0,0
,Да,Male,,1.0,270.0,Телец,28.0,1.0,3.0,1.0,Masters,917946474029,New Delhi,L,4.0,2014.0,3.0,1
1999.0,Да,,No,1.0,270.0,Телец,28.0,1.0,3.0,1.0,Masters,917946474029,New Delhi,L,4.0,2014.0,3.0,1
,Да,,No,,270.0,Телец,28.0,1.0,3.0,,Masters,917946474029,New Delhi,,4.0,2014.0,3.0,1
1999.0,Да,Male,No,,270.0,Телец,28.0,1.0,3.0,,Masters,917946474029,New Delhi,,4.0,2014.0,3.0,1
1999.0,,Male,,,270.0,,28.0,1.0,3.0,,Masters,917946474029,,L,4.0,2014.0,3.0,1
1999.0,Да,Female,No,5.0,331.0,,27.0,1.0,3.0,,Bachelors,918618594385,New Delhi,S,11.0,,4.0,1
1999.0,Да,Female,No,,,Водолей,,1.0,3.0,0.0,Bachelors,918618594385,New Delhi,S,11.0,2016.0,,1
1999.0,Да,Female,No,,,Водолей,,,3.0,0.0,,918618594385,New Delhi,,11.0,2016.0,4.0,1
1999.0,Да,Female,No,,331.0,,27.0,1.0,3.0,0.0,,918618594385,New Delhi,S,11.0,2016.0,4.0,1
1999.0,Да,Female,No,,,Водолей,27.0,1.0,,0.0,Bachelors,918618594385,New Delhi,,11.0,2016.0,4.0,1
,Нет,Female,Yes,2.0,60.0,,,0.0,,1.0,,912739042293,New Delhi,M,3.0,2016.0,2.0,0
,Нет,Female,,2.0,60.0,Скорпион,29.0,0.0,3.0,1.0,Bachelors,912739042293,New Delhi,M,,2016.0,2.0,0
,Нет,,,2.0,60.0,Скорпион,29.0,0.0,3.0,1.0,Bachelors,912739042293,,,3.0,2016.0,2.0,0
1997.0,Нет,Female,Yes,2.0,,Скорпион,29.0,0.0,3.0,1.0,Bachelors,912739042293,New Delhi,,3.0,2016.0,2.0,0
1997.0,Нет,,No,1.0,425.0,Весы,,3.0,3.0,0.0,Bachelors,912949976366,Bangalore,M,,2016.0,,0
1997.0,Нет,Female,No,1.0,425.0,Весы,29.0,3.0,3.0,0.0,Bachelors,912949976366,Bangalore,M,8.0,2016.0,2.0,0
,Нет,,No,1.0,425.0,,29.0,3.0,3.0,0.0,Bachelors,912949976366,Bangalore,M,,2016.0,2.0,0
1997.0,Нет,Female,No,1.0,425.0,,29.0,3.0,3.0,0.0,,912949976366,Bangalore,M,8.0,2016.0,,0
1997.0,,Female,No,1.0,,Весы,29.0,3.0,,,Bachelors,912949976366,Bangalore,M,8.0,2016.0,2.0,0
1996.0,,Female,No,1.0,205.0,Рак,29.0,2.0,3.0,1.0,Bachelors,913334608906,Bangalore,,,2012.0,3.0,0
1996.0,Нет,Female,No,1.0,,,29.0,2.0,3.0,1.0,Bachelors,913334608906,,S,0.0,2012.0,3.0,0
1996.0,Нет,Female,No,1.0,205.0,Рак,29.0,,3.0,1.0,,913334608906,Bangalore,S,0.0,,3.0,0
,,Female,No,1.0,205.0,Рак,29.0,2.0,,1.0,Bachelors,913334608906,,,0.0,2012.0,,0
1996.0,,Female,No,1.0,,Рак,29.0,,3.0,1.0,Bachelors,913334608906,Bangalore,S,0.0,,3.0,0
1996.0,Да,Male,,2.0,42.0,,29.0,4.0,3.0,0.0,Bachelors,912812702823,Bangalore,L,3.0,2018.0,2.0,1
1996.0,Да,Male,Yes,2.0,42.0,,,4.0,3.0,0.0,Bachelors,912812702823,Bangalore,L,3.0,2018.0,,1
1996.0,Да,Male,Yes,2.0,,Козерог,29.0,,3.0,0.0,,912812702823,Bangalore,L,,,2.0,1
1995.0,Нет,,No,1.0,,,30.0,,,,Bachelors,912832156176,Pune,XL,0.0,,5.0,0
1995.0,Нет,Male,No,1.0,257.0,Стрелец,30.0,5.0,3.0,1.0,Bachelors,912832156176,Pune,XL,,2012.0,5.0,0
1995.0,Нет,Male,No,,257.0,Стрелец,30.0,5.0,3.0,1.0,Bachelors,912832156176,Pune,XL,,2012.0,5.0,0
1995.0,,Male,No,1.0,257.0,Стрелец,30.0,5.0,3.0,1.0,,912832156176,,XL,0.0,2012.0,5.0,0
,Да,Male,Yes,1.0,445.0,Рыбы,30.0,0.0,3.0,0.0,Bachelors,917045707028,Bangalore,,11.0,2013.0,1.0,1
1997.0,,Male,Yes,1.0,,Рыбы,30.0,0.0,3.0,0.0,Bachelors,917045707028,Bangalore,,11.0,2013.0,1.0,1
1997.0,Нет,Female,Yes,,,Дева,29.0,7.0,3.0,0.0,Bachelors,918102065229,New Delhi,L,9.0,2015.0,1.0,0
1996.0,Нет,Female,No,,116.0,Рыбы,30.0,4.0,3.0,0.0,Bachelors,913988099460,Bangalore,,11.0,,,0
1996.0,Нет,,No,1.0,116.0,Рыбы,30.0,4.0,3.0,0.0,Bachelors,913988099460,Bangalore,M,,2014.0,2.0,0
,Нет,Female,,1.0,116.0,Рыбы,,,3.0,,Bachelors,913988099460,,,11.0,2014.0,,0
1996.0,,Female,No,1.0,116.0,Рыбы,30.0,4.0,,,Bachelors,913988099460,Bangalore,M,11.0,2014.0,2.0,0
1996.0,Нет,Female,No,1.0,116.0,Рыбы,30.0,4.0,3.0,,Bachelors,913988099460,Bangalore,M,,2014.0,2.0,0
1997.0,Нет,Male,No,2.0,19.0,Стрелец,,4.0,1.0,1.0,Bachelors,919304525379,Pune,S,2.0,2014.0,4.0,0
1998.0,Нет,Female,No,,128.0,Водолей,27.0,0.0,3.0,1.0,Bachelors,917839465542,Pune,S,4.0,2015.0,3.0,0
,Нет,Female,No,5.0,128.0,Водолей,27.0,0.0,3.0,1.0,Bachelors,917839465542,Pune,S,4.0,2015.0,3.0,0
1998.0,,Female,No,5.0,128.0,,27.0,0.0,,1.0,,917839465542,Pune,S,,2015.0,3.0,0
1998.0,Нет,,No,5.0,128.0,,,0.0,,1.0,Bachelors,917839465542,Pune,S,4.0,2015.0,,0
1995.0,Да,,No,1.0,,Близнецы,,,,1.0,,913051200679,,M,,2016.0,4.0,1
1995.0,Да,Male,No,1.0,271.0,Близнецы,30.0,0.0,3.0,,Bachelors,913051200679,Bangalore,,13.0,2016.0,4.0,1
1999.0,Да,Female,No,4.0,64.0,Скорпион,26.0,,,0.0,,914011219791,Pune,M,4.0,,5.0,1
1999.0,Да,Female,No,,64.0,Скорпион,26.0,,,0.0,Bachelors,914011219791,,,4.0,2016.0,5.0,1
1999.0,,Female,,,64.0,,26.0,,,0.0,Bachelors,914011219791,Pune,,4.0,2016.0,5.0,1
1999.0,Да,Female,Yes,5.0,226.0,,27.0,10.0,,0.0,,918716463579,New Delhi,S,,2018.0,,1
,Нет,Male,No,5.0,268.0,Козерог,,10.0,,1.0,Bachelors,911147345914,Pune,XL,0.0,2012.0,1.0,0
,Нет,Male,No,5.0,268.0,Козерог,,,1.0,,Bachelors,911147345914,Pune,XL,0.0,2012.0,1.0,0
,Нет,Female,No,,3.0,,28.0,0.0,3.0,,PHD,917824788313,Bangalore,XL,,2017.0,,0
1999.0,Нет,Female,No,1.0,3.0,Овен,28.0,0.0,,1.0,PHD,917824788313,Bangalore,XL,13.0,2017.0,5.0,0
1998.0,Да,Female,No,,265.0,Рыбы,29.0,,3.0,1.0,Bachelors,914181979092,Pune,L,10.0,2015.0,,1
1998.0,Да,Female,No,1.0,265.0,,,4.0,3.0,1.0,Bachelors,914181979092,Pune,L,10.0,2015.0,,1
1998.0,Да,Female,,1.0,,Рыбы,29.0,4.0,3.0,1.0,Bachelors,914181979092,Pune,L,10.0,2015.0,,1
1998.0,Да,Female,No,1.0,265.0,,,4.0,3.0,1.0,Bachelors,914181979092,Pune,L,10.0,2015.0,1.0,1
1997.0,Нет,Male,Yes,2.0,102.0,Телец,30.0,9.0,,1.0,Masters,914707696823,New Delhi,M,4.0,,4.0,0
,Нет,Male,Yes,2.0,102.0,Телец,30.0,9.0,3.0,1.0,Masters,914707696823,New Delhi,,4.0,2014.0,,0
1996.0,Нет,,No,2.0,8.0,,30.0,10.0,3.0,0.0,Masters,917693367453,New Delhi,XL,,2012.0,2.0,0
1996.0,Нет,Male,No,2.0,8.0,Близнецы,30.0,10.0,,0.0,Masters,917693367453,New Delhi,XL,0.0,2012.0,2.0,0
1996.0,Нет,Male,No,2.0,8.0,,30.0,10.0,3.0,0.0,Masters,917693367453,New Delhi,,0.0,,2.0,0
1996.0,Нет,Male,No,2.0,8.0,Близнецы,,10.0,,0.0,Masters,917693367453,New Delhi,XL,0.0,2012.0,2.0,0
,Нет,,,2.0,8.0,Близнецы,30.0,10.0,,,Masters,917693367453,,XL,0.0,2012.0,2.0,0
,Да,Male,Yes,1.0,109.0,Козерог,30.0,4.0,3.0,0.0,,912473910984,Bangalore,M,,,1.0,1
,,,No,2.0,2.0,Скорпион,29.0,,3.0,1.0,,919860816184,,M,7.0,2017.0,2.0,0
1998.0,Нет,Female,No,,2.0,,,5.0,,,Masters,919860816184,New Delhi,M,7.0,2017.0,2.0,0
1998.0,Нет,Female,No,2.0,2.0,Скорпион,29.0,,3.0,,Masters,919860816184,New Delhi,,,2017.0,2.0,0
,Нет,Female,No,2.0,,Скорпион,29.0,,3.0,1.0,,919860816184,New Delhi,M,7.0,2017.0,2.0,0
1996.0,Нет,Male,No,2.0,432.0,Лев,,6.0,3.0,0.0,Bachelors,911243195866,Bangalore,,5.0,,1.0,0
,,Male,No,2.0,,,,6.0,3.0,0.0,,911243195866,Bangalore,XXL,5.0,,1.0,0
1996.0,Нет,Male,No,,,Лев,,6.0,3.0,0.0,Bachelors,911243195866,Bangalore,XXL,5.0,2014.0,1.0,0
1996.0,Нет,,,2.0,432.0,Лев,29.0,6.0,3.0,0.0,Bachelors,911243195866,Bangalore,,5.0,2014.0,1.0,0
,Нет,Male,,2.0,432.0,,29.0,6.0,3.0,0.0,Bachelors,911243195866,Bangalore,,5.0,2014.0,1.0,0
1997.0,Нет,Male,No,1.0,,Скорпион,28.0,,3.0,0.0,Bachelors,919128490867,New Delhi,M,2.0,2017.0,3.0,0
1997.0,Нет,Male,No,1.0,491.0,,28.0,,3.0,0.0,Bachelors,919128490867,New Delhi,M,2.0,2017.0,3.0,0
,Нет,Male,No,1.0,491.0,,28.0,0.0,3.0,0.0,Bachelors,919128490867,New Delhi,M,,2017.0,3.0,0
1997.0,Нет,,No,1.0,491.0,Скорпион,28.0,0.0,3.0,0.0,Bachelors,919128490867,New Delhi,M,2.0,2017.0,3.0,0
1998.0,Нет,Male,No,1.0,85.0,Рак,,,1.0,1.0,Bachelors,911432808951,Bangalore,S,11.0,2014.0,,0
,,Male,No,1.0,,Рак,28.0,,1.0,1.0,,911432808951,,S,11.0,2014.0,,0
1998.0,Нет,Male,No,1.0,,Рак,28.0,,1.0,1.0,Bachelors,911432808951,Bangalore,S,11.0,2014.0,3.0,0
1998.0,Нет,Female,No,2.0,77.0,Близнецы,29.0,,1.0,1.0,PHD,917602266045,New Delhi,S,,2012.0,2.0,0
1998.0,,Female,No,2.0,77.0,Близнецы,29.0,6.0,,1.0,PHD,917602266045,New Delhi,S,5.0,2012.0,2.0,0
1995.0,Да,Female,,2.0,378.0,Близнецы,30.0,5.0,3.0,0.0,Bachelors,917369402847,,XS,4.0,2013.0,3.0,1
1995.0,Да,Female,No,2.0,378.0,,30.0,5.0,3.0,0.0,Bachelors,917369402847,Bangalore,XS,4.0,2013.0,3.0,1
1995.0,Да,Female,,2.0,,Близнецы,30.0,5.0,3.0,0.0,Bachelors,917369402847,Bangalore,XS,4.0,,3.0,1
1999.0,Нет,Male,No,1.0,160.0,Рак,28.0,8.0,3.0,0.0,Bachelors,914363336346,Pune,M,12.0,2014.0,1.0,0
1999.0,Нет,Male,,,160.0,Рак,28.0,8.0,3.0,0.0,Bachelors,914363336346,Pune,M,,2014.0,1.0,0
,Да,Male,No,4.0,417.0,Телец,26.0,10.0,2.0,,,913641681467,,,4.0,2013.0,,1
1998.0,Нет,Female,No,5.0,,Рак,,2.0,3.0,1.0,,911163564375,,M,9.0,,1.0,0
1998.0,Нет,Female,No,5.0,,,27.0,2.0,3.0,1.0,Bachelors,911163564375,Pune,M,9.0,,1.0,0
1998.0,Нет,,No,5.0,396.0,Рак,27.0,2.0,,1.0,Bachelors,911163564375,Pune,M,9.0,,1.0,0
,,Male,No,2.0,480.0,Весы,28.0,8.0,3.0,,PHD,917061883483,New Delhi,S,,2015.0,3.0,0
1998.0,Нет,Male,,2.0,45.0,,28.0,6.0,2.0,,Masters,912166084928,Pune,XL,,2017.0,5.0,0
1998.0,Нет,Male,,2.0,,Рыбы,,,2.0,0.0,Masters,912166084928,,XL,8.0,2017.0,,0
,Нет,Male,No,2.0,45.0,Рыбы,28.0,6.0,2.0,0.0,Masters,912166084928,Pune,XL,8.0,2017.0,5.0,0
1998.0,Нет,Male,No,2.0,,Рыбы,28.0,,2.0,,Masters,912166084928,,XL,,2017.0,5.0,0
1999.0,Нет,Male,,4.0,244.0,Водолей,28.0,8.0,3.0,1.0,Bachelors,917783091198,Pune,,10.0,2014.0,,0
,,Male,No,,244.0,Водолей,28.0,8.0,3.0,1.0,,917783091198,Pune,,10.0,2014.0,4.0,0
1999.0,Нет,Male,No,4.0,244.0,Водолей,28.0,8.0,,1.0,Bachelors,917783091198,,M,10.0,,4.0,0
1999.0,,Male,No,4.0,244.0,Водолей,28.0,,3.0,,,917783091198,Pune,M,,2014.0,4.0,0
1998.0,Да,Female,No,1.0,350.0,Козерог,29.0,5.0,3.0,1.0,Bachelors,916791552777,Bangalore,M,0.0,2016.0,2.0,1
2001.0,Да,Female,No,4.0,22.0,Козерог,,7.0,3.0,,Bachelors,915848215148,Bangalore,M,15.0,,1.0,1
2001.0,Да,,No,4.0,22.0,Козерог,26.0,7.0,3.0,0.0,Bachelors,915848215148,Bangalore,M,15.0,2017.0,1.0,1
1997.0,Нет,Male,No,,122.0,Лев,30.0,2.0,3.0,0.0,Bachelors,918073417586,Bangalore,L,0.0,2015.0,2.0,0
1997.0,Нет,Male,No,,122.0,Лев,30.0,2.0,,0.0,Bachelors,918073417586,Bangalore,L,0.0,2015.0,2.0,0
1997.0,Нет,Male,No,0.0,122.0,Лев,,,3.0,0.0,Bachelors,918073417586,Bangalore,L,0.0,2015.0,2.0,0
,Нет,Female,No,,194.0,Водолей,30.0,5.0,1.0,,Bachelors,914084760021,Bangalore,M,,2012.0,3.0,0
1996.0,Нет,Female,,,,Водолей,30.0,5.0,,1.0,Bachelors,914084760021,Bangalore,M,,,3.0,0
1996.0,,Female,,0.0,,Водолей,30.0,5.0,1.0,1.0,Bachelors,914084760021,Bangalore,,13.0,2012.0,3.0,0
1996.0,Да,Female,,3.0,428.0,Водолей,29.0,7.0,,1.0,Bachelors,913471880105,Pune,M,6.0,2015.0,3.0,1
,Да,Female,No,3.0,428.0,Водолей,29.0,7.0,3.0,1.0,,913471880105,Pune,M,,2015.0,3.0,1
,Да,Female,No,,428.0,,,7.0,3.0,1.0,Bachelors,913471880105,,M,6.0,2015.0,3.0,1
,Да,Male,No,0.0,,Скорпион,30.0,8.0,2.0,1.0,Masters,914409123618,Pune,,8.0,,,1
1996.0,Да,Male,No,0.0,255.0,Скорпион,30.0,,2.0,1.0,,914409123618,Pune,,,2017.0,1.0,1
1996.0,Да,Male,,0.0,255.0,Скорпион,30.0,8.0,,1.0,Masters,914409123618,Pune,,8.0,,,1
1995.0,Да,Male,,0.0,361.0,,30.0,5.0,3.0,,Masters,918647015015,,,6.0,2014.0,3.0,1
1995.0,Да,Male,No,0.0,361.0,Телец,30.0,5.0,3.0,1.0,Masters,918647015015,Pune,XL,6.0,2014.0,3.0,1
1996.0,Нет,Male,Yes,2.0,,Скорпион,29.0,5.0,3.0,1.0,Bachelors,911295379021,Pune,,5.0,2013.0,3.0,0
1996.0,,,Yes,2.0,297.0,Скорпион,29.0,5.0,,1.0,Bachelors,911295379021,Pune,M,5.0,2013.0,3.0,0
,Нет,Male,,2.0,,Скорпион,29.0,5.0,,1.0,,911295379021,Pune,M,,2013.0,3.0,0
1998.0,Да,Male,,5.0,22.0,,27.0,0.0,3.0,0.0,Masters,912769947871,New Delhi,,2.0,2018.0,,1
1998.0,Да,Male,Yes,5.0,22.0,,27.0,,3.0,0.0,Masters,912769947871,New Delhi,M,2.0,2018.0,3.0,1
1997.0,,,No,,139.0,Рак,30.0,3.0,3.0,1.0,Bachelors,913447617417,Bangalore,,,2012.0,3.0,1
,Да,Female,No,0.0,139.0,,30.0,3.0,3.0,1.0,Bachelors,913447617417,Bangalore,XS,12.0,2012.0,3.0,1
1997.0,Да,Female,,0.0,,Рак,30.0,3.0,3.0,1.0,,913447617417,Bangalore,XS,12.0,2012.0,3.0,1
1997.0,Да,Female,No,0.0,139.0,Рак,30.0,3.0,3.0,,Bachelors,913447617417,Bangalore,XS,,,3.0,1
1998.0,,Female,No,4.0,96.0,Водолей,29.0,7.0,3.0,1.0,,911427742788,Bangalore,S,10.0,2012.0,2.0,0
1999.0,,Male,Yes,4.0,325.0,Козерог,28.0,,,0.0,Bachelors,918426278531,,S,13.0,2015.0,1.0,0
1996.0,Нет,Male,,5.0,56.0,Овен,,,3.0,1.0,Bachelors,919853536663,Pune,L,7.0,2016.0,2.0,0
,Нет,Male,No,,56.0,Овен,29.0,3.0,3.0,1.0,,919853536663,Pune,L,7.0,2016.0,,0
,Нет,Male,No,5.0,56.0,Овен,29.0,,3.0,1.0,Bachelors,919853536663,Pune,L,,2016.0,2.0,0
1997.0,Нет,Male,,,350.0,Рак,,5.0,3.0,1.0,Bachelors,918356460434,,XL,12.0,2014.0,4.0,0
1997.0,Нет,Male,No,,,Рак,29.0,5.0,3.0,1.0,Bachelors,918356460434,Bangalore,XL,12.0,2014.0,,0
1997.0,Нет,Male,No,0.0,350.0,,,5.0,3.0,1.0,,918356460434,Bangalore,XL,12.0,2014.0,4.0,0
1997.0,Нет,Male,No,0.0,,,29.0,5.0,3.0,1.0,Bachelors,918356460434,Bangalore,XL,12.0,2014.0,4.0,0
1997.0,Нет,Male,,0.0,350.0,Рак,29.0,5.0,3.0,1.0,Bachelors,918356460434,,,12.0,,4.0,0
1995.0,Да,Male,No,5.0,192.0,Лев,30.0,,3.0,1.0,Masters,917336912279,Bangalore,L,0.0,2013.0,1.0,1
1995.0,Да,Male,,5.0,192.0,Лев,30.0,6.0,,1.0,,917336912279,Bangalore,L,0.0,2013.0,1.0,1
1995.0,Да,Male,No,,192.0,Лев,30.0,6.0,3.0,1.0,,917336912279,,,,2013.0,1.0,1
1996.0,Нет,Female,Yes,3.0,51.0,Рак,30.0,5.0,3.0,1.0,Bachelors,912492796465,,,,2017.0,2.0,0
1996.0,,Female,Yes,,,Рак,30.0,5.0,,1.0,Bachelors,912492796465,,L,6.0,2017.0,2.0,0
1996.0,,Female,Yes,3.0,51.0,Рак,,5.0,3.0,1.0,Bachelors,912492796465,New Delhi,L,,2017.0,2.0,0
1996.0,Нет,Female,Yes,3.0,51.0,Рак,30.0,5.0,3.0,1.0,Bachelors,912492796465,New Delhi,,,2017.0,2.0,0
1995.0,Нет,Female,No,,147.0,Близнецы,,0.0,2.0,0.0,PHD,918207784410,Pune,M,0.0,2015.0,1.0,0
1995.0,Нет,Female,No,,147.0,Близнецы,30.0,,2.0,0.0,PHD,918207784410,Pune,M,0.0,2015.0,1.0,0
1995.0,Нет,,No,4.0,147.0,,30.0,0.0,2.0,0.0,,918207784410,Pune,M,0.0,,1.0,0
,,,No,4.0,147.0,,,,2.0,0.0,PHD,918207784410,,M,0.0,2015.0,1.0,0
1995.0,Нет,Female,,,147.0,Близнецы,,0.0,2.0,0.0,PHD,918207784410,Pune,M,,2015.0,,0
1995.0,Да,Male,No,4.0,171.0,,,6.0,,0.0,Masters,919901136905,Bangalore,M,,2014.0,1.0,1
1995.0,Да,Male,No,4.0,171.0,Водолей,30.0,6.0,3.0,,Masters,919901136905,Bangalore,M,14.0,2014.0,,1
1995.0,Да,Male,,4.0,171.0,Водолей,30.0,,3.0,,Masters,919901136905,,M,14.0,2014.0,1.0,1
1995.0,Да,Male,No,,,Водолей,,6.0,3.0,,Masters,919901136905,Bangalore,M,14.0,2014.0,1.0,1
1995.0,Да,Male,No,4.0,,Водолей,30.0,6.0,3.0,0.0,Masters,919901136905,,M,14.0,,1.0,1
1996.0,,Male,,0.0,492.0,Козерог,30.0,,,1.0,Bachelors,919287775086,,L,12.0,2013.0,1.0,0
1996.0,,Male,No,0.0,492.0,,30.0,0.0,3.0,1.0,Bachelors,919287775086,Pune,,12.0,2013.0,1.0,0
1996.0,Нет,Male,No,0.0,492.0,,30.0,0.0,3.0,1.0,,919287775086,Pune,,12.0,2013.0,1.0,0
,Нет,Male,No,0.0,,,,,,1.0,Bachelors,919287775086,Pune,L,12.0,,,0
1995.0,,Male,No,0.0,407.0,Скорпион,30.0,,,0.0,Masters,919083820259,Pune,,11.0,2017.0,3.0,0
,,Male,No,0.0,407.0,Скорпион,,,2.0,,Masters,919083820259,,XXL,11.0,2017.0,3.0,0
,Нет,Male,No,0.0,407.0,Скорпион,30.0,3.0,2.0,0.0,,919083820259,Pune,XXL,11.0,,,0
1995.0,Нет,Male,No,,407.0,Скорпион,30.0,3.0,2.0,0.0,Masters,919083820259,,,11.0,2017.0,3.0,0
,Нет,Male,No,,407.0,Скорпион,,3.0,2.0,0.0,Masters,919083820259,Pune,XXL,11.0,2017.0,3.0,0
1997.0,Нет,Male,No,,,Водолей,29.0,0.0,2.0,,Masters,914924847962,New Delhi,L,,2017.0,3.0,0
1997.0,Нет,Male,No,,130.0,,29.0,0.0,2.0,,Masters,914924847962,,L,0.0,2017.0,3.0,0
,Да,Male,No,5.0,338.0,Рыбы,27.0,6.0,1.0,1.0,Bachelors,911770133957,Bangalore,L,1.0,2014.0,3.0,1
1996.0,,Male,No,2.0,303.0,Козерог,29.0,3.0,,1.0,Bachelors,913865568430,,,4.0,2012.0,4.0,1
1996.0,Нет,Male,No,,303.0,,,3.0,3.0,1.0,Bachelors,913865568430,Bangalore,L,4.0,2012.0,4.0,1
1996.0,Нет,Male,No,2.0,303.0,Козерог,29.0,3.0,3.0,1.0,Bachelors,913865568430,Bangalore,,4.0,2012.0,4.0,1
1995.0,Да,Female,,2.0,,Овен,30.0,,2.0,0.0,Masters,915310822678,New Delhi,S,7.0,2017.0,2.0,1
1995.0,Да,Female,No,2.0,,Овен,,2.0,2.0,,,915310822678,New Delhi,S,7.0,2017.0,2.0,1
1995.0,Да,Female,No,2.0,166.0,Овен,30.0,2.0,2.0,,,915310822678,New Delhi,S,7.0,2017.0,,1
1995.0,,Female,No,2.0,166.0,,,2.0,,0.0,Masters,915310822678,New Delhi,S,7.0,2017.0,2.0,1
1995.0,Да,Female,No,2.0,,Овен,30.0,,2.0,0.0,,915310822678,New Delhi,,7.0,2017.0,2.0,1
1998.0,Нет,Male,No,,431.0,Рак,29.0,3.0,3.0,0.0,,917484183137,,S,,2012.0,1.0,0
1998.0,Нет,Male,No,0.0,431.0,Рак,29.0,3.0,3.0,0.0,,917484183137,Pune,S,6.0,2012.0,1.0,0
1998.0,Нет,,No,0.0,431.0,Рак,29.0,,,0.0,Bachelors,917484183137,,,6.0,2012.0,1.0,0
,Нет,,,0.0,431.0,Рак,29.0,3.0,3.0,0.0,Bachelors,917484183137,Pune,S,,2012.0,1.0,0
,Да,Female,No,0.0,358.0,Овен,30.0,6.0,1.0,,Bachelors,914423723967,,,10.0,2015.0,,1
1996.0,Да,Female,No,0.0,,Овен,30.0,6.0,1.0,0.0,Bachelors,914423723967,Pune,M,10.0,2015.0,2.0,1
1996.0,Да,Female,,0.0,358.0,,30.0,6.0,1.0,0.0,Bachelors,914423723967,Pune,M,10.0,2015.0,2.0,1
1995.0,Да,Female,No,,360.0,,30.0,10.0,2.0,1.0,Bachelors,916048099673,Pune,L,4.0,2017.0,5.0,1
1995.0,Да,Female,No,4.0,360.0,Овен,30.0,10.0,2.0,1.0,Bachelors,916048099673,Pune,L,4.0,,5.0,1
1995.0,Да,Female,No,,360.0,Овен,30.0,10.0,2.0,1.0,,916048099673,Pune,L,,2017.0,5.0,1
1995.0,,Female,No,4.0,,Овен,30.0,10.0,2.0,1.0,Bachelors,916048099673,,,4.0,,5.0,1
,Да,Female,No,4.0,360.0,Овен,30.0,10.0,2.0,1.0,,916048099673,Pune,,,2017.0,5.0,1
1997.0,Нет,Male,No,,326.0,Близнецы,,,2.0,1.0,Bachelors,918681220077,Pune,,9.0,2017.0,3.0,0
1996.0,Нет,Female,No,5.0,96.0,,29.0,4.0,3.0,0.0,Bachelors,919160070844,Bangalore,M,13.0,2013.0,,0
1999.0,Да,Female,No,5.0,424.0,,27.0,4.0,3.0,0.0,Bachelors,913224829221,,,,2012.0,4.0,1
,,Female,No,5.0,424.0,Рак,27.0,4.0,3.0,,Bachelors,913224829221,,M,11.0,2012.0,,1
1999.0,,Female,No,5.0,424.0,Рак,27.0,4.0,3.0,0.0,Bachelors,913224829221,Bangalore,M,11.0,,4.0,1
1998.0,,Female,No,,80.0,Скорпион,28.0,1.0,2.0,,Bachelors,911179013942,Pune,M,11.0,,,1
,Да,Female,No,3.0,80.0,Скорпион,,1.0,2.0,0.0,,911179013942,,M,11.0,2017.0,4.0,1
1998.0,Да,Female,,3.0,,,28.0,1.0,2.0,0.0,Bachelors,911179013942,Pune,M,11.0,,4.0,1
,,Female,,3.0,80.0,Скорпион,28.0,1.0,2.0,0.0,Bachelors,911179013942,Pune,M,11.0,,4.0,1
1998.0,Да,Female,No,3.0,,Скорпион,28.0,1.0,2.0,0.0,Bachelors,911179013942,Pune,M,,2017.0,,1
1997.0,Нет,Male,No,4.0,46.0,Рак,29.0,3.0,1.0,0.0,Bachelors,919661671057,Bangalore,M,12.0,2015.0,3.0,0
1997.0,Нет,Male,No,4.0,46.0,Рак,29.0,3.0,1.0,,Bachelors,919661671057,Bangalore,M,12.0,2015.0,3.0,0
1997.0,Нет,Male,No,4.0,46.0,,29.0,3.0,1.0,0.0,Bachelors,919661671057,Bangalore,M,12.0,2015.0,3.0,0
1995.0,Да,Male,No,,459.0,Козерог,30.0,,2.0,,Bachelors,919424707195,Bangalore,L,3.0,,2.0,1
1995.0,Да,Male,,0.0,459.0,Козерог,,,2.0,1.0,,919424707195,,L,,2013.0,,1
1995.0,Да,Male,No,0.0,459.0,Козерог,30.0,0.0,2.0,1.0,Bachelors,919424707195,Bangalore,L,3.0,2013.0,2.0,1
1999.0,,Male,No,2.0,269.0,Водолей,28.0,7.0,3.0,1.0,,915260824420,Bangalore,XL,15.0,2018.0,4.0,1
1999.0,,Male,,2.0,269.0,Водолей,28.0,7.0,3.0,,,915260824420,Bangalore,XL,,2018.0,,1
1999.0,,Male,,,269.0,Водолей,,,3.0,1.0,PHD,915260824420,Bangalore,XL,,2018.0,4.0,1
1999.0,Да,,No,2.0,269.0,,28.0,7.0,,1.0,PHD,915260824420,Bangalore,,,2018.0,4.0,1
1999.0,Да,Male,No,,,Водолей,28.0,7.0,3.0,1.0,,915260824420,,XL,15.0,,4.0,1
,Да,Female,No,3.0,,Козерог,28.0,10.0,3.0,0.0,,912585452391,Pune,,4.0,2015.0,,1
1997.0,,Female,No,3.0,491.0,Козерог,,10.0,3.0,,Bachelors,912585452391,Pune,M,,2015.0,5.0,1
1997.0,Да,Female,,,491.0,,28.0,10.0,3.0,0.0,Bachelors,912585452391,,M,,2015.0,,1
1997.0,,Female,,,491.0,Козерог,28.0,10.0,,0.0,Bachelors,912585452391,Pune,,4.0,2015.0,5.0,1
1997.0,Да,Female,No,3.0,127.0,Телец,30.0,0.0,3.0,0.0,Bachelors,919559406219,Bangalore,M,14.0,2015.0,2.0,1
1997.0,Да,,No,3.0,127.0,Телец,,0.0,3.0,0.0,,919559406219,Bangalore,M,14.0,,2.0,1
1997.0,,Female,No,,,Телец,30.0,0.0,3.0,,Bachelors,919559406219,,M,14.0,2015.0,2.0,1
,Да,Female,No,3.0,127.0,Телец,30.0,0.0,3.0,0.0,,919559406219,Bangalore,,14.0,2015.0,2.0,1
1997.0,,,,,,Телец,30.0,,3.0,0.0,,919559406219,Bangalore,M,14.0,2015.0,,1
1998.0,Нет,Male,No,5.0,131.0,Телец,29.0,10.0,3.0,,Bachelors,915388319145,Bangalore,S,7.0,2012.0,5.0,0
,Нет,,,1.0,432.0,Телец,,10.0,3.0,1.0,Bachelors,913228463559,Pune,L,10.0,,5.0,0
1995.0,Нет,Male,,5.0,404.0,Близнецы,30.0,8.0,3.0,1.0,,917148562526,,L,15.0,2017.0,5.0,0
,Нет,Male,No,5.0,404.0,Близнецы,,8.0,3.0,1.0,,917148562526,Pune,L,15.0,2017.0,5.0,0
1997.0,,Female,Yes,,119.0,Близнецы,30.0,,3.0,,Bachelors,912132673878,New Delhi,M,1.0,2012.0,2.0,0
1997.0,Нет,Female,,3.0,119.0,Близнецы,30.0,4.0,3.0,0.0,Bachelors,912132673878,New Delhi,,1.0,2012.0,2.0,0
1997.0,Да,Male,No,1.0,367.0,Рыбы,,,,1.0,Bachelors,915852718960,,L,7.0,2013.0,5.0,1
1997.0,Да,,No,1.0,367.0,Рыбы,30.0,5.0,2.0,1.0,Bachelors,915852718960,Pune,L,7.0,2013.0,5.0,1
,Да,Male,No,1.0,367.0,Рыбы,30.0,5.0,2.0,1.0,,915852718960,Pune,L,7.0,,5.0,1
1997.0,Да,Male,No,1.0,367.0,Рыбы,30.0,5.0,2.0,1.0,,915852718960,Pune,L,7.0,2013.0,5.0,1
1997.0,,Male,No,1.0,367.0,Рыбы,,,,1.0,Bachelors,915852718960,Pune,,,,5.0,1
1999.0,Нет,Female,No,5.0,48.0,,27.0,9.0,3.0,0.0,PHD,911595142449,New Delhi,M,5.0,2015.0,2.0,0
1999.0,Нет,Female,No,5.0,48.0,,27.0,9.0,,,PHD,911595142449,New Delhi,M,5.0,2015.0,,0
1999.0,Нет,Female,No,5.0,48.0,Овен,,9.0,,0.0,PHD,911595142449,New Delhi,M,5.0,2015.0,2.0,0
1999.0,Нет,,,,48.0,Овен,27.0,9.0,3.0,0.0,PHD,911595142449,,M,5.0,2015.0,2.0,0
1999.0,Нет,Female,No,,48.0,Овен,27.0,9.0,3.0,,PHD,911595142449,,M,,2015.0,2.0,0
1997.0,Нет,Male,No,1.0,180.0,Рыбы,,10.0,2.0,1.0,,913636642473,New Delhi,,2.0,,1.0,0
1997.0,Нет,Male,,1.0,180.0,Рыбы,29.0,10.0,2.0,1.0,Masters,913636642473,New Delhi,M,,,1.0,0
,Нет,Male,,1.0,,Рыбы,29.0,10.0,2.0,1.0,Masters,913636642473,,,2.0,2017.0,1.0,0
1997.0,Нет,Male,No,,180.0,Рыбы,,,2.0,1.0,Masters,913636642473,New Delhi,M,2.0,2017.0,1.0,0
1998.0,Нет,Female,No,3.0,8.0,Близнецы,28.0,10.0,3.0,1.0,,915889300881,,L,10.0,2013.0,2.0,0
1998.0,Нет,Female,No,,8.0,Близнецы,28.0,10.0,3.0,1.0,Bachelors,915889300881,,L,10.0,2013.0,2.0,0
1998.0,Нет,Female,No,3.0,8.0,Близнецы,28.0,10.0,3.0,1.0,,915889300881,New Delhi,L,10.0,2013.0,2.0,0
1996.0,Да,Male,,,155.0,Дева,29.0,5.0,3.0,1.0,,919355302742,,L,,,4.0,1
,Да,,No,4.0,155.0,Дева,29.0,5.0,3.0,1.0,Masters,919355302742,Pune,L,10.0,,4.0,1
1996.0,Да,Male,No,4.0,155.0,Дева,29.0,5.0,,1.0,Masters,919355302742,,L,10.0,,4.0,1
1998.0,Нет,Male,No,4.0,276.0,Стрелец,29.0,7.0,3.0,1.0,Bachelors,914761924156,New Delhi,L,2.0,2014.0,,0
1998.0,Нет,Male,No,4.0,276.0,Стрелец,,7.0,3.0,,,914761924156,,,2.0,2014.0,1.0,0
1996.0,Нет,Female,No,2.0,430.0,Стрелец,29.0,,3.0,1.0,,911066269979,New Delhi,S,11.0,2013.0,2.0,0
1996.0,,Female,No,2.0,430.0,Стрелец,29.0,9.0,3.0,1.0,Bachelors,911066269979,New Delhi,S,11.0,2013.0,2.0,0
1996.0,Нет,Female,No,,430.0,Стрелец,,,3.0,1.0,,911066269979,New Delhi,S,,2013.0,2.0,0
1996.0,Нет,Female,No,2.0,430.0,Стрелец,29.0,9.0,3.0,1.0,Bachelors,911066269979,New Delhi,S,11.0,2013.0,2.0,0
1996.0,,Female,No,2.0,430.0,Стрелец,29.0,,3.0,,Bachelors,911066269979,,S,11.0,2013.0,,0
1996.0,Да,Female,,4.0,432.0,,30.0,10.0,,1.0,Bachelors,916242857244,Bangalore,,13.0,2016.0,1.0,1
1996.0,,Female,No,,421.0,Козерог,,2.0,3.0,,,919951808659,,L,14.0,2017.0,1.0,0
1996.0,Нет,Female,No,,421.0,Козерог,29.0,2.0,,0.0,Bachelors,919951808659,New Delhi,L,,2017.0,1.0,0
,,Male,No,3.0,305.0,Козерог,28.0,,3.0,,Bachelors,917887617420,Bangalore,M,,2018.0,1.0,1
1997.0,,Male,No,,305.0,Козерог,28.0,,,0.0,,917887617420,Bangalore,M,7.0,,1.0,1
1997.0,Да,Male,No,,305.0,Козерог,28.0,8.0,3.0,0.0,Bachelors,917887617420,Bangalore,M,7.0,2018.0,,1
1997.0,Да,Male,,3.0,305.0,Козерог,,,3.0,0.0,Bachelors,917887617420,Bangalore,,7.0,2018.0,1.0,1
1997.0,Да,Male,No,,305.0,Козерог,,8.0,3.0,0.0,,917887617420,Bangalore,M,7.0,2018.0,1.0,1
1996.0,Нет,Male,No,,496.0,Рак,29.0,0.0,3.0,1.0,Bachelors,919671193334,Bangalore,,5.0,2014.0,,0
1996.0,Нет,Male,,4.0,496.0,,,0.0,3.0,1.0,Bachelors,919671193334,Bangalore,M,,2014.0,,0
,Нет,,No,4.0,496.0,,29.0,0.0,3.0,1.0,Bachelors,919671193334,Bangalore,M,5.0,2014.0,1.0,0
1996.0,,,No,,496.0,,29.0,0.0,3.0,1.0,Bachelors,919671193334,,M,5.0,,1.0,0
1996.0,Нет,Male,No,4.0,496.0,,,0.0,,1.0,Bachelors,919671193334,,M,5.0,2014.0,,0
1998.0,Да,Female,,5.0,402.0,Козерог,27.0,4.0,,1.0,,915727838656,Bangalore,M,1.0,,1.0,1
1995.0,,Male,,3.0,137.0,Рыбы,30.0,7.0,2.0,0.0,,914026412634,,XL,15.0,2017.0,3.0,0
1995.0,Нет,Male,No,,137.0,Рыбы,30.0,7.0,2.0,0.0,Masters,914026412634,Bangalore,XL,,2017.0,3.0,0
1995.0,Нет,,,3.0,137.0,,30.0,7.0,2.0,0.0,Masters,914026412634,Bangalore,XL,15.0,2017.0,3.0,0
1995.0,Нет,,,3.0,137.0,Рыбы,30.0,,2.0,0.0,Masters,914026412634,,XL,15.0,2017.0,3.0,0
1997.0,Нет,Male,No,4.0,,,,10.0,,0.0,Masters,911433392266,New Delhi,M,6.0,,,0
1997.0,Нет,,No,4.0,,,29.0,10.0,,0.0,Masters,911433392266,New Delhi,M,6.0,2017.0,,0
1997.0,Нет,Male,,4.0,454.0,Козерог,29.0,10.0,,0.0,Masters,911433392266,New Delhi,M,6.0,2017.0,4.0,0
1997.0,Нет,Male,No,4.0,454.0,Козерог,29.0,10.0,,0.0,Masters,911433392266,New Delhi,,6.0,,4.0,0
1996.0,Нет,Male,No,0.0,426.0,Овен,,3.0,3.0,1.0,Bachelors,918075027990,Pune,XXL,0.0,2016.0,1.0,0
1996.0,,Male,No,0.0,426.0,Овен,30.0,3.0,3.0,1.0,Bachelors,918075027990,Pune,,0.0,2016.0,1.0,0
,Нет,Male,No,,426.0,Овен,,,,1.0,Bachelors,918075027990,,XXL,0.0,2016.0,,0
1996.0,Нет,Male,No,0.0,426.0,Овен,30.0,3.0,3.0,1.0,Bachelors,918075027990,Pune,XXL,0.0,,1.0,0
,Нет,Female,No,0.0,,Близнецы,29.0,1.0,,1.0,Bachelors,911202053915,,,13.0,2015.0,4.0,0
1998.0,Нет,Female,,0.0,,Близнецы,29.0,1.0,,1.0,Bachelors,911202053915,Bangalore,M,,,4.0,0
1998.0,Нет,,No,0.0,155.0,Близнецы,29.0,1.0,3.0,1.0,,911202053915,Bangalore,,13.0,2015.0,4.0,0
1998.0,Нет,Female,No,0.0,,,,1.0,3.0,1.0,Bachelors,911202053915,Bangalore,,13.0,2015.0,4.0,0
1998.0,Нет,Female,No,0.0,155.0,,29.0,1.0,3.0,1.0,Bachelors,911202053915,Bangalore,M,13.0,2015.0,,0
1996.0,Нет,Male,No,1.0,476.0,Рак,29.0,1.0,3.0,1.0,Bachelors,912358763109,New Delhi,,5.0,2015.0,3.0,0
1996.0,Нет,,No,1.0,,Рак,,1.0,3.0,1.0,,912358763109,New Delhi,S,5.0,2015.0,3.0,0
1996.0,Нет,Male,,1.0,476.0,Рак,29.0,1.0,3.0,1.0,Bachelors,912358763109,New Delhi,,5.0,2015.0,3.0,0
1996.0,Нет,Male,No,1.0,,Рак,,1.0,3.0,1.0,Bachelors,912358763109,New Delhi,S,5.0,,3.0,0
1996.0,Нет,Male,No,,,,29.0,1.0,,1.0,Bachelors,912358763109,,S,5.0,,,0
1996.0,Нет,,No,4.0,,Весы,30.0,9.0,3.0,0.0,Bachelors,914392065689,Bangalore,M,4.0,2017.0,1.0,0
,,Male,,,260.0,Водолей,,2.0,3.0,1.0,PHD,911260128878,Bangalore,L,,2013.0,1.0,0
1998.0,Нет,,No,5.0,260.0,Водолей,27.0,,,1.0,PHD,911260128878,,L,10.0,2013.0,1.0,0
1998.0,,Male,No,5.0,260.0,,27.0,2.0,3.0,1.0,PHD,911260128878,Bangalore,L,10.0,2013.0,1.0,0
1998.0,Нет,Male,No,5.0,260.0,Водолей,,2.0,3.0,1.0,PHD,911260128878,,L,10.0,2013.0,1.0,0
1999.0,Да,Male,Yes,,310.0,Близнецы,,6.0,3.0,1.0,Bachelors,916507015892,Bangalore,,9.0,2018.0,4.0,1
,Да,Male,Yes,1.0,310.0,Близнецы,28.0,6.0,3.0,,Bachelors,916507015892,Bangalore,L,,2018.0,,1
1999.0,Да,,,1.0,310.0,Близнецы,28.0,6.0,3.0,1.0,Bachelors,916507015892,Bangalore,L,9.0,2018.0,4.0,1
,Да,Male,Yes,1.0,,Близнецы,28.0,6.0,3.0,1.0,,916507015892,Bangalore,L,9.0,,4.0,1
1999.0,,,Yes,1.0,310.0,,,6.0,,1.0,Bachelors,916507015892,,L,9.0,2018.0,4.0,1
,Да,Female,Yes,2.0,384.0,Водолей,29.0,5.0,2.0,1.0,Masters,917548544285,Pune,M,15.0,2017.0,5.0,1
1997.0,Да,Female,Yes,2.0,384.0,,29.0,5.0,2.0,1.0,Masters,917548544285,,M,15.0,2017.0,5.0,1
1999.0,,,No,5.0,,Скорпион,,4.0,1.0,,Bachelors,913732587203,New Delhi,M,4.0,2012.0,1.0,1
1999.0,Да,Female,No,5.0,,,27.0,4.0,1.0,0.0,Bachelors,913732587203,New Delhi,M,4.0,2012.0,1.0,1
1999.0,Да,Female,No,5.0,240.0,Скорпион,,4.0,,0.0,Bachelors,913732587203,New Delhi,M,4.0,2012.0,,1
1999.0,Да,Female,No,5.0,240.0,Скорпион,,4.0,1.0,0.0,,913732587203,New Delhi,M,4.0,2012.0,1.0,1
1998.0,,,No,0.0,296.0,Козерог,28.0,1.0,1.0,0.0,Bachelors,919485901868,Pune,M,2.0,2015.0,,1
,Да,Female,No,0.0,296.0,Козерог,28.0,1.0,1.0,0.0,Bachelors,919485901868,Pune,M,,,1.0,1
,Да,,,0.0,,Козерог,28.0,1.0,1.0,0.0,Bachelors,919485901868,Pune,M,2.0,2015.0,1.0,1
1997.0,Да,Male,No,4.0,87.0,,29.0,4.0,,,Bachelors,918802069151,Bangalore,M,9.0,2014.0,,1
1997.0,Да,Male,No,4.0,87.0,Водолей,29.0,4.0,3.0,0.0,Bachelors,918802069151,Bangalore,M,9.0,,2.0,1
1997.0,Нет,,No,3.0,,Рыбы,,6.0,3.0,0.0,Bachelors,916046406585,New Delhi,S,,2017.0,,0
1997.0,Нет,Female,No,3.0,347.0,Рыбы,29.0,6.0,3.0,0.0,,916046406585,New Delhi,S,10.0,2017.0,,0
1997.0,Нет,Female,No,3.0,347.0,Рыбы,,6.0,3.0,0.0,Bachelors,916046406585,New Delhi,,10.0,,2.0,0
1997.0,Нет,Female,No,,347.0,Рыбы,29.0,6.0,,0.0,Bachelors,916046406585,New Delhi,S,,2017.0,2.0,0
,Нет,Female,No,3.0,347.0,Рыбы,29.0,,3.0,0.0,Bachelors,916046406585,New Delhi,S,10.0,2017.0,2.0,0
2001.0,,,No,4.0,,Козерог,26.0,9.0,2.0,,,917375848556,Pune,M,2.0,2015.0,4.0,0
2001.0,Нет,Female,No,,30.0,Козерог,26.0,9.0,2.0,0.0,PHD,917375848556,Pune,M,2.0,,4.0,0
1997.0,Нет,Female,No,5.0,352.0,Близнецы,30.0,8.0,3.0,0.0,Bachelors,911933013462,Bangalore,L,15.0,2017.0,,0
1997.0,Нет,Female,No,,352.0,Близнецы,30.0,8.0,,0.0,,911933013462,Bangalore,L,15.0,2017.0,,0
1997.0,,,No,,352.0,Близнецы,30.0,8.0,3.0,,Bachelors,911933013462,,L,15.0,2017.0,1.0,0
1997.0,Нет,Female,,5.0,352.0,Близнецы,30.0,8.0,3.0,0.0,Bachelors,911933013462,Bangalore,L,15.0,2017.0,1.0,0
1997.0,,Female,No,5.0,352.0,Близнецы,,8.0,3.0,0.0,Bachelors,911933013462,Bangalore,,15.0,,1.0,0
,,Male,No,4.0,95.0,Козерог,26.0,,3.0,0.0,Masters,916437373572,,,7.0,2013.0,1.0,1
2000.0,Да,,No,4.0,95.0,Козерог,,3.0,3.0,0.0,Masters,916437373572,Pune,XL,7.0,2013.0,1.0,1
1997.0,Да,Female,No,2.0,114.0,Лев,29.0,8.0,2.0,0.0,Bachelors,913553301875,Pune,M,,2012.0,3.0,1
,Да,,No,2.0,114.0,Лев,,8.0,2.0,0.0,Bachelors,913553301875,Pune,M,0.0,,3.0,1
,,,Yes,2.0,216.0,Стрелец,30.0,2.0,3.0,1.0,Bachelors,915212865077,Bangalore,S,0.0,2018.0,2.0,1
,Да,Male,Yes,,216.0,,30.0,2.0,3.0,,Bachelors,915212865077,Bangalore,S,,2018.0,2.0,1
1998.0,Да,Female,No,3.0,,Козерог,28.0,9.0,2.0,,Bachelors,916057014471,,,12.0,2018.0,,1
1998.0,Да,,No,3.0,53.0,Козерог,28.0,9.0,2.0,0.0,Bachelors,916057014471,Bangalore,S,12.0,2018.0,2.0,1
,Да,Female,No,,53.0,Козерог,,9.0,2.0,,Bachelors,916057014471,Bangalore,S,,2018.0,2.0,1
,,Male,No,0.0,,Рыбы,28.0,10.0,,1.0,Bachelors,914021611060,,M,10.0,2012.0,1.0,1
,Да,,No,0.0,76.0,,28.0,10.0,3.0,,Bachelors,914021611060,Bangalore,M,10.0,2012.0,1.0,1
,Да,Male,No,0.0,76.0,Рыбы,28.0,10.0,3.0,1.0,Bachelors,914021611060,Bangalore,,10.0,2012.0,1.0,1
,Да,Male,No,0.0,76.0,Рыбы,28.0,10.0,3.0,1.0,Bachelors,914021611060,,M,10.0,2012.0,1.0,1
,Да,Male,No,0.0,76.0,,,10.0,3.0,1.0,Bachelors,914021611060,Bangalore,,10.0,2012.0,,1
1997.0,Нет,Female,,0.0,79.0,Дева,,9.0,3.0,1.0,Bachelors,911881438970,Bangalore,S,9.0,2012.0,,0
1999.0,Нет,Male,Yes,2.0,328.0,Близнецы,28.0,10.0,3.0,1.0,,917092402593,,,0.0,2016.0,3.0,0
1999.0,Нет,Male,Yes,2.0,328.0,,28.0,10.0,,1.0,Bachelors,917092402593,Bangalore,M,,2016.0,3.0,0
1999.0,Нет,,Yes,,,Близнецы,,10.0,3.0,1.0,Bachelors,917092402593,Bangalore,M,0.0,2016.0,,0
1999.0,Нет,Male,,,328.0,Близнецы,28.0,,,1.0,Bachelors,917092402593,Bangalore,,0.0,2016.0,3.0,0
1997.0,Да,Male,Yes,3.0,368.0,Козерог,29.0,2.0,3.0,0.0,Bachelors,911706944253,,XL,11.0,,,1
1997.0,Да,Male,Yes,3.0,368.0,Козерог,29.0,2.0,3.0,,Bachelors,911706944253,Pune,XL,,2018.0,1.0,1
1998.0,Нет,Male,Yes,4.0,451.0,Козерог,,,3.0,1.0,Bachelors,913381007115,New Delhi,L,13.0,2014.0,4.0,0
1999.0,Да,,,5.0,477.0,,27.0,3.0,3.0,1.0,Masters,913630965545,,XL,6.0,,2.0,1
1998.0,Да,Female,No,0.0,328.0,Рак,29.0,4.0,3.0,,Bachelors,914557572846,,M,13.0,,5.0,1
1998.0,Да,Female,No,0.0,328.0,Рак,29.0,,,0.0,Bachelors,914557572846,,,13.0,2017.0,5.0,1
,,,No,0.0,328.0,Рак,29.0,,3.0,0.0,Bachelors,914557572846,Pune,M,13.0,,,1
1998.0,Да,,No,0.0,328.0,Рак,,4.0,3.0,0.0,Bachelors,914557572846,Pune,,13.0,2017.0,5.0,1
1998.0,Да,,No,0.0,328.0,Рак,,4.0,3.0,,,914557572846,Pune,M,13.0,2017.0,5.0,1
,Да,Male,No,,90.0,Телец,29.0,5.0,,0.0,Bachelors,918732818483,,L,,,,1
1997.0,Да,Male,No,2.0,341.0,,30.0,6.0,3.0,0.0,Masters,913406078561,,M,11.0,2013.0,3.0,1
,,Male,No,1.0,245.0,Водолей,30.0,9.0,1.0,1.0,Bachelors,914189920800,Bangalore,S,10.0,2017.0,,0
1996.0,,Male,No,1.0,245.0,Водолей,30.0,9.0,1.0,1.0,Bachelors,914189920800,Bangalore,S,10.0,2017.0,,0
,Нет,Male,No,,245.0,Водолей,,9.0,,1.0,Bachelors,914189920800,Bangalore,S,10.0,,,0
,Нет,,No,1.0,245.0,Водолей,30.0,,1.0,1.0,Bachelors,914189920800,Bangalore,S,10.0,,3.0,0
1996.0,Нет,Male,,1.0,245.0,Водолей,,,1.0,1.0,Bachelors,914189920800,Bangalore,S,,,,0
1996.0,Нет,,Yes,1.0,281.0,Телец,,,3.0,0.0,,915254076270,New Delhi,M,,2015.0,1.0,0
1996.0,Нет,Female,Yes,1.0,,Телец,,10.0,,0.0,,915254076270,New Delhi,M,2.0,2015.0,1.0,0
,,Female,Yes,1.0,281.0,Телец,30.0,10.0,3.0,,Bachelors,915254076270,,M,2.0,2015.0,1.0,0
,Нет,Female,,1.0,281.0,Телец,30.0,10.0,3.0,0.0,Bachelors,915254076270,New Delhi,M,,2015.0,1.0,0
1995.0,Да,Female,,1.0,,Лев,30.0,,3.0,0.0,,915641527505,Pune,,6.0,2017.0,,1
1995.0,Да,,No,1.0,61.0,,30.0,,3.0,,Bachelors,915641527505,Pune,L,6.0,,1.0,1
1995.0,Да,Female,No,1.0,,Лев,30.0,0.0,3.0,0.0,Bachelors,915641527505,Pune,,6.0,2017.0,,1
1997.0,Да,Male,No,,480.0,Близнецы,30.0,0.0,3.0,1.0,,912836752806,New Delhi,,0.0,2018.0,,1
1997.0,Да,Male,No,2.0,480.0,Близнецы,30.0,0.0,3.0,,PHD,912836752806,,,0.0,2018.0,,1
1997.0,Да,Male,No,2.0,480.0,,30.0,0.0,,1.0,PHD,912836752806,New Delhi,M,,2018.0,2.0,1
1998.0,Да,,,,236.0,,29.0,5.0,3.0,1.0,Bachelors,917019340062,Bangalore,M,7.0,,2.0,1
1995.0,Нет,Male,Yes,0.0,12.0,Рак,,7.0,3.0,,Bachelors,918807479431,Bangalore,,12.0,2013.0,,0
,Нет,,Yes,0.0,12.0,,,7.0,3.0,0.0,Bachelors,918807479431,,L,12.0,2013.0,2.0,0
1995.0,Нет,Male,Yes,,12.0,Рак,30.0,,3.0,0.0,Bachelors,918807479431,Bangalore,L,12.0,,2.0,0
1995.0,Нет,,,0.0,12.0,Рак,30.0,7.0,3.0,0.0,,918807479431,Bangalore,L,12.0,2013.0,2.0,0
1997.0,Нет,Male,,5.0,29.0,,28.0,5.0,3.0,1.0,Bachelors,914056554794,,,12.0,2013.0,1.0,0
1997.0,,,,5.0,29.0,Лев,28.0,5.0,3.0,1.0,Bachelors,914056554794,Pune,XXL,,,1.0,0
1997.0,Нет,Male,,5.0,29.0,Лев,28.0,5.0,3.0,,Bachelors,914056554794,Pune,XXL,12.0,2013.0,1.0,0
1996.0,Да,Female,No,1.0,303.0,Водолей,30.0,5.0,2.0,0.0,,919156473490,,XS,6.0,2015.0,3.0,1
1996.0,Да,,No,1.0,303.0,Водолей,,5.0,2.0,0.0,Bachelors,919156473490,Pune,XS,6.0,2015.0,3.0,1
1996.0,,Female,No,1.0,303.0,Водолей,30.0,5.0,2.0,0.0,,919156473490,Pune,,,2015.0,3.0,1
1996.0,,Female,,1.0,303.0,Водолей,,5.0,2.0,0.0,Bachelors,919156473490,Pune,,6.0,2015.0,3.0,1
1996.0,Да,,No,1.0,303.0,Водолей,30.0,5.0,,0.0,Bachelors,919156473490,Pune,XS,6.0,2015.0,3.0,1
,,,,5.0,395.0,Водолей,27.0,,3.0,0.0,Masters,915186832027,,XL,2.0,2012.0,5.0,1
1999.0,Да,Male,Yes,5.0,395.0,Водолей,27.0,,,,Masters,915186832027,Pune,XL,,,5.0,1
,Да,,Yes,5.0,395.0,Водолей,27.0,4.0,3.0,0.0,Masters,915186832027,Pune,XL,2.0,2012.0,5.0,1
1996.0,Нет,Male,No,1.0,6.0,,30.0,7.0,3.0,0.0,,919447603022,Bangalore,L,7.0,2013.0,2.0,0
1999.0,,Male,,5.0,,Овен,27.0,3.0,3.0,1.0,Bachelors,919993049886,New Delhi,L,1.0,,3.0,0
1999.0,,Male,No,5.0,245.0,Овен,27.0,,3.0,1.0,,919993049886,New Delhi,,,2014.0,3.0,0
1999.0,Нет,Male,,5.0,245.0,Овен,27.0,,3.0,1.0,Bachelors,919993049886,New Delhi,L,1.0,2014.0,,0
1999.0,Нет,Male,No,5.0,245.0,Овен,27.0,,3.0,1.0,Bachelors,919993049886,New Delhi,L,,,3.0,0
1996.0,Да,Male,No,1.0,,Козерог,30.0,8.0,3.0,1.0,Masters,913833049434,,L,12.0,,1.0,1
1996.0,Да,Male,,1.0,338.0,Козерог,30.0,8.0,3.0,1.0,Masters,913833049434,Bangalore,,12.0,2013.0,1.0,1
1996.0,Да,Male,No,1.0,338.0,Козерог,,8.0,3.0,1.0,Masters,913833049434,Bangalore,,12.0,2013.0,1.0,1
1996.0,,Male,No,1.0,338.0,Козерог,30.0,8.0,3.0,1.0,Masters,913833049434,,L,,2013.0,1.0,1
,,Male,,2.0,483.0,Весы,29.0,7.0,3.0,1.0,Bachelors,913813170763,Bangalore,M,15.0,2016.0,5.0,1
1997.0,Да,Male,No,2.0,483.0,Весы,29.0,7.0,3.0,,Bachelors,913813170763,,M,15.0,2016.0,5.0,1
,Да,Male,No,2.0,335.0,,30.0,9.0,3.0,1.0,Masters,918636332689,New Delhi,,9.0,2018.0,2.0,1
1996.0,Да,Male,No,2.0,,,,9.0,3.0,,Masters,918636332689,New Delhi,L,9.0,2018.0,2.0,1
1996.0,Да,Male,No,2.0,335.0,,,9.0,3.0,,Masters,918636332689,,,9.0,2018.0,2.0,1
1996.0,Да,Male,No,2.0,,Весы,30.0,9.0,3.0,1.0,Masters,918636332689,New Delhi,L,9.0,2018.0,2.0,1
,Да,Male,No,2.0,,Весы,30.0,9.0,3.0,1.0,Masters,918636332689,New Delhi,L,9.0,2018.0,2.0,1
1999.0,Да,Female,No,5.0,390.0,Телец,27.0,4.0,,0.0,Masters,914426191795,Pune,M,,2014.0,1.0,1
1999.0,,Female,No,5.0,390.0,Телец,27.0,4.0,3.0,0.0,Masters,914426191795,,M,9.0,,,1
1999.0,Да,Female,No,,390.0,Телец,,,3.0,0.0,Masters,914426191795,Pune,M,9.0,2014.0,,1
1999.0,Да,,,5.0,,,27.0,4.0,3.0,0.0,Masters,914426191795,Pune,M,9.0,2014.0,1.0,1
1999.0,Да,Female,No,,390.0,Телец,27.0,,3.0,0.0,Masters,914426191795,Pune,M,9.0,,1.0,1
1996.0,Нет,Male,No,0.0,,,29.0,3.0,3.0,,,917766622830,Pune,XL,5.0,,2.0,0
1996.0,,Male,No,0.0,315.0,Рак,29.0,3.0,3.0,0.0,Bachelors,917766622830,Pune,,5.0,2017.0,2.0,0
1996.0,,Male,No,0.0,315.0,Рак,29.0,3.0,,0.0,Bachelors,917766622830,Pune,,,2017.0,2.0,0
1996.0,Нет,Male,,0.0,315.0,Рак,29.0,3.0,3.0,0.0,Bachelors,917766622830,Pune,XL,5.0,2017.0,2.0,0
1995.0,,Male,No,,439.0,Дева,30.0,8.0,3.0,0.0,Masters,914680924780,New Delhi,,10.0,2016.0,4.0,0
1995.0,Нет,Male,No,2.0,439.0,Дева,,8.0,3.0,0.0,Masters,914680924780,New Delhi,,10.0,,4.0,0
1995.0,Нет,,No,,439.0,Дева,30.0,8.0,3.0,,Masters,914680924780,New Delhi,M,,2016.0,4.0,0
,Да,Male,No,3.0,39.0,Лев,30.0,6.0,3.0,1.0,Masters,917248352776,,XXL,10.0,2017.0,,1
1996.0,Да,Female,No,,,Дева,30.0,8.0,,,,912821973284,Pune,S,3.0,,1.0,1
1996.0,,,No,1.0,495.0,Дева,30.0,8.0,2.0,1.0,Bachelors,912821973284,Pune,,3.0,,1.0,1
1998.0,Нет,Female,No,3.0,81.0,Водолей,28.0,10.0,3.0,0.0,Masters,912194281396,New Delhi,M,15.0,,1.0,0
,Нет,Female,No,,81.0,Водолей,,,3.0,0.0,Masters,912194281396,New Delhi,,15.0,2014.0,,0
,Нет,Female,,,,Водолей,28.0,10.0,3.0,,Masters,912194281396,New Delhi,M,15.0,2014.0,1.0,0
1998.0,Нет,Female,No,3.0,81.0,Водолей,,10.0,3.0,0.0,Masters,912194281396,New Delhi,M,15.0,2014.0,1.0,0
1995.0,,,No,2.0,397.0,Скорпион,,9.0,1.0,1.0,Bachelors,915537798547,Bangalore,,10.0,2017.0,,0
1995.0,Нет,Male,No,2.0,397.0,Скорпион,30.0,9.0,1.0,1.0,Bachelors,915537798547,Bangalore,L,10.0,2017.0,1.0,0
1997.0,,,Yes,1.0,,Весы,30.0,9.0,1.0,1.0,Bachelors,918087440799,Pune,S,7.0,2013.0,2.0,1
1997.0,Да,Female,Yes,1.0,45.0,,30.0,9.0,1.0,1.0,Bachelors,918087440799,Pune,S,,,2.0,1
1997.0,Да,Female,Yes,,45.0,Весы,30.0,9.0,1.0,1.0,Bachelors,918087440799,,S,7.0,2013.0,2.0,1
,Да,Female,Yes,1.0,45.0,,,,1.0,1.0,Bachelors,918087440799,Pune,S,7.0,2013.0,,1
1997.0,,Female,No,5.0,25.0,Стрелец,30.0,8.0,3.0,0.0,Bachelors,918417360579,Bangalore,M,,2013.0,2.0,0
1995.0,,,No,,,Близнецы,,3.0,2.0,0.0,PHD,913925205704,New Delhi,,10.0,2018.0,,1
,Да,Female,,4.0,110.0,Близнецы,30.0,3.0,2.0,0.0,PHD,913925205704,New Delhi,M,10.0,2018.0,2.0,1
1995.0,,Female,No,4.0,110.0,,30.0,3.0,2.0,,,913925205704,,,10.0,2018.0,2.0,1
1995.0,Да,Female,No,4.0,110.0,Близнецы,30.0,3.0,2.0,0.0,PHD,913925205704,New Delhi,,10.0,2018.0,2.0,1
1995.0,Да,Female,No,4.0,110.0,Близнецы,,3.0,,0.0,PHD,913925205704,New Delhi,M,10.0,2018.0,,1
,Нет,Male,No,3.0,228.0,Рак,29.0,2.0,3.0,1.0,Bachelors,918263940302,Bangalore,M,14.0,2017.0,2.0,0
1999.0,Нет,Male,Yes,2.0,,Овен,,1.0,,0.0,,915880343390,Bangalore,S,8.0,,3.0,0
1999.0,Нет,Male,Yes,2.0,132.0,,28.0,1.0,3.0,0.0,Bachelors,915880343390,Bangalore,,8.0,2012.0,3.0,0
1995.0,Нет,Male,,2.0,,,30.0,,1.0,,Masters,917656694776,New Delhi,L,10.0,2017.0,1.0,0
1995.0,Нет,Male,,2.0,,Водолей,30.0,8.0,1.0,1.0,,917656694776,New Delhi,L,,2017.0,1.0,0
1996.0,Да,Female,No,,177.0,Водолей,,,1.0,,Masters,914459775238,Bangalore,XL,,2013.0,1.0,1
1996.0,Да,Female,No,2.0,177.0,,29.0,7.0,1.0,,Masters,914459775238,,XL,0.0,2013.0,,1
1996.0,Да,Female,No,2.0,,Водолей,,,,0.0,,914459775238,Bangalore,,0.0,,1.0,1
1997.0,Нет,Male,No,5.0,35.0,Скорпион,29.0,,3.0,1.0,Bachelors,913435974312,Pune,M,12.0,2012.0,2.0,0
1997.0,Нет,Male,No,5.0,35.0,Скорпион,29.0,7.0,3.0,1.0,Bachelors,913435974312,Pune,M,12.0,2012.0,2.0,0
1996.0,Нет,Male,No,,,Близнецы,29.0,7.0,3.0,1.0,Bachelors,916167958607,Bangalore,M,5.0,2015.0,1.0,0
1996.0,Нет,Male,,4.0,,Близнецы,29.0,,,1.0,,916167958607,Bangalore,,5.0,2015.0,1.0,0
,Нет,Male,No,4.0,,Близнецы,29.0,7.0,,1.0,,916167958607,Bangalore,,5.0,2015.0,1.0,0
1996.0,Нет,Male,No,4.0,214.0,Близнецы,29.0,7.0,3.0,1.0,,916167958607,Bangalore,M,5.0,,1.0,0
1997.0,Да,Male,No,3.0,89.0,,29.0,9.0,3.0,,Bachelors,912439365602,Bangalore,,11.0,,1.0,1
1997.0,Да,Male,No,3.0,89.0,Лев,,9.0,3.0,1.0,Bachelors,912439365602,Bangalore,S,11.0,,1.0,1
,Да,Male,No,3.0,89.0,Лев,29.0,9.0,3.0,1.0,,912439365602,Bangalore,S,11.0,2014.0,1.0,1
1997.0,Да,Male,No,3.0,89.0,Лев,,9.0,3.0,1.0,,912439365602,Bangalore,S,,,1.0,1
1997.0,Да,Male,,3.0,89.0,Лев,29.0,9.0,,1.0,,912439365602,Bangalore,S,11.0,,1.0,1
,Да,Male,,,,Козерог,28.0,8.0,3.0,0.0,Bachelors,914062855316,Bangalore,M,13.0,2018.0,,1
,,Male,No,0.0,361.0,Козерог,28.0,8.0,3.0,0.0,Bachelors,914062855316,Bangalore,M,13.0,,1.0,1
,Да,Male,,0.0,,Козерог,28.0,,3.0,0.0,Bachelors,914062855316,Bangalore,M,13.0,2018.0,,1
1997.0,Да,,,,361.0,Козерог,,8.0,3.0,0.0,Bachelors,914062855316,Bangalore,,,2018.0,1.0,1
1996.0,Нет,Male,,0.0,345.0,Близнецы,,4.0,3.0,1.0,,913376974294,Bangalore,L,1.0,2017.0,,0
1996.0,Нет,,No,0.0,,Близнецы,29.0,4.0,3.0,,Bachelors,913376974294,Bangalore,L,1.0,2017.0,1.0,0
1996.0,Нет,,No,,345.0,Близнецы,29.0,4.0,3.0,1.0,Bachelors,913376974294,,L,1.0,2017.0,1.0,0
1996.0,Нет,Male,No,0.0,345.0,Близнецы,29.0,,3.0,1.0,Bachelors,913376974294,Bangalore,L,,,1.0,0
1996.0,,Female,No,4.0,162.0,Дева,,6.0,2.0,0.0,Bachelors,915521101470,,XXL,,2015.0,3.0,1
1996.0,Да,Female,,4.0,162.0,Дева,29.0,6.0,2.0,0.0,,915521101470,Pune,,11.0,2015.0,,1
1997.0,Да,Female,No,1.0,,Лев,29.0,2.0,3.0,,,917969322532,,S,,,1.0,1
1997.0,Да,Female,,1.0,427.0,Лев,29.0,2.0,3.0,,Bachelors,917969322532,Pune,,7.0,2014.0,,1
1997.0,,Female,No,,427.0,Лев,29.0,2.0,,1.0,Bachelors,917969322532,,S,7.0,,1.0,1
1997.0,Да,,No,1.0,427.0,Лев,29.0,2.0,,1.0,Bachelors,917969322532,Pune,,7.0,,1.0,1
1998.0,Нет,Female,No,,409.0,Рыбы,28.0,8.0,3.0,0.0,Bachelors,912003585676,Bangalore,XS,11.0,2012.0,,0
1998.0,Нет,,No,4.0,409.0,Рыбы,,8.0,,0.0,Bachelors,912003585676,Bangalore,XS,11.0,2012.0,,0
1997.0,Нет,Female,No,5.0,393.0,Рак,,0.0,3.0,0.0,,918418633163,Bangalore,L,10.0,2017.0,1.0,0
,,Male,Yes,3.0,60.0,Водолей,30.0,,3.0,1.0,Bachelors,917661918999,Bangalore,M,3.0,,1.0,0
1995.0,Нет,Male,Yes,,60.0,Водолей,,6.0,3.0,1.0,Bachelors,917661918999,,,,2015.0,,0
1998.0,Да,Male,No,,336.0,Телец,28.0,4.0,3.0,1.0,,912586827517,Bangalore,,,2018.0,5.0,1
1997.0,,,No,,424.0,Лев,30.0,10.0,,0.0,Bachelors,913069971861,New Delhi,M,6.0,2017.0,,0
1997.0,Нет,Male,No,5.0,424.0,Лев,30.0,,,0.0,Bachelors,913069971861,New Delhi,M,,2017.0,,0
1997.0,Нет,Male,No,5.0,,,30.0,10.0,3.0,0.0,Bachelors,913069971861,,M,6.0,2017.0,3.0,0
1997.0,Нет,Male,No,5.0,424.0,Лев,30.0,,3.0,,Bachelors,913069971861,New Delhi,M,6.0,2017.0,3.0,0
1995.0,Нет,Male,No,,221.0,Телец,30.0,8.0,3.0,1.0,Bachelors,913252794448,Bangalore,S,2.0,2014.0,1.0,0
1997.0,Нет,Female,No,2.0,425.0,Телец,,,3.0,1.0,Bachelors,916372243458,New Delhi,,11.0,2014.0,5.0,0
1997.0,Нет,Female,No,,,Телец,30.0,9.0,3.0,1.0,,916372243458,New Delhi,XS,,,5.0,0
,Нет,,,2.0,425.0,Телец,,9.0,,,Bachelors,916372243458,New Delhi,XS,11.0,2014.0,5.0,0
1997.0,,,No,2.0,425.0,Телец,30.0,9.0,3.0,1.0,Bachelors,916372243458,New Delhi,XS,11.0,,5.0,0
,,Female,No,5.0,416.0,Козерог,29.0,0.0,3.0,0.0,Bachelors,913152891093,New Delhi,M,8.0,2012.0,1.0,0
1997.0,Нет,,,,416.0,Козерог,29.0,0.0,3.0,0.0,Bachelors,913152891093,New Delhi,M,8.0,2012.0,1.0,0
1997.0,Нет,Female,No,,,,29.0,0.0,3.0,0.0,Bachelors,913152891093,New Delhi,M,8.0,2012.0,1.0,0
1997.0,Нет,Female,No,,416.0,Козерог,29.0,0.0,3.0,0.0,Bachelors,913152891093,New Delhi,M,8.0,2012.0,1.0,0
,Да,Female,No,,,Стрелец,29.0,9.0,2.0,1.0,Bachelors,918346715245,Pune,XS,5.0,2017.0,,1
1996.0,Да,Male,No,4.0,23.0,Телец,29.0,3.0,3.0,0.0,Masters,913325202097,Pune,S,14.0,2016.0,3.0,1
1996.0,Да,Male,No,4.0,23.0,Телец,29.0,3.0,,0.0,Masters,913325202097,Pune,,,2016.0,3.0,1
,Да,Male,,,,Телец,29.0,3.0,3.0,0.0,Masters,913325202097,Pune,,14.0,2016.0,3.0,1
,Да,Male,No,4.0,23.0,Телец,29.0,3.0,,0.0,Masters,913325202097,Pune,S,14.0,2016.0,3.0,1
,Нет,Male,No,2.0,,Дева,,9.0,,,Masters,914637833386,New Delhi,L,15.0,2012.0,,0
1998.0,,Male,,2.0,432.0,Дева,,9.0,3.0,1.0,Masters,914637833386,New Delhi,L,15.0,2012.0,1.0,0
1998.0,,Male,No,,432.0,Дева,29.0,9.0,3.0,1.0,Masters,914637833386,New Delhi,,15.0,2012.0,1.0,0
1998.0,Нет,,No,2.0,432.0,Дева,29.0,9.0,3.0,1.0,Masters,914637833386,New Delhi,L,15.0,2012.0,1.0,0
,Да,Female,No,,253.0,Близнецы,28.0,9.0,,0.0,Bachelors,911608806549,,XS,9.0,2017.0,2.0,1
1995.0,Да,,No,3.0,6.0,Стрелец,30.0,,3.0,0.0,,911844304311,New Delhi,S,,2013.0,3.0,1
,Да,Male,No,0.0,233.0,,30.0,,3.0,1.0,Masters,912291725616,New Delhi,XL,8.0,2013.0,5.0,1
,Да,Male,No,0.0,,Стрелец,30.0,4.0,3.0,,,912291725616,New Delhi,XL,8.0,2013.0,5.0,1
1999.0,Да,Female,,,1.0,Скорпион,,6.0,3.0,1.0,Masters,912389574511,New Delhi,M,9.0,2018.0,1.0,1
1999.0,Да,Female,No,4.0,1.0,Скорпион,26.0,6.0,3.0,1.0,Masters,912389574511,New Delhi,M,,2018.0,1.0,1
,Нет,Male,No,,195.0,Овен,,6.0,3.0,0.0,Masters,911072862437,,M,8.0,2015.0,,0
1996.0,Нет,Male,No,2.0,195.0,,30.0,6.0,3.0,0.0,Masters,911072862437,New Delhi,M,8.0,2015.0,4.0,0
1996.0,Нет,Male,No,2.0,195.0,Овен,30.0,6.0,3.0,,Masters,911072862437,New Delhi,M,,2015.0,4.0,0
1996.0,,Male,No,,195.0,Овен,,,3.0,0.0,Masters,911072862437,,M,,,4.0,0
1998.0,,,No,4.0,368.0,,29.0,2.0,,0.0,Bachelors,913096649933,,XL,3.0,2012.0,5.0,0
1998.0,Нет,Male,No,,368.0,,29.0,2.0,,,Bachelors,913096649933,Bangalore,XL,,2012.0,5.0,0
1998.0,Нет,,No,4.0,368.0,Рак,29.0,2.0,3.0,,,913096649933,Bangalore,XL,3.0,2012.0,5.0,0
1998.0,Нет,Male,,4.0,368.0,Рак,29.0,2.0,3.0,0.0,Bachelors,913096649933,Bangalore,XL,,2012.0,5.0,0
1998.0,Нет,Male,No,4.0,368.0,Рак,29.0,2.0,,0.0,,913096649933,Bangalore,XL,3.0,2012.0,5.0,0
1997.0,Нет,Male,No,5.0,443.0,,28.0,2.0,2.0,0.0,Masters,914472503090,Pune,,3.0,,1.0,0
1997.0,,Male,No,3.0,,Козерог,,,2.0,1.0,,914596701668,,M,13.0,2016.0,1.0,1
1997.0,Нет,Male,,,455.0,Козерог,29.0,0.0,2.0,1.0,Bachelors,914596701668,Pune,M,,2016.0,1.0,1
1997.0,Нет,Male,No,,455.0,Козерог,,0.0,2.0,1.0,Bachelors,914596701668,,M,13.0,2016.0,1.0,1
,Нет,Male,No,3.0,455.0,Козерог,29.0,,,,Bachelors,914596701668,,M,,2016.0,,1
1999.0,Да,Male,No,,307.0,Рак,28.0,,3.0,1.0,Bachelors,919489380514,Pune,,0.0,2018.0,5.0,1
1999.0,Да,,No,5.0,,Рак,28.0,,3.0,1.0,,919489380514,Pune,S,0.0,2018.0,5.0,1
,,Male,No,,307.0,Рак,28.0,,3.0,1.0,Bachelors,919489380514,Pune,,0.0,2018.0,5.0,1
1999.0,Да,Male,No,5.0,307.0,Рак,,1.0,3.0,,Bachelors,919489380514,Pune,S,0.0,2018.0,5.0,1
1999.0,Да,Male,No,5.0,307.0,Рак,,1.0,3.0,1.0,,919489380514,,,0.0,,,1
1997.0,Да,Female,No,4.0,8.0,,29.0,,3.0,0.0,Bachelors,912861501172,,M,4.0,,1.0,1
1997.0,Да,,No,,8.0,Близнецы,29.0,3.0,,0.0,Bachelors,912861501172,Pune,M,4.0,2014.0,1.0,1
1997.0,Да,Female,No,4.0,8.0,Близнецы,29.0,3.0,3.0,0.0,Bachelors,912861501172,,,4.0,2014.0,1.0,1
1997.0,Нет,Male,No,,144.0,Весы,30.0,10.0,3.0,1.0,Masters,913632506745,New Delhi,M,5.0,2016.0,5.0,0
1997.0,Нет,Male,,3.0,144.0,Весы,30.0,10.0,,,Masters,913632506745,New Delhi,,5.0,,5.0,0
,Нет,Male,No,3.0,144.0,Весы,30.0,,3.0,1.0,Masters,913632506745,New Delhi,,5.0,,5.0,0
1995.0,Нет,Male,No,0.0,26.0,Рыбы,,8.0,3.0,,Bachelors,915909684115,Pune,XL,6.0,,2.0,0
1997.0,Нет,Male,No,,334.0,Скорпион,30.0,8.0,2.0,1.0,,917122191540,,,4.0,,5.0,0
1999.0,Нет,Female,No,4.0,125.0,Весы,28.0,3.0,2.0,0.0,Bachelors,916922245407,New Delhi,M,7.0,2017.0,,0
1999.0,Нет,Female,No,4.0,125.0,Весы,28.0,3.0,2.0,0.0,Bachelors,916922245407,New Delhi,,7.0,2017.0,1.0,0
,Нет,Female,,4.0,125.0,Весы,28.0,3.0,2.0,0.0,Bachelors,916922245407,New Delhi,,7.0,2017.0,,0
1999.0,Нет,Female,,4.0,125.0,Весы,28.0,3.0,2.0,,Bachelors,916922245407,New Delhi,M,,2017.0,1.0,0
1995.0,Нет,Female,No,5.0,319.0,Рак,,0.0,3.0,1.0,PHD,919780729216,Bangalore,XS,3.0,2016.0,,0
1995.0,Нет,Female,No,5.0,319.0,Рак,30.0,,3.0,1.0,PHD,919780729216,Bangalore,XS,,2016.0,2.0,0
1996.0,,Male,No,3.0,473.0,,29.0,8.0,2.0,0.0,Bachelors,914698084278,Pune,L,11.0,2017.0,4.0,0
,Да,Male,No,1.0,398.0,Козерог,30.0,4.0,2.0,,,913126892890,,L,13.0,2017.0,5.0,1
,,,,,398.0,Козерог,30.0,,2.0,1.0,Bachelors,913126892890,New Delhi,L,13.0,,5.0,1
1995.0,Да,Male,No,1.0,,Козерог,,,2.0,1.0,Bachelors,913126892890,,L,13.0,2017.0,,1
1995.0,,,No,1.0,398.0,,30.0,4.0,2.0,1.0,,913126892890,,,13.0,,5.0,1
,,Female,,1.0,44.0,,,4.0,2.0,,Bachelors,912586076526,Pune,XS,13.0,,,1
1997.0,,Female,No,,44.0,Весы,30.0,4.0,2.0,0.0,Bachelors,912586076526,Pune,,13.0,2016.0,2.0,1
,Да,Female,No,,44.0,Весы,30.0,,2.0,0.0,,912586076526,Pune,XS,13.0,2016.0,2.0,1
,Да,Female,No,1.0,44.0,,30.0,4.0,,0.0,Bachelors,912586076526,Pune,XS,13.0,,2.0,1
1997.0,Нет,,,0.0,,Водолей,,8.0,3.0,1.0,Masters,918857110730,New Delhi,L,12.0,2014.0,5.0,0
1995.0,Нет,Female,No,1.0,416.0,Близнецы,30.0,9.0,,,Masters,915371209340,,S,13.0,2015.0,4.0,0
1995.0,,Female,No,1.0,,Близнецы,30.0,,2.0,1.0,,915371209340,Pune,,,2015.0,4.0,0
1995.0,Нет,Female,No,1.0,416.0,Близнецы,30.0,9.0,2.0,1.0,,915371209340,,S,,2015.0,,0
1995.0,Нет,Female,No,1.0,,Близнецы,30.0,9.0,2.0,1.0,,915371209340,,,13.0,2015.0,4.0,0
1995.0,Нет,Female,,1.0,,Близнецы,30.0,9.0,,,,915371209340,Pune,S,,2015.0,4.0,0
1995.0,Нет,Female,No,1.0,424.0,Скорпион,30.0,0.0,3.0,0.0,Bachelors,913606897111,Bangalore,M,0.0,2012.0,2.0,0
1995.0,Нет,Female,No,,,Скорпион,30.0,0.0,3.0,0.0,Bachelors,913606897111,,M,0.0,2012.0,,0
1995.0,Нет,Female,No,1.0,424.0,Скорпион,30.0,0.0,3.0,,Bachelors,913606897111,Bangalore,M,0.0,2012.0,2.0,0
,Да,Male,No,3.0,239.0,,29.0,,3.0,1.0,Bachelors,912909388634,Bangalore,L,15.0,,5.0,1
1998.0,Да,,No,2.0,,Водолей,,1.0,,1.0,Masters,911336158023,Pune,XXL,11.0,2018.0,2.0,1
1998.0,Да,,No,2.0,472.0,Водолей,29.0,1.0,3.0,1.0,Masters,911336158023,,,,2018.0,,1
1998.0,,,No,2.0,472.0,Водолей,29.0,,3.0,1.0,Masters,911336158023,Pune,XXL,,,2.0,1
1999.0,Нет,,No,2.0,181.0,Овен,28.0,9.0,2.0,,Bachelors,918142290904,New Delhi,XXL,14.0,2017.0,,0
1999.0,Нет,Male,No,2.0,181.0,Овен,28.0,,2.0,1.0,Bachelors,918142290904,New Delhi,XXL,,2017.0,,0
,Да,Female,No,0.0,464.0,Рак,29.0,10.0,3.0,1.0,Bachelors,918204160520,Bangalore,S,6.0,2016.0,3.0,1
1998.0,Да,Female,No,,464.0,Рак,29.0,10.0,,1.0,Bachelors,918204160520,Bangalore,S,,2016.0,3.0,1
,Да,Female,No,0.0,464.0,Рак,29.0,10.0,,1.0,Bachelors,918204160520,Bangalore,S,6.0,2016.0,,1
1998.0,Да,Female,No,0.0,464.0,Рак,,10.0,,1.0,Bachelors,918204160520,,S,6.0,2016.0,3.0,1
1996.0,Нет,Female,No,1.0,1.0,,29.0,7.0,1.0,0.0,Bachelors,913583176340,New Delhi,XL,3.0,2016.0,4.0,0
1996.0,Нет,Female,No,1.0,,,29.0,7.0,,0.0,Bachelors,913583176340,,XL,3.0,2016.0,4.0,0
1996.0,Нет,Female,No,1.0,1.0,Лев,,7.0,,0.0,Bachelors,913583176340,New Delhi,XL,,,,0
1996.0,Нет,Female,No,,1.0,,,7.0,1.0,0.0,Bachelors,913583176340,New Delhi,XL,3.0,,4.0,0
,Да,Female,No,3.0,297.0,Овен,29.0,5.0,3.0,0.0,Bachelors,915828636445,Bangalore,S,,2018.0,5.0,1
,Да,Female,No,,297.0,Овен,,,3.0,0.0,Bachelors,915828636445,Bangalore,S,3.0,2018.0,5.0,1
1997.0,,Female,No,3.0,297.0,Овен,29.0,,3.0,,Bachelors,915828636445,,S,3.0,2018.0,5.0,1
,Да,,No,1.0,244.0,Стрелец,29.0,,3.0,1.0,,915447625475,New Delhi,M,2.0,2016.0,,1
1996.0,Да,Female,No,1.0,244.0,,,2.0,3.0,1.0,Masters,915447625475,New Delhi,M,2.0,2016.0,4.0,1
1996.0,Да,Female,No,1.0,244.0,Стрелец,29.0,2.0,3.0,,Masters,915447625475,New Delhi,M,,2016.0,,1
,Нет,Male,No,5.0,,,28.0,4.0,3.0,1.0,,914370394222,Pune,M,9.0,2015.0,1.0,0
1996.0,Нет,Female,No,5.0,,Козерог,,,2.0,,Bachelors,916658537532,New Delhi,XL,9.0,2017.0,1.0,0
,,Female,No,5.0,100.0,,29.0,3.0,2.0,,Bachelors,916658537532,New Delhi,XL,,,1.0,0
1996.0,Нет,Female,No,,,Козерог,29.0,3.0,2.0,1.0,Bachelors,916658537532,New Delhi,XL,9.0,,1.0,0
,,Male,No,0.0,72.0,Лев,30.0,0.0,3.0,1.0,Bachelors,917340704661,Bangalore,S,,,,0
1996.0,Нет,,No,0.0,,,30.0,0.0,3.0,1.0,Bachelors,917340704661,Bangalore,S,12.0,2017.0,,0
1996.0,,Male,No,0.0,72.0,Лев,30.0,0.0,3.0,1.0,,917340704661,,S,,2017.0,,0
1996.0,,Male,No,0.0,,Лев,,,3.0,1.0,Bachelors,917340704661,Bangalore,,12.0,2017.0,1.0,0
1996.0,Нет,Male,No,0.0,72.0,Лев,,0.0,3.0,1.0,Bachelors,917340704661,,S,,2017.0,,0
1999.0,Нет,,No,1.0,106.0,,,10.0,,0.0,Bachelors,917708882698,,M,0.0,2013.0,,0
1998.0,Нет,Female,No,0.0,425.0,Козерог,28.0,0.0,3.0,1.0,Bachelors,912280501845,New Delhi,L,13.0,2012.0,,0
1998.0,Нет,Female,No,0.0,425.0,,28.0,0.0,3.0,,,912280501845,,L,13.0,2012.0,,0
1998.0,,Female,No,0.0,286.0,,29.0,3.0,2.0,0.0,Bachelors,914975013425,Pune,M,7.0,,1.0,1
1998.0,Да,Female,No,0.0,286.0,Лев,29.0,3.0,2.0,0.0,Bachelors,914975013425,Pune,M,7.0,2013.0,1.0,1
1997.0,Да,Female,,4.0,,Близнецы,28.0,2.0,,,Bachelors,914051135506,Pune,M,,2013.0,5.0,1
1997.0,,Female,No,4.0,478.0,Близнецы,28.0,2.0,,,Bachelors,914051135506,Pune,M,15.0,,5.0,1
1996.0,Нет,Female,No,3.0,429.0,Весы,29.0,5.0,,0.0,Bachelors,919129007151,,XS,14.0,2013.0,3.0,0
1996.0,Нет,Female,No,3.0,,Весы,29.0,5.0,3.0,,Bachelors,919129007151,Bangalore,XS,,2013.0,,0
,,Female,No,3.0,429.0,Весы,29.0,5.0,3.0,0.0,Bachelors,919129007151,Bangalore,XS,14.0,,3.0,0
1996.0,Нет,Female,No,3.0,429.0,,29.0,5.0,3.0,0.0,Bachelors,919129007151,Bangalore,XS,14.0,2013.0,3.0,0
1997.0,Нет,Male,No,,,Стрелец,29.0,7.0,3.0,0.0,Bachelors,918583863462,Bangalore,XL,15.0,,2.0,0
1997.0,Нет,Male,,,338.0,Стрелец,29.0,7.0,3.0,0.0,Bachelors,918583863462,Bangalore,XL,15.0,2015.0,2.0,0
,Нет,,No,5.0,338.0,Стрелец,29.0,7.0,,0.0,Bachelors,918583863462,,XL,15.0,2015.0,2.0,0
1996.0,Нет,,No,3.0,,Стрелец,30.0,,,0.0,,917762291481,New Delhi,M,5.0,2017.0,,0
1996.0,Нет,,,3.0,132.0,Стрелец,30.0,,3.0,0.0,Bachelors,917762291481,,M,,2017.0,,0
,,Female,No,3.0,132.0,Стрелец,30.0,6.0,3.0,,Bachelors,917762291481,New Delhi,M,5.0,2017.0,,0
,Нет,,No,3.0,132.0,Стрелец,30.0,,3.0,0.0,Bachelors,917762291481,New Delhi,M,5.0,2017.0,1.0,0
,Нет,Male,,0.0,,Овен,29.0,0.0,3.0,1.0,Bachelors,918840837044,Pune,L,12.0,2015.0,1.0,0
,Нет,Male,No,,217.0,Овен,29.0,0.0,,1.0,Bachelors,918840837044,Pune,,12.0,2015.0,1.0,0
1996.0,Нет,Male,No,0.0,,Овен,29.0,0.0,3.0,1.0,,918840837044,,L,12.0,2015.0,1.0,0
1999.0,Нет,,Yes,5.0,497.0,,27.0,,3.0,0.0,Bachelors,913457119721,,XS,12.0,,3.0,0
,Нет,Female,Yes,5.0,497.0,,27.0,4.0,3.0,0.0,Bachelors,913457119721,,XS,12.0,2013.0,3.0,0
,Нет,Female,Yes,,497.0,,,,3.0,0.0,Bachelors,913457119721,Bangalore,XS,12.0,2013.0,,0
1996.0,Нет,Female,No,5.0,486.0,Скорпион,29.0,10.0,1.0,1.0,Bachelors,915643330841,Bangalore,M,9.0,2017.0,2.0,0
,Нет,Female,No,5.0,486.0,Скорпион,29.0,10.0,,1.0,,915643330841,,,9.0,2017.0,2.0,0
1996.0,,Female,No,5.0,486.0,Скорпион,29.0,10.0,1.0,,Bachelors,915643330841,Bangalore,M,9.0,2017.0,2.0,0
,,Female,No,5.0,,Скорпион,29.0,10.0,1.0,,Bachelors,915643330841,,M,9.0,2017.0,2.0,0
,Нет,,No,5.0,,Скорпион,29.0,10.0,,1.0,Bachelors,915643330841,,M,9.0,2017.0,,0
2000.0,Да,Male,No,5.0,408.0,Овен,27.0,10.0,2.0,1.0,Masters,911126625678,Bangalore,L,3.0,2017.0,,1
1997.0,Нет,Female,No,2.0,131.0,Лев,28.0,2.0,3.0,1.0,Masters,913346426766,New Delhi,,12.0,,2.0,0
2000.0,,Female,No,5.0,177.0,Рак,27.0,4.0,3.0,1.0,Bachelors,919414058188,New Delhi,M,,2012.0,2.0,1
2000.0,Да,Female,No,5.0,177.0,Рак,27.0,,,1.0,,919414058188,New Delhi,M,2.0,2012.0,2.0,1
2000.0,Да,Female,No,5.0,,,27.0,4.0,3.0,1.0,Bachelors,919414058188,New Delhi,M,2.0,2012.0,2.0,1
,Да,Female,No,5.0,177.0,Рак,27.0,4.0,3.0,1.0,Bachelors,919414058188,,M,,2012.0,,1
2000.0,Да,Female,,,177.0,Рак,,4.0,3.0,1.0,Bachelors,919414058188,New Delhi,M,,2012.0,2.0,1
1997.0,Нет,Male,No,,166.0,Стрелец,,10.0,3.0,0.0,Bachelors,918964918933,Bangalore,,,2012.0,3.0,0
1997.0,Нет,Male,No,0.0,166.0,Стрелец,28.0,10.0,3.0,0.0,Bachelors,918964918933,Bangalore,M,14.0,2012.0,,0
1998.0,Да,Female,No,5.0,275.0,,27.0,6.0,3.0,,Bachelors,918930740302,New Delhi,M,14.0,2013.0,2.0,1
2000.0,Да,Female,No,,273.0,Дева,26.0,2.0,,0.0,Bachelors,915849156385,Bangalore,M,,,2.0,1
2000.0,,Female,No,4.0,273.0,Дева,26.0,,,0.0,Bachelors,915849156385,Bangalore,M,3.0,,,1
1998.0,Нет,Female,No,3.0,194.0,Козерог,28.0,,3.0,1.0,Bachelors,918691546235,Bangalore,S,,,2.0,0
1998.0,Нет,Female,No,3.0,,Козерог,28.0,8.0,3.0,1.0,Bachelors,918691546235,Bangalore,S,4.0,2012.0,2.0,0
1998.0,Нет,,No,3.0,,Козерог,,8.0,3.0,,Bachelors,918691546235,Bangalore,S,4.0,2012.0,2.0,0
1998.0,Нет,,No,5.0,227.0,Водолей,27.0,,3.0,1.0,Masters,918131417941,New Delhi,L,1.0,2017.0,,0
1997.0,Да,Female,No,5.0,139.0,Рак,,5.0,2.0,0.0,Bachelors,917050888100,,S,11.0,2013.0,4.0,1
2001.0,,Male,,,472.0,Рак,26.0,5.0,3.0,0.0,Masters,913355644172,,S,,2015.0,1.0,1
2001.0,Да,,No,4.0,472.0,Рак,26.0,5.0,3.0,0.0,Masters,913355644172,Pune,S,11.0,2015.0,1.0,1
1997.0,Нет,Female,,3.0,,Дева,30.0,1.0,3.0,0.0,Bachelors,916506378055,Bangalore,,,2016.0,4.0,0
1997.0,Нет,Female,No,,458.0,Дева,30.0,1.0,3.0,0.0,Bachelors,916506378055,Bangalore,M,8.0,2016.0,4.0,0
1997.0,Нет,Female,No,3.0,458.0,,30.0,1.0,3.0,0.0,Bachelors,916506378055,,M,8.0,2016.0,4.0,0
,,Female,No,3.0,458.0,Дева,30.0,1.0,,,Bachelors,916506378055,Bangalore,,8.0,2016.0,4.0,0
1996.0,Да,Male,No,0.0,442.0,Рыбы,30.0,5.0,3.0,1.0,Bachelors,912682252191,Bangalore,L,,2017.0,2.0,1
1996.0,Да,Male,No,0.0,442.0,Рыбы,30.0,5.0,3.0,1.0,Bachelors,912682252191,,L,14.0,2017.0,2.0,1
1996.0,Да,Male,No,0.0,442.0,Рыбы,30.0,5.0,3.0,1.0,Bachelors,912682252191,Bangalore,L,14.0,2017.0,2.0,1
1996.0,Нет,Male,No,4.0,299.0,Весы,29.0,,3.0,1.0,,919485070244,New Delhi,XL,4.0,,3.0,0
1996.0,Нет,Male,No,4.0,,Весы,29.0,3.0,3.0,,PHD,919485070244,New Delhi,XL,4.0,,3.0,0
,Нет,Male,,4.0,299.0,Весы,29.0,,3.0,,PHD,919485070244,New Delhi,XL,4.0,2015.0,3.0,0
1997.0,Нет,Female,No,5.0,262.0,Рыбы,,10.0,1.0,1.0,Bachelors,912409175865,,M,14.0,2014.0,5.0,0
1997.0,Нет,Female,,5.0,,Рыбы,28.0,10.0,1.0,1.0,Bachelors,912409175865,Bangalore,M,,2014.0,,0
1997.0,,Female,No,5.0,262.0,Рыбы,28.0,10.0,1.0,1.0,Bachelors,912409175865,Bangalore,M,14.0,2014.0,5.0,0
1997.0,Нет,Female,,5.0,,Рыбы,28.0,10.0,1.0,1.0,Bachelors,912409175865,,M,14.0,,5.0,0
1997.0,Нет,Female,No,5.0,262.0,Рыбы,28.0,,1.0,1.0,Bachelors,912409175865,,M,14.0,2014.0,5.0,0
1996.0,Нет,Male,,,354.0,Скорпион,30.0,6.0,3.0,,Bachelors,915434584056,Pune,L,9.0,2014.0,2.0,0
1996.0,Нет,,No,0.0,354.0,Скорпион,30.0,6.0,3.0,,Bachelors,915434584056,Pune,,,,2.0,0
2000.0,Да,Female,No,4.0,,Водолей,26.0,7.0,3.0,0.0,Masters,915561310629,Bangalore,S,9.0,2012.0,,1
2000.0,Да,Female,No,4.0,262.0,Водолей,26.0,,3.0,0.0,,915561310629,Bangalore,,9.0,2012.0,,1
,Да,Female,No,4.0,,Водолей,26.0,7.0,3.0,0.0,Masters,915561310629,Bangalore,,9.0,2012.0,1.0,1
2001.0,Да,Female,No,4.0,60.0,Рак,26.0,,2.0,0.0,Bachelors,912862817903,New Delhi,M,7.0,2013.0,3.0,1
2001.0,Да,Female,No,4.0,60.0,Рак,26.0,2.0,2.0,0.0,,912862817903,New Delhi,M,7.0,2013.0,,1
,Нет,,No,,407.0,Близнецы,29.0,0.0,3.0,0.0,Bachelors,918429304367,New Delhi,M,9.0,2016.0,5.0,0
1997.0,Нет,,No,0.0,407.0,,29.0,0.0,,0.0,Bachelors,918429304367,,M,9.0,2016.0,,0
1997.0,Нет,Female,No,0.0,407.0,Близнецы,29.0,,3.0,0.0,,918429304367,,M,9.0,2016.0,,0
1999.0,Да,Female,No,2.0,,Лев,28.0,7.0,3.0,1.0,Masters,915516991727,New Delhi,XS,10.0,2018.0,4.0,1
1999.0,Нет,,No,5.0,486.0,Телец,,2.0,2.0,,PHD,916510074999,New Delhi,,15.0,2015.0,4.0,0
1999.0,,,No,5.0,486.0,Телец,27.0,2.0,,1.0,,916510074999,New Delhi,S,15.0,,4.0,0
1999.0,Нет,,No,5.0,486.0,,27.0,2.0,2.0,,PHD,916510074999,New Delhi,S,15.0,2015.0,4.0,0
,Нет,Female,No,5.0,486.0,,27.0,2.0,2.0,1.0,PHD,916510074999,New Delhi,S,15.0,,4.0,0
,Нет,Female,,,486.0,Телец,27.0,2.0,2.0,1.0,,916510074999,New Delhi,S,15.0,,4.0,0
,Нет,Male,No,1.0,247.0,Дева,,,1.0,1.0,Masters,919773577482,Pune,L,,,2.0,0
,Да,,Yes,3.0,329.0,Козерог,30.0,9.0,3.0,,,915740956677,,S,,2018.0,2.0,1
1996.0,Да,Female,Yes,3.0,329.0,Козерог,,9.0,3.0,1.0,Bachelors,915740956677,New Delhi,S,10.0,2018.0,,1
1996.0,Да,Female,Yes,3.0,329.0,Козерог,,9.0,3.0,1.0,Bachelors,915740956677,New Delhi,S,10.0,2018.0,2.0,1
,Да,,Yes,,329.0,Козерог,30.0,9.0,3.0,1.0,Bachelors,915740956677,New Delhi,,10.0,2018.0,2.0,1
1996.0,Да,,Yes,3.0,329.0,Козерог,30.0,9.0,3.0,1.0,Bachelors,915740956677,New Delhi,S,10.0,2018.0,2.0,1
,,,No,5.0,429.0,Весы,30.0,4.0,3.0,1.0,,913198940890,,,11.0,2013.0,5.0,0
2001.0,Да,Male,Yes,,480.0,Овен,26.0,,3.0,1.0,,911285852496,New Delhi,XL,11.0,2014.0,5.0,1
1990.0,Да,Male,No,2.0,258.0,,,2.0,3.0,0.0,Bachelors,916405816093,Bangalore,M,5.0,2018.0,1.0,1
,Да,,No,2.0,258.0,Скорпион,36.0,2.0,3.0,0.0,Bachelors,916405816093,Bangalore,M,5.0,2018.0,1.0,1
1990.0,Да,,No,2.0,258.0,Скорпион,36.0,2.0,3.0,0.0,Bachelors,916405816093,Bangalore,,5.0,2018.0,1.0,1
1990.0,Да,Male,No,2.0,258.0,Скорпион,,2.0,3.0,0.0,Bachelors,916405816093,Bangalore,M,5.0,2018.0,1.0,1
1989.0,Да,Male,No,4.0,205.0,Стрелец,,7.0,,1.0,Bachelors,916883674990,,L,4.0,,1.0,1
1989.0,Да,Male,No,4.0,205.0,,37.0,7.0,,,Bachelors,916883674990,Bangalore,L,4.0,,,1
1989.0,,Male,No,,205.0,,37.0,7.0,3.0,1.0,Bachelors,916883674990,Bangalore,L,4.0,,1.0,1
1989.0,Да,Male,,4.0,205.0,Стрелец,37.0,,3.0,1.0,,916883674990,Bangalore,L,4.0,2018.0,,1
,Нет,,No,,220.0,Весы,35.0,,,1.0,Bachelors,917417462912,Pune,S,2.0,,3.0,1
1991.0,Нет,Female,No,,220.0,Весы,35.0,9.0,3.0,1.0,,917417462912,Pune,S,2.0,2015.0,3.0,1
1995.0,Да,Female,No,4.0,,Рыбы,32.0,1.0,2.0,0.0,Bachelors,915576577867,Pune,XS,14.0,2013.0,3.0,1
1995.0,,Female,No,,400.0,Рыбы,32.0,,2.0,0.0,Bachelors,915576577867,Pune,XS,14.0,,3.0,1
1995.0,Да,Female,No,,400.0,Рыбы,32.0,1.0,,0.0,Bachelors,915576577867,Pune,XS,14.0,2013.0,,1
,Да,Female,No,4.0,400.0,Рыбы,32.0,1.0,2.0,0.0,Bachelors,915576577867,Pune,XS,,2013.0,3.0,1
1995.0,Да,,No,4.0,400.0,Рыбы,,1.0,,,Bachelors,915576577867,Pune,,,2013.0,,1
,Да,Female,No,0.0,,Дева,39.0,3.0,1.0,0.0,Bachelors,912744671104,Pune,M,8.0,2013.0,1.0,1
1995.0,Да,Male,,1.0,,,32.0,1.0,3.0,1.0,Bachelors,911131190114,Pune,S,,2018.0,1.0,1
1995.0,Да,Male,No,1.0,,Весы,32.0,,3.0,1.0,Bachelors,911131190114,Pune,S,0.0,2018.0,1.0,1
1988.0,Нет,Female,,5.0,243.0,Дева,37.0,2.0,3.0,0.0,PHD,918608042282,New Delhi,,0.0,2012.0,4.0,0
1995.0,Нет,,No,4.0,102.0,Дева,31.0,3.0,3.0,1.0,Bachelors,917362371946,Pune,,7.0,2012.0,4.0,0
1995.0,Нет,,No,4.0,102.0,Дева,31.0,3.0,3.0,1.0,Bachelors,917362371946,Pune,XL,7.0,2012.0,4.0,0
,Нет,Male,,4.0,102.0,Дева,31.0,3.0,3.0,1.0,Bachelors,917362371946,,XL,7.0,2012.0,,0
1995.0,Нет,Male,No,4.0,102.0,Дева,31.0,3.0,3.0,,Bachelors,917362371946,Pune,XL,,2012.0,4.0,0
1995.0,Нет,Male,No,4.0,102.0,,31.0,3.0,3.0,,Bachelors,917362371946,Pune,,,2012.0,4.0,0
,Да,,No,1.0,,Телец,,3.0,3.0,0.0,Bachelors,917573814694,Pune,XL,4.0,2018.0,5.0,1
1994.0,Да,Male,No,,206.0,Телец,31.0,3.0,3.0,0.0,Bachelors,917573814694,Pune,XL,4.0,2018.0,,1
,Да,Male,,,206.0,Телец,31.0,3.0,3.0,0.0,Bachelors,917573814694,Pune,XL,,2018.0,5.0,1
1994.0,Да,Male,No,1.0,206.0,,31.0,3.0,3.0,0.0,Bachelors,917573814694,,XL,4.0,,5.0,1
1994.0,Да,Male,No,1.0,206.0,Телец,31.0,3.0,3.0,0.0,Bachelors,917573814694,Pune,XL,4.0,2018.0,5.0,1
1993.0,Нет,Male,No,2.0,,Дева,33.0,0.0,3.0,0.0,Bachelors,916568803655,Bangalore,L,2.0,2017.0,1.0,0
1993.0,Нет,,No,2.0,318.0,,33.0,0.0,3.0,0.0,Bachelors,916568803655,Bangalore,L,,,1.0,0
1993.0,Нет,Male,No,2.0,318.0,Дева,33.0,0.0,,0.0,Bachelors,916568803655,Bangalore,,2.0,,1.0,0
1988.0,,Male,No,2.0,6.0,Лев,37.0,7.0,2.0,0.0,Masters,919750176015,Pune,S,0.0,2017.0,5.0,0
1988.0,Нет,Male,,2.0,,,37.0,7.0,2.0,0.0,Masters,919750176015,Pune,S,0.0,2017.0,5.0,0
1996.0,,Male,Yes,1.0,300.0,Овен,31.0,1.0,,,,913558976625,Pune,M,1.0,,2.0,0
1996.0,Нет,Male,Yes,1.0,300.0,,31.0,1.0,3.0,,Bachelors,913558976625,Pune,M,,2014.0,2.0,0
1996.0,Нет,Male,Yes,,300.0,Овен,31.0,1.0,,0.0,Bachelors,913558976625,Pune,M,,2014.0,2.0,0
1996.0,Нет,Male,,1.0,300.0,Овен,31.0,1.0,,0.0,Bachelors,913558976625,,M,1.0,2014.0,2.0,0
1986.0,Нет,Female,No,,444.0,Весы,40.0,,,1.0,Masters,914498179321,Bangalore,S,,2017.0,,0
1995.0,Нет,,No,0.0,,Стрелец,32.0,8.0,2.0,1.0,Bachelors,917855950924,New Delhi,L,,2017.0,,0
,Нет,,No,0.0,,Скорпион,41.0,,,1.0,Bachelors,918759678987,Bangalore,L,14.0,2016.0,,0
1992.0,Да,,Yes,5.0,54.0,Дева,,8.0,,1.0,Bachelors,916499100303,Bangalore,,14.0,2018.0,1.0,1
1992.0,Да,Female,Yes,5.0,54.0,,35.0,,3.0,,Bachelors,916499100303,Bangalore,XXL,14.0,2018.0,1.0,1
1992.0,Да,Female,Yes,5.0,,Дева,35.0,8.0,,1.0,Bachelors,916499100303,Bangalore,XXL,14.0,2018.0,1.0,1
1991.0,Нет,Male,No,3.0,457.0,Весы,34.0,5.0,3.0,,Bachelors,912482112101,Pune,L,3.0,2014.0,1.0,0
,Нет,Male,No,3.0,457.0,Весы,34.0,,3.0,0.0,Bachelors,912482112101,Pune,,3.0,2014.0,1.0,0
1991.0,Нет,Male,No,,457.0,Весы,34.0,,,0.0,,912482112101,Pune,,,2014.0,1.0,0
1991.0,Нет,Male,,3.0,457.0,Весы,34.0,5.0,3.0,0.0,Bachelors,912482112101,,L,,,1.0,0
,Нет,Male,No,3.0,457.0,Весы,34.0,5.0,3.0,0.0,Bachelors,912482112101,Pune,L,3.0,2014.0,1.0,0
,Нет,Male,No,0.0,491.0,Дева,31.0,0.0,3.0,,Bachelors,914771487472,,XL,6.0,2017.0,1.0,0
1995.0,Нет,Male,No,0.0,491.0,Дева,31.0,0.0,3.0,1.0,,914771487472,Bangalore,XL,,2017.0,1.0,0
1995.0,Нет,,,,491.0,Дева,31.0,0.0,3.0,1.0,Bachelors,914771487472,Bangalore,XL,6.0,2017.0,1.0,0
1995.0,Нет,Male,,0.0,491.0,Дева,31.0,0.0,3.0,,Bachelors,914771487472,,,6.0,,1.0,0
1995.0,,Male,No,0.0,491.0,Дева,,0.0,,1.0,Bachelors,914771487472,Bangalore,XL,6.0,,1.0,0
1985.0,Да,Female,No,,167.0,Овен,41.0,3.0,3.0,,Masters,915518018906,Bangalore,M,0.0,2017.0,,1
1985.0,Да,,No,2.0,167.0,,41.0,3.0,3.0,0.0,,915518018906,Bangalore,M,0.0,2017.0,5.0,1
1985.0,,Female,No,2.0,167.0,Овен,,3.0,3.0,0.0,Masters,915518018906,Bangalore,,0.0,,5.0,1
1985.0,Да,Female,No,2.0,167.0,Овен,41.0,3.0,3.0,0.0,Masters,915518018906,Bangalore,M,0.0,2017.0,5.0,1
1985.0,Да,Female,No,,167.0,Овен,41.0,3.0,3.0,,Masters,915518018906,Bangalore,M,0.0,,5.0,1
1986.0,Нет,Male,No,5.0,353.0,Водолей,41.0,7.0,3.0,0.0,Bachelors,916858568333,Pune,,13.0,2015.0,3.0,0
1986.0,,Male,No,5.0,,Водолей,,7.0,3.0,,Bachelors,916858568333,,,13.0,2015.0,3.0,0
1986.0,Нет,Male,No,,353.0,,41.0,7.0,3.0,,Bachelors,916858568333,Pune,L,13.0,2015.0,3.0,0
1986.0,Нет,,No,5.0,353.0,Водолей,41.0,7.0,3.0,0.0,Bachelors,916858568333,Pune,,,2015.0,,0
1986.0,Нет,,No,,353.0,Водолей,41.0,7.0,3.0,0.0,Bachelors,916858568333,Pune,L,,2015.0,3.0,0
1989.0,Нет,,No,0.0,437.0,,37.0,7.0,3.0,0.0,Bachelors,919571552569,Bangalore,L,7.0,2016.0,3.0,0
1989.0,,Female,No,,437.0,Овен,37.0,7.0,,0.0,Bachelors,919571552569,Bangalore,,7.0,,3.0,0
1989.0,Нет,Female,No,,437.0,Овен,37.0,7.0,3.0,0.0,Bachelors,919571552569,Bangalore,L,7.0,2016.0,3.0,0
1989.0,Нет,Female,,0.0,437.0,Овен,,7.0,3.0,,Bachelors,919571552569,Bangalore,L,7.0,2016.0,3.0,0
1995.0,Да,,No,3.0,405.0,Лев,32.0,9.0,,,Bachelors,916035504444,Bangalore,XS,11.0,2018.0,1.0,1
1995.0,Да,,No,3.0,405.0,Лев,32.0,,3.0,0.0,Bachelors,916035504444,Bangalore,XS,11.0,2018.0,1.0,1
1995.0,,Female,,,405.0,Лев,,9.0,3.0,0.0,Bachelors,916035504444,Bangalore,XS,11.0,2018.0,1.0,1
,,Female,No,3.0,405.0,,32.0,9.0,3.0,0.0,Bachelors,916035504444,Bangalore,,11.0,2018.0,1.0,1
1995.0,Да,Female,No,,405.0,Лев,32.0,9.0,3.0,0.0,Bachelors,916035504444,Bangalore,XS,,2018.0,1.0,1
1988.0,Нет,,Yes,,434.0,Скорпион,37.0,,,,Bachelors,916098288129,Bangalore,M,10.0,,1.0,0
1988.0,Нет,Male,,,434.0,Скорпион,37.0,10.0,3.0,0.0,Bachelors,916098288129,Bangalore,M,10.0,2015.0,1.0,0
1988.0,Нет,Male,Yes,3.0,,Скорпион,37.0,10.0,,0.0,Bachelors,916098288129,Bangalore,,,2015.0,1.0,0
1988.0,Нет,Male,Yes,3.0,,Скорпион,37.0,10.0,3.0,0.0,Bachelors,916098288129,,,10.0,,1.0,0
1988.0,Нет,Male,Yes,3.0,,Скорпион,37.0,10.0,3.0,0.0,Bachelors,916098288129,Bangalore,M,10.0,2015.0,1.0,0
1994.0,Нет,Male,No,1.0,174.0,Лев,32.0,0.0,3.0,1.0,Bachelors,912841832364,Bangalore,,14.0,2016.0,3.0,0
1989.0,,Female,No,5.0,,,36.0,7.0,3.0,0.0,,917961244180,New Delhi,XL,5.0,2017.0,,0
1989.0,Нет,Female,No,5.0,151.0,Козерог,36.0,7.0,3.0,0.0,Masters,917961244180,New Delhi,XL,5.0,2017.0,4.0,0
1989.0,Нет,Female,No,5.0,151.0,Козерог,,7.0,3.0,0.0,Masters,917961244180,New Delhi,XL,5.0,2017.0,4.0,0
1989.0,Нет,Female,No,,,,36.0,7.0,,0.0,Masters,917961244180,New Delhi,,5.0,2017.0,4.0,0
1989.0,Нет,,,5.0,151.0,Козерог,36.0,7.0,,,,917961244180,New Delhi,XL,5.0,,4.0,0
1991.0,Нет,Male,No,,223.0,,36.0,,3.0,0.0,Bachelors,912085061336,Bangalore,M,8.0,2014.0,1.0,0
1991.0,Нет,Male,No,3.0,223.0,Стрелец,36.0,9.0,,0.0,,912085061336,Bangalore,,8.0,2014.0,,0
1991.0,Нет,,No,3.0,223.0,Стрелец,36.0,9.0,3.0,0.0,Bachelors,912085061336,,,8.0,2014.0,1.0,0
1989.0,Нет,,No,5.0,,Рак,36.0,,3.0,0.0,Bachelors,915242995730,Bangalore,S,6.0,2015.0,1.0,0
1989.0,Нет,Male,No,,,Рак,36.0,,3.0,0.0,,915242995730,Bangalore,S,6.0,2015.0,1.0,0
1986.0,Нет,Male,Yes,3.0,,Рак,41.0,4.0,3.0,1.0,,915301499513,Bangalore,L,4.0,2017.0,5.0,0
1986.0,,Male,Yes,,393.0,Рак,41.0,4.0,3.0,1.0,,915301499513,Bangalore,L,,2017.0,5.0,0
1986.0,Нет,Male,Yes,3.0,393.0,Рак,41.0,4.0,3.0,1.0,,915301499513,Bangalore,L,4.0,,5.0,0
1987.0,,,No,3.0,327.0,Лев,,4.0,3.0,,,919995184710,Pune,S,7.0,2015.0,3.0,0
1987.0,,Male,No,3.0,327.0,Лев,39.0,4.0,3.0,0.0,Bachelors,919995184710,Pune,S,,,3.0,0
1987.0,Нет,Male,No,3.0,327.0,,39.0,4.0,3.0,0.0,Bachelors,919995184710,,S,,2015.0,3.0,0
1987.0,Нет,Male,,3.0,327.0,,,4.0,3.0,0.0,Bachelors,919995184710,Pune,S,,,3.0,0
1988.0,Нет,Male,,0.0,12.0,Овен,37.0,0.0,3.0,0.0,Bachelors,916108979744,Pune,XL,0.0,2013.0,,0
1994.0,,Male,No,,,Скорпион,32.0,,3.0,0.0,Bachelors,916211603364,Bangalore,M,11.0,2013.0,2.0,0
1994.0,Нет,Male,No,1.0,,Скорпион,32.0,,3.0,0.0,,916211603364,Bangalore,M,11.0,2013.0,2.0,0
1994.0,Нет,Male,No,,402.0,Скорпион,32.0,3.0,3.0,0.0,Bachelors,916211603364,Bangalore,M,11.0,2013.0,2.0,0
,Нет,Male,No,2.0,,Козерог,36.0,,,1.0,Bachelors,918471574493,Bangalore,,2.0,,4.0,0
1990.0,Нет,Male,,2.0,,Козерог,36.0,4.0,,1.0,,918471574493,Bangalore,M,2.0,2012.0,4.0,0
1990.0,,Male,No,,79.0,Козерог,36.0,4.0,3.0,1.0,Bachelors,918471574493,,M,2.0,2012.0,4.0,0
,Нет,Male,No,,79.0,Козерог,36.0,4.0,,1.0,Bachelors,918471574493,Bangalore,M,2.0,2012.0,4.0,0
1990.0,Нет,,No,2.0,79.0,,36.0,4.0,3.0,1.0,Bachelors,918471574493,Bangalore,M,,,4.0,0
1991.0,Нет,Male,,,262.0,Овен,36.0,6.0,3.0,1.0,,912630028248,Bangalore,XL,4.0,,,0
,Нет,Male,,4.0,262.0,Овен,36.0,6.0,3.0,1.0,,912630028248,Bangalore,XL,4.0,,4.0,0
1991.0,Нет,Male,No,,262.0,Овен,,,3.0,1.0,Bachelors,912630028248,,XL,4.0,2013.0,4.0,0
1991.0,Нет,Male,No,4.0,,,36.0,6.0,3.0,1.0,,912630028248,Bangalore,XL,4.0,2013.0,4.0,0
1991.0,,,,4.0,262.0,,,6.0,3.0,1.0,Bachelors,912630028248,Bangalore,XL,4.0,,4.0,0
1989.0,Нет,Male,No,1.0,192.0,Овен,36.0,2.0,3.0,1.0,,912123337592,Bangalore,M,7.0,2014.0,2.0,0
1989.0,Нет,Male,No,1.0,192.0,Овен,36.0,,3.0,1.0,Bachelors,912123337592,Bangalore,M,7.0,2014.0,2.0,0
1993.0,Да,Female,,2.0,,Близнецы,32.0,,3.0,0.0,,915861850550,Bangalore,M,13.0,2018.0,4.0,1
1993.0,Да,,Yes,2.0,264.0,Близнецы,,8.0,3.0,0.0,Bachelors,915861850550,,,13.0,,4.0,1
1993.0,Да,Female,Yes,,264.0,,32.0,8.0,3.0,0.0,Bachelors,915861850550,Bangalore,,,2018.0,4.0,1
1993.0,Да,Female,,,264.0,Близнецы,,8.0,3.0,0.0,Bachelors,915861850550,Bangalore,M,13.0,2018.0,4.0,1
1993.0,Да,,Yes,2.0,264.0,Близнецы,32.0,8.0,3.0,0.0,Bachelors,915861850550,Bangalore,M,,2018.0,4.0,1
1992.0,Да,Male,No,3.0,221.0,Козерог,,6.0,,,Bachelors,912632955267,Bangalore,,10.0,,3.0,1
1990.0,Нет,Male,,5.0,325.0,,37.0,6.0,3.0,,Bachelors,916309419480,Bangalore,,11.0,2018.0,3.0,1
1990.0,Нет,Male,Yes,5.0,325.0,Козерог,37.0,,,1.0,,916309419480,Bangalore,XL,11.0,2018.0,3.0,1
1990.0,Нет,Male,Yes,5.0,325.0,Козерог,37.0,,3.0,1.0,Bachelors,916309419480,Bangalore,XL,11.0,2018.0,3.0,1
,Да,,Yes,3.0,39.0,Овен,40.0,2.0,3.0,,Bachelors,914648416517,Pune,XXL,,2018.0,2.0,1
1986.0,Да,Male,,3.0,39.0,Овен,,2.0,3.0,1.0,Bachelors,914648416517,Pune,XXL,14.0,2018.0,2.0,1
1990.0,Да,Female,No,,329.0,Овен,,6.0,,1.0,Bachelors,917359152513,Pune,S,,2014.0,4.0,1
1987.0,Нет,Female,No,0.0,,Водолей,38.0,0.0,2.0,,Bachelors,917249176261,Pune,S,1.0,2017.0,1.0,0
1987.0,Нет,Female,No,,182.0,Водолей,,0.0,2.0,0.0,Bachelors,917249176261,,S,1.0,2017.0,1.0,0
1994.0,Да,Female,No,0.0,484.0,Рак,31.0,9.0,2.0,,,912282828067,New Delhi,L,15.0,2017.0,,1
,Да,,No,0.0,,,31.0,,,,Masters,912282828067,,,15.0,2017.0,2.0,1
1994.0,Да,Female,No,0.0,484.0,Рак,,9.0,2.0,1.0,Masters,912282828067,New Delhi,L,15.0,,2.0,1
,Да,Female,No,,484.0,Рак,31.0,9.0,2.0,1.0,Masters,912282828067,New Delhi,,15.0,2017.0,2.0,1
1985.0,Нет,Female,,,41.0,,,2.0,3.0,0.0,,913690729271,New Delhi,S,1.0,2013.0,3.0,0
1994.0,Да,Male,,3.0,249.0,Овен,32.0,3.0,2.0,1.0,Masters,917952180918,,M,15.0,2012.0,1.0,1
1994.0,Да,Male,No,3.0,249.0,Овен,32.0,3.0,2.0,,Masters,917952180918,Bangalore,M,,,1.0,1
1994.0,Да,Male,No,3.0,249.0,Овен,32.0,3.0,,1.0,,917952180918,Bangalore,M,15.0,2012.0,1.0,1
1985.0,Нет,Female,No,3.0,361.0,,41.0,8.0,2.0,0.0,,914108784710,New Delhi,S,,2017.0,5.0,0
1985.0,Нет,,No,3.0,361.0,Скорпион,41.0,,2.0,0.0,Bachelors,914108784710,New Delhi,S,,2017.0,5.0,0
,Нет,Male,No,5.0,237.0,,40.0,7.0,3.0,0.0,Bachelors,919273754668,,L,13.0,2013.0,,0
1987.0,Нет,Male,No,5.0,237.0,Близнецы,40.0,7.0,3.0,,Bachelors,919273754668,,L,,2013.0,5.0,0
1987.0,,Female,No,,135.0,Козерог,38.0,7.0,,0.0,Bachelors,916571082221,Bangalore,L,0.0,2014.0,1.0,1
1987.0,Да,Female,,2.0,135.0,,38.0,,,0.0,Bachelors,916571082221,Bangalore,L,0.0,2014.0,1.0,1
1987.0,Да,Female,No,2.0,,Козерог,38.0,,3.0,0.0,Bachelors,916571082221,,L,0.0,2014.0,,1
1987.0,,,,2.0,,Козерог,38.0,7.0,3.0,0.0,Bachelors,916571082221,Bangalore,,0.0,2014.0,1.0,1
,,Female,,2.0,,Козерог,38.0,7.0,3.0,0.0,Bachelors,916571082221,Bangalore,,0.0,2014.0,1.0,1
1989.0,,Male,No,5.0,,,,3.0,2.0,0.0,Masters,911405483266,New Delhi,M,,2017.0,,0
1989.0,Нет,Male,No,5.0,489.0,Дева,36.0,,2.0,0.0,Masters,911405483266,New Delhi,,2.0,2017.0,5.0,0
1994.0,Нет,Female,No,,,,33.0,10.0,3.0,0.0,Bachelors,919630333816,New Delhi,M,7.0,2013.0,1.0,0
1994.0,,Female,No,1.0,277.0,Рыбы,33.0,10.0,3.0,,,919630333816,New Delhi,M,7.0,2013.0,1.0,0
1994.0,Нет,,,1.0,277.0,Рыбы,33.0,10.0,3.0,,Bachelors,919630333816,New Delhi,M,,2013.0,1.0,0
1988.0,Нет,Male,Yes,,421.0,Лев,,8.0,3.0,1.0,Bachelors,914085357595,,M,9.0,2014.0,4.0,0
1988.0,Нет,Male,Yes,0.0,421.0,Лев,39.0,,3.0,1.0,Bachelors,914085357595,Bangalore,,9.0,2014.0,4.0,0
1988.0,Нет,Male,Yes,0.0,421.0,Лев,39.0,8.0,3.0,,Bachelors,914085357595,Bangalore,M,,,,0
,Нет,Male,No,0.0,338.0,Близнецы,39.0,2.0,3.0,1.0,Bachelors,917129696730,,XXL,,2013.0,2.0,0
1987.0,Нет,Male,No,0.0,,Близнецы,,2.0,3.0,1.0,Bachelors,917129696730,Bangalore,,6.0,2013.0,2.0,0
1987.0,Нет,Male,No,,338.0,Близнецы,39.0,2.0,,1.0,Bachelors,917129696730,,XXL,6.0,,2.0,0
1994.0,,Male,No,4.0,455.0,Весы,33.0,9.0,,,,911308907849,Bangalore,L,11.0,2014.0,1.0,0
1994.0,Нет,Male,,4.0,455.0,Весы,33.0,9.0,3.0,,Bachelors,911308907849,Bangalore,L,11.0,2014.0,,0
,Нет,Male,No,,455.0,Весы,33.0,,,1.0,,911308907849,Bangalore,L,,,1.0,0
1993.0,Нет,Male,No,5.0,274.0,,32.0,6.0,3.0,,Bachelors,916468542232,Pune,L,10.0,2017.0,5.0,0
1993.0,Нет,Male,No,5.0,,Водолей,32.0,6.0,3.0,1.0,Bachelors,916468542232,Pune,L,10.0,2017.0,5.0,0
1992.0,Да,Female,No,2.0,314.0,,35.0,3.0,3.0,1.0,Bachelors,911019519742,Bangalore,,1.0,2014.0,1.0,1
1992.0,Да,Female,No,2.0,314.0,Дева,,3.0,3.0,1.0,,911019519742,,M,1.0,2014.0,1.0,1
1992.0,Да,Female,No,2.0,314.0,,35.0,3.0,3.0,1.0,Bachelors,911019519742,Bangalore,M,1.0,2014.0,1.0,1
1992.0,Да,Female,No,2.0,314.0,Дева,35.0,3.0,3.0,1.0,Bachelors,911019519742,Bangalore,M,1.0,2014.0,,1
1992.0,Да,,No,2.0,314.0,Дева,35.0,3.0,3.0,1.0,Bachelors,911019519742,Bangalore,M,1.0,2014.0,1.0,1
1991.0,Нет,Male,,,65.0,Овен,36.0,1.0,3.0,0.0,Bachelors,919399106591,,L,3.0,2014.0,,0
,Нет,,,,,,36.0,1.0,3.0,0.0,Bachelors,919399106591,Bangalore,L,3.0,2014.0,5.0,0
1991.0,Нет,,No,5.0,65.0,Овен,36.0,1.0,,0.0,Bachelors,919399106591,Bangalore,L,3.0,,5.0,0
,Нет,,No,5.0,65.0,Овен,,,3.0,0.0,Bachelors,919399106591,Bangalore,L,3.0,2014.0,5.0,0
1988.0,Да,,No,0.0,,,39.0,8.0,2.0,1.0,Bachelors,919462761205,Pune,S,0.0,,3.0,1
1988.0,Да,,No,,301.0,Стрелец,,8.0,2.0,1.0,Bachelors,919462761205,Pune,S,0.0,2018.0,,1
,,,No,,,Стрелец,39.0,8.0,2.0,1.0,,919462761205,,S,0.0,2018.0,3.0,1
1988.0,Да,Female,No,,301.0,,39.0,,2.0,1.0,Bachelors,919462761205,Pune,S,0.0,2018.0,3.0,1
1988.0,Да,Female,,0.0,301.0,Стрелец,,,2.0,1.0,Bachelors,919462761205,Pune,S,0.0,2018.0,3.0,1
1990.0,Нет,Female,No,,184.0,,37.0,9.0,3.0,,Bachelors,912297972865,Bangalore,,6.0,2013.0,3.0,0
1993.0,Нет,,No,1.0,477.0,Телец,33.0,1.0,3.0,1.0,Bachelors,919745276898,Bangalore,M,1.0,2014.0,,0
1991.0,Да,,No,5.0,252.0,Рыбы,34.0,4.0,1.0,,Masters,917520274837,,L,10.0,2015.0,2.0,1
1991.0,Да,Male,No,5.0,252.0,Рыбы,34.0,4.0,1.0,0.0,Masters,917520274837,New Delhi,L,10.0,2015.0,2.0,1
,Да,Male,,5.0,252.0,Рыбы,34.0,4.0,,0.0,Masters,917520274837,,L,10.0,2015.0,2.0,1
1991.0,,Male,No,5.0,252.0,Рыбы,34.0,4.0,1.0,0.0,Masters,917520274837,New Delhi,L,10.0,2015.0,2.0,1
1991.0,Да,Male,No,5.0,252.0,Рыбы,34.0,,1.0,,Masters,917520274837,New Delhi,L,10.0,2015.0,2.0,1
1987.0,Нет,,No,5.0,108.0,Весы,,1.0,1.0,0.0,Masters,915989698913,New Delhi,L,,2017.0,2.0,0
,Нет,Male,No,,108.0,Весы,40.0,1.0,1.0,0.0,Masters,915989698913,New Delhi,L,,2017.0,,0
1994.0,Нет,Male,No,4.0,151.0,Скорпион,32.0,0.0,,,Bachelors,914387422592,,L,6.0,2014.0,,0
1994.0,Нет,Male,No,4.0,151.0,Скорпион,,0.0,3.0,,,914387422592,Bangalore,,6.0,2014.0,3.0,0
1994.0,Нет,Male,No,4.0,151.0,,,0.0,3.0,0.0,Bachelors,914387422592,Bangalore,L,,2014.0,3.0,0
1994.0,,Male,No,,151.0,Скорпион,,0.0,3.0,0.0,Bachelors,914387422592,Bangalore,L,6.0,2014.0,3.0,0
,Нет,Male,,2.0,0.0,Водолей,38.0,7.0,3.0,,Bachelors,912090650870,,M,9.0,2017.0,1.0,0
1988.0,Нет,Male,No,2.0,0.0,Водолей,,,,,Bachelors,912090650870,New Delhi,M,,2017.0,1.0,0
1988.0,Нет,Male,No,2.0,0.0,Водолей,38.0,7.0,3.0,,Bachelors,912090650870,New Delhi,M,9.0,2017.0,1.0,0
,Нет,,No,2.0,0.0,,38.0,,,1.0,Bachelors,912090650870,,M,9.0,2017.0,1.0,0
1988.0,Нет,Male,No,4.0,384.0,Рак,38.0,,,1.0,Bachelors,913327136868,Bangalore,L,5.0,2015.0,,0
1988.0,,Male,No,4.0,384.0,,38.0,6.0,3.0,1.0,,913327136868,Bangalore,L,5.0,2015.0,,0
1994.0,,Male,No,,386.0,Стрелец,32.0,7.0,3.0,1.0,Bachelors,917181147722,,S,,2015.0,1.0,0
,Да,Female,Yes,3.0,,Козерог,31.0,,,1.0,Bachelors,914440328886,Bangalore,M,15.0,2013.0,,1
1987.0,Нет,,No,0.0,202.0,Водолей,39.0,10.0,3.0,0.0,Bachelors,914908384564,Bangalore,L,4.0,2015.0,1.0,0
,Нет,Female,No,0.0,202.0,Водолей,39.0,10.0,,0.0,Bachelors,914908384564,Bangalore,,4.0,,,0
1985.0,Нет,Male,Yes,2.0,,Рак,41.0,,2.0,0.0,Masters,913784972788,Pune,,,2017.0,2.0,0
1985.0,,Male,Yes,2.0,320.0,Рак,41.0,0.0,2.0,0.0,Masters,913784972788,,,11.0,2017.0,,0
1985.0,Нет,Male,Yes,2.0,320.0,Рак,41.0,,2.0,0.0,,913784972788,Pune,,11.0,2017.0,2.0,0
1985.0,Нет,Male,Yes,2.0,320.0,Рак,41.0,0.0,,0.0,Masters,913784972788,Pune,S,11.0,2017.0,2.0,0
1990.0,Да,Female,Yes,,446.0,,35.0,10.0,,1.0,Bachelors,912980109214,Pune,,0.0,,1.0,1
1990.0,Да,,,2.0,446.0,Скорпион,35.0,10.0,2.0,1.0,Bachelors,912980109214,Pune,M,,2015.0,1.0,1
1988.0,Нет,Male,No,,,Дева,,4.0,3.0,1.0,Bachelors,913402753586,Pune,,,2016.0,1.0,0
1988.0,Нет,Male,No,,53.0,Дева,39.0,4.0,,1.0,Bachelors,913402753586,Pune,L,7.0,,1.0,0
1986.0,Нет,Female,No,0.0,488.0,Рыбы,40.0,1.0,3.0,,Bachelors,913374651363,Bangalore,XL,5.0,,2.0,0
1986.0,Нет,Female,No,0.0,,Рыбы,40.0,,3.0,1.0,Bachelors,913374651363,Bangalore,XL,5.0,2014.0,2.0,0
1986.0,Нет,Female,No,0.0,488.0,Рыбы,,,3.0,1.0,Bachelors,913374651363,,XL,5.0,2014.0,2.0,0
1986.0,Нет,,No,0.0,488.0,Рыбы,40.0,1.0,3.0,1.0,Bachelors,913374651363,Bangalore,XL,,2014.0,2.0,0
1984.0,Нет,Male,No,1.0,211.0,,41.0,,3.0,1.0,Bachelors,918113703664,Bangalore,,,2016.0,4.0,0
1984.0,Нет,Male,No,1.0,,Стрелец,41.0,7.0,3.0,1.0,,918113703664,Bangalore,M,8.0,2016.0,4.0,0
1984.0,,,No,1.0,211.0,Стрелец,41.0,7.0,3.0,1.0,,918113703664,Bangalore,M,8.0,2016.0,4.0,0
1984.0,,Male,No,1.0,211.0,Стрелец,41.0,7.0,3.0,1.0,Bachelors,918113703664,Bangalore,M,8.0,,4.0,0
,Нет,Male,No,,211.0,,41.0,7.0,3.0,1.0,,918113703664,Bangalore,M,8.0,2016.0,4.0,0
1991.0,Нет,Female,No,1.0,376.0,,,7.0,2.0,1.0,Masters,911325662691,Pune,,9.0,,1.0,0
1991.0,,Female,No,1.0,376.0,Скорпион,34.0,7.0,2.0,,Masters,911325662691,Pune,S,9.0,,1.0,0
1991.0,Нет,Female,No,1.0,,Скорпион,,7.0,2.0,1.0,,911325662691,,S,9.0,2015.0,,0
,Нет,Female,No,1.0,376.0,Скорпион,34.0,7.0,,,Masters,911325662691,Pune,S,9.0,2015.0,1.0,0
,,Female,No,,,Скорпион,34.0,7.0,2.0,1.0,,911325662691,,S,9.0,2015.0,1.0,0
1989.0,,,No,,119.0,Овен,37.0,2.0,2.0,1.0,Bachelors,913724480318,Pune,M,5.0,,,1
1989.0,Да,,No,5.0,,,,2.0,2.0,1.0,Bachelors,913724480318,Pune,M,5.0,2016.0,3.0,1
1989.0,Да,Female,,5.0,119.0,,37.0,2.0,2.0,1.0,Bachelors,913724480318,,,5.0,2016.0,3.0,1
,,Male,,,,Весы,,1.0,,,Bachelors,915046770456,New Delhi,L,,2017.0,2.0,0
1989.0,Нет,Male,No,2.0,392.0,Весы,36.0,1.0,2.0,1.0,Bachelors,915046770456,New Delhi,L,11.0,,2.0,0
1989.0,Нет,Male,No,2.0,392.0,Весы,36.0,1.0,,1.0,Bachelors,915046770456,New Delhi,L,11.0,2017.0,2.0,0
1989.0,,Male,No,2.0,392.0,Весы,36.0,1.0,2.0,1.0,Bachelors,915046770456,New Delhi,,11.0,2017.0,2.0,0
1989.0,Нет,Male,No,1.0,323.0,Рак,37.0,4.0,3.0,0.0,,916306354144,Pune,XXL,1.0,2015.0,,0
1989.0,,,No,1.0,323.0,Рак,37.0,4.0,,0.0,Bachelors,916306354144,,XXL,1.0,2015.0,3.0,0
1989.0,Нет,Male,No,1.0,323.0,Рак,37.0,4.0,,0.0,Bachelors,916306354144,Pune,,1.0,2015.0,3.0,0
1989.0,Нет,Male,,,,Рак,37.0,4.0,3.0,,Bachelors,916306354144,Pune,XXL,,2015.0,3.0,0
1989.0,Нет,Male,No,1.0,,Рак,,4.0,,0.0,,916306354144,,XXL,1.0,2015.0,3.0,0
1986.0,Нет,,No,,,Лев,40.0,3.0,1.0,1.0,Masters,916926734622,Pune,S,4.0,2015.0,1.0,0
1986.0,Нет,Female,No,,121.0,Лев,40.0,3.0,1.0,,Masters,916926734622,Pune,S,4.0,2015.0,1.0,0
1986.0,Нет,Female,No,,121.0,Лев,40.0,3.0,1.0,1.0,,916926734622,Pune,,4.0,2015.0,,0
1986.0,Нет,Female,No,1.0,121.0,Лев,40.0,3.0,1.0,1.0,Masters,916926734622,Pune,S,4.0,2015.0,1.0,0
1986.0,Да,Female,Yes,0.0,495.0,Весы,39.0,7.0,3.0,0.0,Bachelors,914969749251,New Delhi,S,,,3.0,1
1989.0,Нет,,No,5.0,222.0,Овен,36.0,,2.0,1.0,Bachelors,918823003430,,XL,,2017.0,2.0,0
,Нет,,No,5.0,222.0,Овен,36.0,4.0,2.0,,Bachelors,918823003430,,XL,7.0,2017.0,2.0,0
1989.0,Нет,,No,5.0,222.0,Овен,36.0,4.0,2.0,1.0,,918823003430,,XL,7.0,2017.0,,0
1989.0,Нет,Female,No,5.0,222.0,Овен,36.0,4.0,,,,918823003430,New Delhi,XL,7.0,2017.0,2.0,0
1995.0,Да,Female,,2.0,306.0,Овен,32.0,,2.0,1.0,Bachelors,911519415657,Bangalore,XS,5.0,2015.0,,1
,Да,Female,No,,306.0,,32.0,8.0,2.0,1.0,Bachelors,911519415657,Bangalore,XS,5.0,2015.0,3.0,1
1995.0,Да,Female,No,2.0,306.0,Овен,32.0,,2.0,1.0,Bachelors,911519415657,Bangalore,XS,5.0,2015.0,,1
1995.0,Да,Female,No,2.0,306.0,Овен,32.0,8.0,2.0,,Bachelors,911519415657,Bangalore,XS,5.0,2015.0,3.0,1
1995.0,,,No,1.0,,Лев,31.0,,3.0,0.0,PHD,918221734102,,M,,2015.0,,0
1996.0,,Male,No,4.0,41.0,Дева,,9.0,3.0,,,917632588929,Bangalore,,,2012.0,5.0,0
1996.0,Нет,Male,No,4.0,41.0,Дева,31.0,9.0,3.0,0.0,Bachelors,917632588929,Bangalore,M,0.0,2012.0,,0
1991.0,Нет,Female,No,5.0,249.0,Стрелец,36.0,2.0,,1.0,Bachelors,912874965652,,M,0.0,2013.0,,0
1991.0,Нет,Female,No,5.0,249.0,,36.0,,3.0,1.0,Bachelors,912874965652,New Delhi,M,,2013.0,5.0,0
1991.0,Нет,Female,No,5.0,249.0,Стрелец,36.0,2.0,3.0,1.0,Bachelors,912874965652,New Delhi,,0.0,,5.0,0
1992.0,,Male,,3.0,218.0,Водолей,35.0,2.0,3.0,0.0,Bachelors,913057846180,Bangalore,M,4.0,2014.0,1.0,0
1992.0,Нет,,No,3.0,218.0,Водолей,35.0,2.0,3.0,0.0,Bachelors,913057846180,Bangalore,,4.0,2014.0,1.0,0
1994.0,Да,Female,,2.0,126.0,Козерог,33.0,8.0,2.0,0.0,Masters,911568884665,New Delhi,S,4.0,2013.0,2.0,1
1994.0,Да,,,,126.0,Козерог,33.0,8.0,2.0,0.0,,911568884665,New Delhi,,4.0,2013.0,2.0,1
1988.0,Нет,Male,Yes,1.0,221.0,Телец,39.0,5.0,3.0,,Bachelors,914489890595,Bangalore,L,,2014.0,3.0,0
1988.0,Нет,,Yes,1.0,221.0,Телец,39.0,5.0,,0.0,Bachelors,914489890595,Bangalore,,0.0,2014.0,3.0,0
1988.0,,Male,Yes,1.0,221.0,,,5.0,3.0,,Bachelors,914489890595,Bangalore,L,0.0,2014.0,3.0,0
1992.0,Да,Female,No,,,Близнецы,35.0,4.0,,1.0,Bachelors,918951096794,Pune,,,2015.0,2.0,1
1992.0,Да,Female,No,,461.0,Близнецы,,4.0,,,Bachelors,918951096794,,XXL,0.0,,2.0,1
1992.0,Да,Female,No,1.0,461.0,,35.0,,3.0,1.0,Bachelors,918951096794,Pune,XXL,0.0,2015.0,2.0,1
1992.0,Да,Female,,1.0,461.0,Близнецы,,4.0,,1.0,Bachelors,918951096794,Pune,XXL,0.0,2015.0,2.0,1
1992.0,,Female,No,1.0,461.0,,35.0,4.0,3.0,1.0,Bachelors,918951096794,Pune,XXL,0.0,2015.0,2.0,1
,Нет,Female,No,4.0,329.0,,38.0,6.0,3.0,0.0,Bachelors,914349918128,Bangalore,S,9.0,,3.0,0
1987.0,Нет,Female,No,4.0,329.0,Козерог,38.0,6.0,,0.0,Bachelors,914349918128,Bangalore,S,9.0,2013.0,3.0,0
1988.0,Да,Female,No,4.0,215.0,,,2.0,3.0,1.0,Masters,912798461430,Bangalore,S,1.0,,4.0,1
1988.0,Да,,,,215.0,Рыбы,39.0,2.0,3.0,,,912798461430,Bangalore,,1.0,2017.0,4.0,1
1988.0,,Female,No,,,Рыбы,39.0,2.0,3.0,1.0,Masters,912798461430,Bangalore,S,1.0,,4.0,1
1991.0,Да,Male,,2.0,196.0,,,5.0,2.0,0.0,Bachelors,918145350317,Pune,XL,13.0,2014.0,1.0,1
1996.0,Нет,Male,,1.0,,Лев,31.0,,3.0,0.0,Bachelors,913313359318,Pune,M,2.0,2016.0,3.0,0
,Нет,Male,No,,2.0,Лев,31.0,5.0,3.0,0.0,Bachelors,913313359318,Pune,M,,,3.0,0
1996.0,Нет,Male,No,1.0,2.0,Лев,31.0,5.0,,0.0,Bachelors,913313359318,,M,2.0,2016.0,3.0,0
1993.0,Да,Female,,4.0,,Дева,32.0,,2.0,1.0,Bachelors,916540296460,New Delhi,M,6.0,2017.0,4.0,1
,Да,Female,No,4.0,4.0,Дева,32.0,5.0,,1.0,Bachelors,916540296460,New Delhi,,6.0,,4.0,1
1991.0,,Male,No,1.0,359.0,,34.0,1.0,3.0,,Bachelors,919761833932,,XL,8.0,2016.0,4.0,0
,Нет,Male,No,1.0,359.0,Телец,34.0,,3.0,0.0,Bachelors,919761833932,New Delhi,XL,8.0,2016.0,,0
1991.0,,Male,Yes,3.0,,Козерог,34.0,1.0,3.0,1.0,Bachelors,912567458594,Bangalore,L,15.0,,2.0,0
1991.0,Нет,Male,,3.0,443.0,Козерог,34.0,1.0,3.0,,,912567458594,Bangalore,L,15.0,2014.0,2.0,0
,Нет,Male,Yes,3.0,443.0,Козерог,34.0,1.0,3.0,1.0,Bachelors,912567458594,Bangalore,L,15.0,2014.0,2.0,0
,Да,Male,No,1.0,120.0,,36.0,8.0,,0.0,Masters,918552699432,New Delhi,S,7.0,2014.0,1.0,1
1990.0,,Male,,1.0,120.0,Близнецы,36.0,8.0,3.0,0.0,Masters,918552699432,New Delhi,S,7.0,2014.0,1.0,1
1990.0,Да,Male,No,1.0,120.0,Близнецы,,,3.0,0.0,,918552699432,,S,7.0,2014.0,1.0,1
,Да,Male,,1.0,120.0,Близнецы,36.0,8.0,3.0,0.0,Masters,918552699432,New Delhi,S,7.0,2014.0,1.0,1
1990.0,Да,Male,No,1.0,120.0,Близнецы,36.0,8.0,3.0,0.0,Masters,918552699432,New Delhi,S,7.0,2014.0,1.0,1
1984.0,,Male,No,4.0,92.0,,41.0,,2.0,0.0,Masters,918072089654,Bangalore,S,14.0,2017.0,1.0,0
1984.0,Нет,,,4.0,92.0,Весы,41.0,2.0,2.0,0.0,Masters,918072089654,Bangalore,S,14.0,2017.0,1.0,0
1984.0,Нет,,No,4.0,,,41.0,2.0,2.0,0.0,Masters,918072089654,Bangalore,,14.0,2017.0,1.0,0
1987.0,Нет,Female,,3.0,196.0,Телец,39.0,7.0,2.0,1.0,Masters,913363000993,,M,8.0,2017.0,,0
1987.0,Нет,Female,No,,196.0,Телец,39.0,,2.0,1.0,Masters,913363000993,Pune,M,,2017.0,2.0,0
,Нет,,No,5.0,,Дева,38.0,,2.0,0.0,Masters,919070267692,New Delhi,M,7.0,2017.0,1.0,0
1987.0,Нет,Male,No,5.0,98.0,Дева,38.0,3.0,2.0,0.0,,919070267692,New Delhi,M,,2017.0,1.0,0
,Нет,Male,No,5.0,98.0,Дева,,3.0,2.0,0.0,Masters,919070267692,New Delhi,M,7.0,2017.0,,0
,Нет,Male,No,5.0,,Дева,,3.0,,0.0,,919070267692,New Delhi,M,,,1.0,0
1987.0,Да,,,3.0,292.0,Телец,38.0,10.0,,1.0,Bachelors,915908087842,,L,3.0,,4.0,1
1987.0,,Male,No,3.0,292.0,Телец,,10.0,3.0,1.0,Bachelors,915908087842,,L,,2015.0,4.0,1
1987.0,,Male,No,3.0,292.0,Телец,38.0,10.0,3.0,,Bachelors,915908087842,Bangalore,L,3.0,2015.0,4.0,1
1987.0,Да,Male,No,3.0,292.0,Телец,38.0,10.0,3.0,1.0,,915908087842,Bangalore,L,3.0,2015.0,4.0,1
1987.0,Да,Male,No,3.0,,Телец,38.0,10.0,3.0,1.0,Bachelors,915908087842,Bangalore,L,3.0,2015.0,,1
1989.0,Нет,Male,,4.0,,Лев,37.0,0.0,3.0,,Bachelors,917605282394,Bangalore,L,1.0,2014.0,1.0,0
1989.0,,,No,,240.0,,,0.0,3.0,,Bachelors,917605282394,Bangalore,,1.0,2014.0,1.0,0
,Нет,,No,4.0,240.0,,,0.0,3.0,0.0,Bachelors,917605282394,Bangalore,L,1.0,2014.0,1.0,0
1991.0,Нет,,No,5.0,359.0,,34.0,5.0,,0.0,,918655827679,Bangalore,L,3.0,2017.0,4.0,0
1991.0,Нет,Male,No,5.0,359.0,,34.0,5.0,3.0,0.0,Bachelors,918655827679,Bangalore,L,3.0,2017.0,,0
1991.0,Нет,Male,No,5.0,,Рыбы,34.0,,3.0,0.0,Bachelors,918655827679,Bangalore,L,3.0,,4.0,0
1991.0,Нет,Male,No,5.0,,Рыбы,34.0,5.0,3.0,0.0,Bachelors,918655827679,Bangalore,L,3.0,2017.0,4.0,0
1991.0,Нет,Male,No,5.0,359.0,,,,,0.0,Bachelors,918655827679,Bangalore,L,3.0,,4.0,0
1986.0,Нет,Male,No,5.0,127.0,Дева,,5.0,1.0,1.0,Bachelors,918403318664,Bangalore,L,15.0,2014.0,,0
1986.0,Нет,Male,No,,127.0,Дева,39.0,5.0,1.0,1.0,Bachelors,918403318664,Bangalore,L,15.0,2014.0,3.0,0
1986.0,,Male,No,5.0,,Дева,39.0,,1.0,1.0,Bachelors,918403318664,Bangalore,L,15.0,2014.0,3.0,0
1989.0,Да,Female,No,2.0,492.0,Овен,,1.0,2.0,1.0,,919869230396,New Delhi,S,15.0,2017.0,3.0,1
,Да,,No,2.0,,Овен,38.0,1.0,2.0,1.0,Masters,919869230396,New Delhi,S,15.0,2017.0,3.0,1
,,Female,,2.0,,Овен,38.0,1.0,2.0,1.0,Masters,919869230396,New Delhi,S,15.0,2017.0,3.0,1
1989.0,Да,Female,No,2.0,492.0,,38.0,1.0,2.0,1.0,Masters,919869230396,New Delhi,,15.0,2017.0,3.0,1
1994.0,,Male,No,5.0,,Дева,33.0,3.0,3.0,0.0,,919879412835,New Delhi,L,7.0,,,0
1994.0,Нет,Male,,5.0,92.0,Дева,33.0,3.0,3.0,0.0,Masters,919879412835,New Delhi,L,7.0,2017.0,1.0,0
1994.0,,Male,No,,92.0,Дева,33.0,3.0,3.0,0.0,Masters,919879412835,New Delhi,L,7.0,2017.0,1.0,0
1994.0,Нет,Male,No,5.0,92.0,Дева,,3.0,3.0,,Masters,919879412835,New Delhi,L,,2017.0,,0
,Нет,Male,,5.0,92.0,Дева,33.0,3.0,3.0,0.0,Masters,919879412835,,L,7.0,2017.0,1.0,0
1993.0,Нет,Female,No,5.0,,Стрелец,33.0,1.0,3.0,1.0,Bachelors,911474807820,Bangalore,,12.0,2012.0,,0
1993.0,Нет,,No,5.0,326.0,Стрелец,,1.0,3.0,,Bachelors,911474807820,Bangalore,M,12.0,,1.0,0
1993.0,Нет,Female,No,5.0,326.0,Стрелец,33.0,1.0,3.0,,Bachelors,911474807820,,M,12.0,2012.0,1.0,0
1993.0,Нет,Female,,5.0,326.0,Стрелец,,1.0,3.0,,,911474807820,Bangalore,,12.0,2012.0,,0
,Нет,Female,No,5.0,326.0,Стрелец,33.0,1.0,3.0,1.0,Bachelors,911474807820,Bangalore,M,12.0,,1.0,0
1992.0,Нет,Male,No,4.0,154.0,Водолей,34.0,,3.0,1.0,,913478003503,Bangalore,L,15.0,2012.0,3.0,0
,Да,Female,No,0.0,27.0,Водолей,32.0,9.0,2.0,0.0,Bachelors,915574453256,Pune,XS,5.0,2016.0,4.0,1
1993.0,Да,,No,0.0,27.0,,32.0,9.0,2.0,0.0,,915574453256,Pune,XS,5.0,2016.0,,1
1993.0,Да,Female,No,0.0,,Водолей,32.0,9.0,2.0,0.0,Bachelors,915574453256,Pune,XS,5.0,2016.0,4.0,1
,,Female,No,0.0,27.0,Водолей,32.0,9.0,2.0,0.0,Bachelors,915574453256,Pune,XS,5.0,,,1
,Нет,Female,Yes,0.0,275.0,Лев,33.0,4.0,,0.0,Bachelors,912475656841,,L,14.0,2012.0,3.0,0
,Нет,,,0.0,,Лев,33.0,4.0,,0.0,,912475656841,Bangalore,L,14.0,2012.0,3.0,0
1993.0,,Female,Yes,,275.0,Лев,33.0,,3.0,0.0,,912475656841,Bangalore,L,14.0,2012.0,,0
,Нет,,No,2.0,425.0,Рак,37.0,7.0,3.0,,,916172191302,Pune,L,,2013.0,1.0,0
1988.0,Нет,,No,2.0,425.0,,37.0,7.0,3.0,0.0,,916172191302,Pune,L,,,1.0,0
1989.0,Да,Male,,2.0,309.0,Близнецы,37.0,0.0,,0.0,Masters,912906797311,New Delhi,XL,,2015.0,2.0,1
,Да,Male,No,,309.0,Близнецы,37.0,0.0,3.0,,Masters,912906797311,,XL,,,2.0,1
1989.0,Да,Male,,2.0,,Близнецы,37.0,0.0,3.0,0.0,,912906797311,New Delhi,XL,4.0,2015.0,2.0,1
1989.0,Да,,No,2.0,309.0,Близнецы,37.0,0.0,3.0,0.0,,912906797311,New Delhi,XL,,,2.0,1
1989.0,Да,Male,No,2.0,309.0,Близнецы,37.0,,3.0,0.0,Masters,912906797311,New Delhi,,4.0,,,1
1988.0,Нет,Male,,2.0,324.0,Скорпион,37.0,9.0,3.0,0.0,Bachelors,916228538340,New Delhi,L,10.0,2013.0,1.0,0
1988.0,Нет,Male,No,2.0,,Скорпион,37.0,9.0,3.0,,Bachelors,916228538340,,L,,2013.0,1.0,0
1988.0,Нет,Male,,,324.0,Скорпион,37.0,9.0,,0.0,Bachelors,916228538340,New Delhi,L,10.0,2013.0,1.0,0
1988.0,Нет,Male,No,2.0,324.0,,37.0,9.0,3.0,0.0,Bachelors,916228538340,New Delhi,L,10.0,2013.0,1.0,0
1985.0,Нет,Male,Yes,,6.0,Весы,40.0,,,1.0,,915710600950,,L,2.0,2017.0,1.0,0
1985.0,Нет,,Yes,1.0,6.0,Весы,,,3.0,,Bachelors,915710600950,,,2.0,2017.0,1.0,0
1985.0,Нет,Male,,1.0,6.0,Весы,40.0,5.0,3.0,1.0,Bachelors,915710600950,Bangalore,L,2.0,2017.0,1.0,0
1994.0,Нет,Male,No,1.0,77.0,Стрелец,32.0,,3.0,1.0,,913208709808,New Delhi,XL,,2016.0,3.0,0
1994.0,Нет,Male,No,1.0,,Стрелец,32.0,3.0,3.0,1.0,Masters,913208709808,New Delhi,XL,,2016.0,3.0,0
1994.0,,Male,No,1.0,77.0,Стрелец,32.0,3.0,3.0,1.0,Masters,913208709808,New Delhi,XL,,2016.0,3.0,0
1989.0,Да,Female,No,,309.0,Водолей,36.0,6.0,3.0,1.0,Bachelors,911176351479,Bangalore,,7.0,2016.0,2.0,1
,Да,,No,5.0,309.0,Водолей,36.0,6.0,3.0,1.0,,911176351479,Bangalore,XS,7.0,,,1
,Да,Female,No,5.0,309.0,Водолей,36.0,6.0,3.0,,Bachelors,911176351479,,XS,7.0,2016.0,2.0,1
1989.0,Да,Female,,5.0,309.0,Водолей,,6.0,3.0,1.0,Bachelors,911176351479,Bangalore,XS,7.0,2016.0,2.0,1
1990.0,Нет,Male,,4.0,0.0,,36.0,3.0,,1.0,,911648885249,Bangalore,S,9.0,2014.0,,0
,Нет,Male,,4.0,0.0,,36.0,3.0,3.0,,Bachelors,911648885249,Bangalore,,9.0,2014.0,4.0,0
1990.0,Нет,Male,No,4.0,0.0,Козерог,,3.0,3.0,,Bachelors,911648885249,,,9.0,2014.0,4.0,0
1990.0,Нет,Male,,4.0,0.0,,36.0,3.0,3.0,1.0,Bachelors,911648885249,Bangalore,S,,,4.0,0
,Нет,Male,No,4.0,0.0,Козерог,36.0,3.0,3.0,1.0,Bachelors,911648885249,,S,,2014.0,,0
1989.0,Да,Female,,1.0,224.0,Рак,36.0,3.0,3.0,1.0,,911340169312,Bangalore,L,2.0,2014.0,1.0,1
,,,No,1.0,224.0,Рак,36.0,3.0,3.0,1.0,Bachelors,911340169312,Bangalore,L,2.0,2014.0,1.0,1
1989.0,Да,,,,224.0,Рак,36.0,3.0,3.0,1.0,Bachelors,911340169312,Bangalore,L,2.0,2014.0,1.0,1
1996.0,Да,Male,,,329.0,Рыбы,,8.0,3.0,1.0,Masters,916218390432,New Delhi,XL,,2017.0,1.0,1
,Нет,Male,Yes,,256.0,,38.0,,3.0,0.0,Bachelors,916038505357,Bangalore,M,13.0,2015.0,,0
1988.0,Нет,,Yes,,256.0,Водолей,38.0,0.0,3.0,0.0,,916038505357,Bangalore,M,,2015.0,1.0,0
1988.0,Нет,Male,Yes,4.0,256.0,Водолей,,0.0,,0.0,Bachelors,916038505357,Bangalore,M,13.0,2015.0,1.0,0
1988.0,Нет,Male,Yes,,256.0,Водолей,38.0,0.0,3.0,0.0,Bachelors,916038505357,Bangalore,M,13.0,2015.0,1.0,0
1988.0,Нет,Male,Yes,4.0,256.0,Водолей,38.0,0.0,3.0,0.0,,916038505357,,M,13.0,,,0
,,Male,No,2.0,222.0,,38.0,,3.0,1.0,,918214261087,New Delhi,M,10.0,2017.0,3.0,0
1989.0,Нет,Male,No,2.0,,,38.0,4.0,,1.0,Masters,918214261087,New Delhi,,10.0,2017.0,,0
1986.0,Нет,Male,No,2.0,217.0,Дева,39.0,,,,Bachelors,919454628740,,XL,12.0,2012.0,3.0,0
,Нет,Male,,2.0,,,39.0,10.0,3.0,0.0,,919454628740,Pune,,12.0,2012.0,3.0,0
1986.0,Нет,Male,,2.0,,,39.0,10.0,3.0,0.0,,919454628740,Pune,,,2012.0,3.0,0
,Нет,Male,No,5.0,132.0,,37.0,5.0,1.0,0.0,Bachelors,911175811103,Bangalore,XXL,3.0,2014.0,1.0,0
1988.0,Нет,Male,No,,132.0,,37.0,5.0,,0.0,Bachelors,911175811103,Bangalore,,3.0,2014.0,1.0,0
1988.0,Нет,Male,No,5.0,132.0,,37.0,5.0,,0.0,,911175811103,Bangalore,XXL,3.0,2014.0,,0
1988.0,Нет,Male,No,5.0,132.0,Козерог,37.0,5.0,1.0,,,911175811103,Bangalore,,,,,0
,Нет,Male,No,5.0,,Козерог,37.0,5.0,,,Bachelors,911175811103,Bangalore,XXL,3.0,2014.0,1.0,0
1990.0,Да,,No,1.0,41.0,Дева,,3.0,2.0,1.0,Bachelors,911486701742,Pune,,,2015.0,1.0,1
1990.0,,,No,2.0,193.0,Рак,35.0,0.0,3.0,0.0,Bachelors,913181977140,Bangalore,L,4.0,2013.0,1.0,1
1990.0,,Male,No,2.0,193.0,Рак,35.0,0.0,3.0,0.0,Bachelors,913181977140,,L,4.0,2013.0,,1
1990.0,Да,Male,No,2.0,193.0,,35.0,0.0,3.0,0.0,Bachelors,913181977140,,,4.0,2013.0,1.0,1
1990.0,Да,,No,,193.0,Рак,,0.0,3.0,0.0,Bachelors,913181977140,,,4.0,,1.0,1
,Да,Male,No,2.0,,Рак,35.0,,,0.0,Bachelors,913181977140,Bangalore,L,4.0,2013.0,1.0,1
1985.0,Да,Female,No,5.0,97.0,Дева,40.0,9.0,3.0,1.0,,911613390992,Pune,L,4.0,2013.0,3.0,1
,,Female,,,97.0,,40.0,9.0,3.0,1.0,Bachelors,911613390992,Pune,L,,2013.0,3.0,1
,Нет,,No,5.0,484.0,Весы,,,3.0,1.0,Bachelors,915528001923,,L,,2014.0,1.0,0
1986.0,,,No,,484.0,,40.0,2.0,3.0,1.0,Bachelors,915528001923,Pune,,15.0,2014.0,1.0,0
,Нет,Male,No,5.0,484.0,Весы,40.0,2.0,3.0,1.0,Bachelors,915528001923,Pune,L,,,1.0,0
1986.0,Нет,,No,5.0,484.0,Весы,40.0,2.0,3.0,1.0,Bachelors,915528001923,Pune,L,15.0,2014.0,1.0,0
1986.0,,Male,,5.0,484.0,Весы,40.0,2.0,3.0,1.0,Bachelors,915528001923,Pune,L,15.0,2014.0,1.0,0
1991.0,,Female,No,,363.0,Рак,35.0,3.0,3.0,0.0,,914103338494,Bangalore,S,3.0,,1.0,0
1991.0,,Female,No,3.0,,Рак,,3.0,3.0,0.0,Bachelors,914103338494,Bangalore,S,,2017.0,1.0,0
1991.0,Нет,Female,,3.0,,,35.0,3.0,3.0,0.0,,914103338494,Bangalore,S,3.0,,1.0,0
,Нет,Female,,,381.0,,,2.0,3.0,1.0,,917711287353,Bangalore,,0.0,2012.0,1.0,0
,Нет,Female,,5.0,381.0,Водолей,,,3.0,1.0,Bachelors,917711287353,Bangalore,M,,2012.0,,0
1985.0,Нет,Female,No,,381.0,Водолей,41.0,2.0,3.0,1.0,Bachelors,917711287353,Bangalore,M,0.0,,1.0,0
1985.0,,Female,,,381.0,Водолей,41.0,2.0,3.0,1.0,,917711287353,,,0.0,2012.0,1.0,0
1985.0,Нет,Female,No,5.0,381.0,,41.0,2.0,3.0,,Bachelors,917711287353,,M,0.0,,1.0,0
1994.0,Нет,Male,No,,31.0,Овен,32.0,2.0,,,Bachelors,911979172505,Bangalore,XL,7.0,2015.0,5.0,0
1994.0,Нет,Male,No,4.0,31.0,Овен,32.0,2.0,,1.0,Bachelors,911979172505,,XL,7.0,2015.0,5.0,0
1994.0,Нет,Male,No,4.0,31.0,Овен,32.0,2.0,3.0,1.0,Bachelors,911979172505,,XL,7.0,2015.0,5.0,0
1994.0,Нет,Male,No,4.0,31.0,,,2.0,3.0,,,911979172505,Bangalore,XL,7.0,2015.0,5.0,0
1985.0,Нет,,No,2.0,374.0,Близнецы,,,,0.0,,915952588344,Bangalore,M,9.0,,1.0,0
1985.0,Нет,Male,,2.0,374.0,,41.0,7.0,3.0,0.0,,915952588344,,M,9.0,,1.0,0
1985.0,,Male,No,2.0,374.0,Близнецы,41.0,7.0,3.0,0.0,Bachelors,915952588344,,M,9.0,2013.0,1.0,0
1987.0,Да,,No,1.0,,Рыбы,,6.0,3.0,0.0,Bachelors,913344345688,,M,15.0,2016.0,5.0,1
1987.0,,Male,No,3.0,291.0,,40.0,1.0,3.0,0.0,Bachelors,917681350170,Pune,XXL,11.0,2017.0,4.0,0
1987.0,Нет,Male,No,3.0,291.0,Овен,40.0,1.0,3.0,,Bachelors,917681350170,Pune,XXL,11.0,2017.0,4.0,0
1987.0,Нет,Male,,,291.0,Овен,40.0,1.0,3.0,0.0,Bachelors,917681350170,Pune,XXL,11.0,2017.0,4.0,0
1987.0,Нет,,No,3.0,291.0,Овен,40.0,1.0,3.0,0.0,Bachelors,917681350170,,XXL,11.0,2017.0,4.0,0
,Нет,Male,No,3.0,291.0,Овен,40.0,1.0,3.0,0.0,Bachelors,917681350170,Pune,XXL,11.0,2017.0,4.0,0
1993.0,Да,Male,No,,,Близнецы,34.0,8.0,3.0,0.0,,916615978495,Bangalore,XL,15.0,2017.0,5.0,1
1993.0,Да,,No,,,Близнецы,34.0,8.0,3.0,,,916615978495,Bangalore,XL,15.0,2017.0,5.0,1
1989.0,Нет,Male,Yes,2.0,165.0,Телец,36.0,2.0,2.0,1.0,Masters,918954055079,New Delhi,L,10.0,2017.0,,0
1989.0,Нет,Male,Yes,2.0,,Телец,36.0,,2.0,1.0,Masters,918954055079,New Delhi,L,10.0,2017.0,,0
,Нет,Male,Yes,2.0,165.0,Телец,36.0,2.0,2.0,1.0,,918954055079,New Delhi,L,10.0,,3.0,0
,,Male,Yes,2.0,165.0,Телец,36.0,2.0,2.0,1.0,Masters,918954055079,,L,,2017.0,3.0,0
1989.0,Нет,Male,Yes,2.0,165.0,Телец,,2.0,2.0,,,918954055079,New Delhi,L,10.0,2017.0,,0
1994.0,Нет,Female,No,2.0,,Стрелец,33.0,0.0,3.0,0.0,Bachelors,912500133948,New Delhi,M,15.0,2017.0,,0
1985.0,Нет,Male,No,2.0,91.0,Стрелец,,7.0,3.0,0.0,Bachelors,913955525000,Pune,M,4.0,2014.0,3.0,0
,,Female,,3.0,449.0,Весы,40.0,10.0,3.0,,Bachelors,911617718827,Bangalore,L,,,,0
,,Female,No,,449.0,Весы,40.0,10.0,,0.0,Bachelors,911617718827,,,9.0,2014.0,3.0,0
,Да,Male,No,1.0,,Козерог,31.0,,3.0,1.0,Bachelors,919246673331,Bangalore,L,4.0,2016.0,1.0,1
1996.0,Да,,No,,269.0,Козерог,31.0,3.0,3.0,1.0,Bachelors,919246673331,Bangalore,L,4.0,2016.0,1.0,1
,Да,Female,No,2.0,373.0,Дева,32.0,4.0,3.0,0.0,Masters,913067330184,Bangalore,S,9.0,2015.0,3.0,1
1994.0,Да,Female,No,2.0,373.0,Дева,32.0,4.0,,,Masters,913067330184,,S,9.0,2015.0,3.0,1
1994.0,Да,Female,No,2.0,373.0,Дева,32.0,4.0,,0.0,Masters,913067330184,Bangalore,S,9.0,,,1
1993.0,Да,Female,,1.0,90.0,Телец,34.0,,3.0,0.0,Bachelors,913479448615,Pune,L,9.0,,3.0,1
1993.0,Да,Female,No,,90.0,Телец,34.0,,3.0,0.0,Bachelors,913479448615,Pune,L,9.0,2017.0,3.0,1
1993.0,Да,,No,1.0,90.0,Телец,34.0,5.0,3.0,0.0,,913479448615,Pune,L,,2017.0,,1
1993.0,Нет,,,4.0,356.0,,32.0,7.0,,,Bachelors,913019098627,New Delhi,L,6.0,2016.0,,0
1993.0,Нет,Male,No,,356.0,Рак,32.0,7.0,,,Bachelors,913019098627,New Delhi,L,6.0,2016.0,4.0,0
1993.0,Нет,Male,No,4.0,356.0,,32.0,,3.0,1.0,Bachelors,913019098627,New Delhi,,6.0,,,0
1993.0,Нет,,No,4.0,356.0,Рак,32.0,,3.0,1.0,Bachelors,913019098627,New Delhi,L,6.0,2016.0,4.0,0
1993.0,Нет,,No,4.0,356.0,Рак,,7.0,3.0,1.0,,913019098627,New Delhi,,6.0,2016.0,4.0,0
,,Female,No,4.0,499.0,Стрелец,32.0,,3.0,0.0,Bachelors,914044527116,Bangalore,S,13.0,2013.0,2.0,0
,Нет,Female,No,4.0,,Стрелец,,,3.0,0.0,Bachelors,914044527116,Bangalore,,13.0,,2.0,0
1987.0,,Male,No,,250.0,Водолей,38.0,4.0,3.0,,Bachelors,913980724911,Bangalore,M,,2014.0,2.0,0
1987.0,Нет,,,2.0,250.0,Водолей,38.0,4.0,3.0,,Bachelors,913980724911,Bangalore,M,,2014.0,2.0,0
,Нет,Male,No,2.0,250.0,Водолей,,4.0,,0.0,Bachelors,913980724911,Bangalore,M,13.0,2014.0,2.0,0
1994.0,Да,Male,,1.0,,,,0.0,3.0,1.0,Masters,917393877479,New Delhi,L,11.0,,3.0,1
,Да,Male,No,1.0,7.0,Весы,,,,1.0,Masters,917393877479,New Delhi,,11.0,2017.0,3.0,1
1994.0,,Male,No,,7.0,,32.0,0.0,3.0,1.0,,917393877479,,L,11.0,2017.0,3.0,1
1994.0,Да,Male,,1.0,7.0,Весы,32.0,0.0,,,Masters,917393877479,New Delhi,,11.0,,,1
1994.0,Да,Male,No,1.0,7.0,Весы,32.0,0.0,3.0,1.0,,917393877479,New Delhi,L,11.0,2017.0,3.0,1
1987.0,,Male,No,2.0,,Овен,40.0,0.0,3.0,0.0,Bachelors,917200948597,,,5.0,2015.0,1.0,0
1987.0,Нет,Male,No,2.0,95.0,Овен,40.0,,3.0,0.0,Bachelors,917200948597,New Delhi,L,5.0,2015.0,1.0,0
1987.0,Нет,Male,No,2.0,95.0,Овен,40.0,0.0,3.0,0.0,Bachelors,917200948597,New Delhi,L,5.0,2015.0,1.0,0
1987.0,Нет,,No,2.0,,,,0.0,3.0,0.0,,917200948597,New Delhi,L,5.0,2015.0,1.0,0
,,Male,No,2.0,95.0,Овен,40.0,,3.0,0.0,Bachelors,917200948597,New Delhi,L,5.0,2015.0,1.0,0
1987.0,Да,,No,,16.0,,38.0,8.0,1.0,,,919775683193,New Delhi,M,,,3.0,1
1988.0,Нет,Male,No,0.0,350.0,Весы,,9.0,3.0,0.0,Bachelors,918280100924,Pune,L,11.0,2017.0,1.0,0
1995.0,Нет,,No,1.0,281.0,Рак,,6.0,,1.0,PHD,915901497879,Bangalore,L,5.0,2014.0,,0
,Нет,Male,No,0.0,391.0,,,,3.0,0.0,Bachelors,917058786701,Pune,,5.0,2014.0,,0
,,Male,No,0.0,391.0,Козерог,34.0,,3.0,0.0,Bachelors,917058786701,,M,,2014.0,3.0,0
1993.0,Нет,Male,No,0.0,391.0,Козерог,34.0,0.0,3.0,0.0,Bachelors,917058786701,Pune,M,5.0,2014.0,,0
,Нет,Male,No,0.0,,Козерог,34.0,,3.0,0.0,Bachelors,917058786701,Pune,M,,,3.0,0
,Нет,,No,,391.0,Козерог,34.0,0.0,,0.0,Bachelors,917058786701,Pune,M,5.0,,3.0,0
1993.0,Да,Female,No,2.0,289.0,Рыбы,34.0,8.0,,0.0,Masters,919790049539,New Delhi,S,4.0,2017.0,4.0,1
,Да,Female,No,,289.0,Рыбы,34.0,8.0,2.0,0.0,Masters,919790049539,,S,4.0,2017.0,4.0,1
1988.0,Да,Female,No,0.0,466.0,Рак,37.0,,2.0,1.0,Bachelors,917649318014,Pune,,,2013.0,1.0,1
1988.0,Да,Female,No,0.0,466.0,Рак,37.0,9.0,2.0,,,917649318014,Pune,S,,2013.0,,1
1988.0,Да,,No,0.0,466.0,Рак,37.0,9.0,2.0,1.0,Bachelors,917649318014,,S,1.0,2013.0,1.0,1
1994.0,Нет,Male,,,164.0,Близнецы,31.0,,2.0,1.0,,915329724344,New Delhi,L,6.0,2017.0,2.0,0
1994.0,Нет,,No,1.0,164.0,Близнецы,31.0,4.0,2.0,,Masters,915329724344,New Delhi,L,,2017.0,,0
1994.0,Нет,Male,,1.0,164.0,Близнецы,,4.0,2.0,,Masters,915329724344,New Delhi,L,6.0,,,0
1994.0,Нет,Male,No,1.0,164.0,Близнецы,31.0,4.0,2.0,,Masters,915329724344,New Delhi,,6.0,2017.0,2.0,0
1994.0,Нет,,No,1.0,,Близнецы,,4.0,,1.0,,915329724344,New Delhi,L,6.0,2017.0,2.0,0
,Нет,Male,No,5.0,,Рыбы,,8.0,3.0,1.0,Bachelors,918728405275,Bangalore,M,,2017.0,4.0,0
1992.0,,Male,,5.0,91.0,Рыбы,35.0,8.0,3.0,1.0,Bachelors,918728405275,Bangalore,,,2017.0,4.0,0
1992.0,Нет,,No,,91.0,Рыбы,35.0,8.0,,1.0,Bachelors,918728405275,Bangalore,,9.0,2017.0,4.0,0
1992.0,Нет,Male,No,5.0,91.0,Рыбы,35.0,,3.0,1.0,Bachelors,918728405275,Bangalore,M,9.0,,4.0,0
1992.0,Нет,Male,No,5.0,91.0,Рыбы,35.0,8.0,3.0,,Bachelors,918728405275,,,9.0,2017.0,,0
1991.0,Нет,Female,No,4.0,483.0,Рыбы,34.0,,3.0,,PHD,912502646891,,,3.0,2015.0,3.0,0
1991.0,Нет,Female,,4.0,483.0,Рыбы,34.0,3.0,3.0,,PHD,912502646891,New Delhi,M,3.0,2015.0,3.0,0
1991.0,Нет,Female,No,4.0,483.0,Рыбы,34.0,3.0,,1.0,PHD,912502646891,New Delhi,M,,2015.0,3.0,0
1993.0,Да,Male,No,1.0,52.0,,32.0,6.0,,0.0,Bachelors,911980294115,Bangalore,XL,,2012.0,2.0,1
1993.0,Да,Male,No,1.0,52.0,Овен,32.0,6.0,1.0,0.0,Bachelors,911980294115,,XL,7.0,2012.0,2.0,1
,Да,Male,No,1.0,52.0,,,6.0,1.0,0.0,,911980294115,Bangalore,XL,7.0,2012.0,2.0,1
1993.0,Да,Male,No,1.0,,Овен,32.0,6.0,1.0,,,911980294115,Bangalore,,7.0,2012.0,2.0,1
1993.0,Да,Male,No,1.0,52.0,Овен,32.0,,1.0,0.0,,911980294115,Bangalore,XL,7.0,2012.0,,1
1995.0,Нет,Male,Yes,0.0,498.0,Близнецы,31.0,0.0,3.0,1.0,Bachelors,915065541313,Pune,L,8.0,2017.0,1.0,0
1995.0,Нет,Male,Yes,0.0,498.0,,,0.0,,1.0,Bachelors,915065541313,,L,,2017.0,,0
1995.0,Нет,Male,,0.0,498.0,Близнецы,31.0,0.0,3.0,1.0,Bachelors,915065541313,Pune,L,8.0,2017.0,1.0,0
1995.0,,,,0.0,498.0,Близнецы,31.0,0.0,3.0,1.0,Bachelors,915065541313,Pune,L,8.0,2017.0,,0
1990.0,Нет,Female,No,5.0,,,36.0,10.0,3.0,,Bachelors,915927310082,Bangalore,XXL,12.0,2015.0,1.0,0
1990.0,Нет,Female,No,5.0,230.0,Овен,,,3.0,0.0,Bachelors,915927310082,Bangalore,,12.0,2015.0,1.0,0
1990.0,Нет,Female,,5.0,230.0,Овен,36.0,,3.0,0.0,Bachelors,915927310082,,XXL,12.0,2015.0,,0
1988.0,Нет,Female,No,2.0,285.0,Близнецы,38.0,4.0,3.0,1.0,Masters,919551618921,New Delhi,S,7.0,2017.0,1.0,0
1988.0,,,No,2.0,285.0,,38.0,4.0,,1.0,Masters,919551618921,,S,,2017.0,1.0,0
,Нет,Male,No,4.0,176.0,Близнецы,34.0,9.0,3.0,1.0,,914265301013,Pune,,2.0,,2.0,0
1992.0,Нет,Male,No,4.0,176.0,,34.0,9.0,3.0,1.0,Bachelors,914265301013,Pune,L,2.0,2015.0,2.0,0
1986.0,Да,Female,No,1.0,205.0,Водолей,,7.0,1.0,0.0,Bachelors,911792692717,,,10.0,2013.0,3.0,1
1986.0,Да,Female,,1.0,205.0,Водолей,39.0,,1.0,0.0,Bachelors,911792692717,Bangalore,,,2013.0,3.0,1
1986.0,Да,Female,No,,205.0,Водолей,39.0,7.0,1.0,0.0,Bachelors,911792692717,Bangalore,,10.0,2013.0,,1
1986.0,,Female,No,1.0,205.0,,,7.0,1.0,0.0,Bachelors,911792692717,Bangalore,S,10.0,2013.0,3.0,1
1990.0,Нет,Male,No,0.0,403.0,Весы,35.0,6.0,,,PHD,914948079577,Pune,M,13.0,2013.0,2.0,0
1990.0,Нет,,No,0.0,403.0,Весы,35.0,6.0,3.0,1.0,PHD,914948079577,Pune,M,13.0,2013.0,,0
1990.0,Нет,Male,No,0.0,403.0,Весы,,6.0,3.0,,PHD,914948079577,Pune,,13.0,2013.0,,0
1990.0,Нет,,No,0.0,403.0,Весы,35.0,6.0,3.0,1.0,PHD,914948079577,Pune,M,13.0,2013.0,2.0,0
1990.0,Нет,,No,0.0,403.0,Весы,35.0,6.0,3.0,1.0,PHD,914948079577,Pune,,13.0,2013.0,2.0,0
1994.0,Да,,No,,344.0,,33.0,2.0,2.0,,Masters,913264282438,Pune,,,2015.0,3.0,1
1994.0,Да,Male,,4.0,344.0,Водолей,33.0,2.0,,1.0,,913264282438,,M,,2015.0,3.0,1
1994.0,Да,Male,No,4.0,344.0,Водолей,33.0,2.0,2.0,1.0,Masters,913264282438,Pune,,4.0,2015.0,,1
1994.0,Да,,No,4.0,344.0,Водолей,33.0,,2.0,1.0,Masters,913264282438,,M,4.0,2015.0,3.0,1
1990.0,Да,Female,No,2.0,99.0,Дева,35.0,1.0,3.0,,Masters,913647082178,Bangalore,L,6.0,2014.0,5.0,1
,Нет,Male,No,2.0,282.0,Рыбы,40.0,,3.0,0.0,Masters,912651483354,New Delhi,XL,2.0,2015.0,3.0,0
1987.0,,Male,No,2.0,282.0,Рыбы,40.0,6.0,3.0,0.0,Masters,912651483354,,XL,2.0,2015.0,,0
,Нет,Male,No,,282.0,Рыбы,40.0,6.0,3.0,0.0,Masters,912651483354,New Delhi,,2.0,2015.0,3.0,0
1987.0,Нет,Male,No,2.0,,,40.0,6.0,3.0,0.0,Masters,912651483354,New Delhi,,2.0,,3.0,0
1994.0,Да,Female,,0.0,413.0,Скорпион,32.0,3.0,2.0,0.0,Bachelors,919286019089,,L,,2015.0,2.0,1
,Да,Female,No,0.0,413.0,,32.0,3.0,2.0,0.0,Bachelors,919286019089,Pune,L,4.0,2015.0,2.0,1
1994.0,Да,Female,No,0.0,413.0,Скорпион,32.0,3.0,2.0,0.0,Bachelors,919286019089,,,4.0,2015.0,2.0,1
1988.0,Нет,Male,No,1.0,243.0,,38.0,10.0,3.0,0.0,Bachelors,917205013370,Bangalore,L,14.0,2013.0,3.0,0
,Нет,Male,No,1.0,,,38.0,10.0,,,Bachelors,917205013370,Bangalore,L,,2013.0,,0
1994.0,Да,Female,No,1.0,409.0,Лев,,,3.0,1.0,Bachelors,917996051653,,L,15.0,2012.0,1.0,1
,Да,Male,No,3.0,256.0,,36.0,5.0,3.0,,Bachelors,914380414808,Bangalore,M,3.0,2018.0,1.0,1
1990.0,Да,Male,No,3.0,256.0,Лев,,5.0,3.0,0.0,,914380414808,Bangalore,M,3.0,2018.0,,1
,Нет,Male,No,1.0,162.0,Стрелец,35.0,2.0,3.0,,Bachelors,914837945440,Bangalore,,,2012.0,1.0,0
1991.0,Нет,Male,No,1.0,162.0,Стрелец,,2.0,,0.0,Bachelors,914837945440,Bangalore,,,,1.0,0
1991.0,Нет,Male,No,1.0,,Стрелец,35.0,,3.0,0.0,Bachelors,914837945440,Bangalore,M,11.0,2012.0,1.0,0
,Нет,,No,1.0,162.0,Стрелец,35.0,2.0,3.0,0.0,Bachelors,914837945440,Bangalore,M,11.0,2012.0,1.0,0
,Нет,,,0.0,56.0,,37.0,5.0,,1.0,Bachelors,914881071117,,M,6.0,,1.0,0
1990.0,,Male,No,3.0,221.0,Водолей,35.0,6.0,2.0,,Bachelors,917142438453,,L,,,1.0,1
1990.0,,Male,No,,221.0,,35.0,6.0,2.0,0.0,Bachelors,917142438453,Pune,,,,1.0,1
1990.0,Да,,No,3.0,221.0,,,6.0,2.0,,,917142438453,Pune,L,4.0,2015.0,1.0,1
,Да,Male,No,,221.0,Водолей,,,2.0,,Bachelors,917142438453,Pune,,4.0,2015.0,1.0,1
1989.0,,Female,,1.0,,Рыбы,37.0,,,1.0,Masters,914379414725,Pune,,,2017.0,3.0,0
1989.0,Нет,Female,No,1.0,143.0,Рыбы,37.0,6.0,,1.0,Masters,914379414725,Pune,S,2.0,2017.0,3.0,0
1987.0,Нет,Male,No,,120.0,Водолей,,,2.0,,Masters,916919748617,Pune,XL,,2017.0,,0
1987.0,Нет,Male,No,4.0,120.0,Водолей,39.0,3.0,2.0,1.0,Masters,916919748617,Pune,XL,2.0,2017.0,1.0,0
,,Male,,,,Водолей,39.0,3.0,2.0,1.0,Masters,916919748617,,XL,2.0,2017.0,1.0,0
1985.0,Да,,No,4.0,66.0,Лев,40.0,2.0,3.0,0.0,Masters,912951779476,Pune,,1.0,2014.0,5.0,1
,Да,Male,No,,66.0,Лев,40.0,,3.0,,Masters,912951779476,Pune,M,1.0,2014.0,5.0,1
1986.0,Да,Female,No,1.0,361.0,Водолей,41.0,7.0,2.0,1.0,Bachelors,912276528250,Pune,M,14.0,2012.0,2.0,1
1984.0,Нет,Male,Yes,0.0,0.0,,41.0,10.0,,1.0,Bachelors,919772060832,Pune,M,15.0,,,1
1984.0,Нет,Male,Yes,0.0,0.0,Рыбы,41.0,10.0,3.0,1.0,Bachelors,919772060832,,M,15.0,2018.0,2.0,1
1984.0,Нет,Male,Yes,,0.0,Рыбы,41.0,,3.0,1.0,,919772060832,,M,15.0,2018.0,2.0,1
,,Male,Yes,,0.0,Рыбы,41.0,10.0,3.0,1.0,Bachelors,919772060832,Pune,M,15.0,2018.0,2.0,1
,Нет,Female,No,,89.0,Весы,39.0,0.0,,,Masters,911444101171,Pune,,14.0,2017.0,3.0,0
1988.0,,Female,No,2.0,89.0,Весы,39.0,0.0,2.0,1.0,Masters,911444101171,Pune,M,14.0,2017.0,3.0,0
1988.0,Нет,,,2.0,89.0,Весы,39.0,0.0,2.0,1.0,Masters,911444101171,,M,14.0,2017.0,3.0,0
1989.0,Нет,Female,No,5.0,84.0,Рак,38.0,7.0,3.0,0.0,Bachelors,919877408167,Bangalore,M,1.0,2012.0,4.0,0
1989.0,Нет,Female,No,5.0,84.0,Рак,38.0,7.0,3.0,,Bachelors,919877408167,Bangalore,M,1.0,2012.0,,0
1989.0,,Female,No,5.0,84.0,Рак,38.0,7.0,,0.0,,919877408167,Bangalore,M,1.0,2012.0,,0
1992.0,Нет,Male,No,3.0,337.0,Дева,33.0,,,1.0,Bachelors,913083690865,Bangalore,L,6.0,,3.0,0
,,Male,No,,337.0,Дева,,7.0,3.0,1.0,,913083690865,Bangalore,L,6.0,2013.0,,0
,Нет,,No,3.0,249.0,,36.0,,3.0,1.0,,914813647437,Bangalore,,9.0,2014.0,2.0,0
,Нет,Female,,3.0,249.0,Близнецы,36.0,0.0,3.0,1.0,Bachelors,914813647437,Bangalore,,9.0,2014.0,,0
1984.0,,Male,No,5.0,379.0,,41.0,9.0,3.0,0.0,Bachelors,919143748570,Bangalore,M,,2017.0,1.0,0
1987.0,Нет,Female,No,,175.0,Стрелец,40.0,3.0,,1.0,PHD,919222008555,New Delhi,M,3.0,2012.0,,0
1987.0,,Female,No,,,Стрелец,40.0,3.0,,1.0,PHD,919222008555,New Delhi,M,3.0,2012.0,1.0,0
1987.0,,Female,No,5.0,175.0,Стрелец,,3.0,3.0,,PHD,919222008555,New Delhi,M,3.0,2012.0,1.0,0
1995.0,,,,4.0,,Рак,31.0,4.0,3.0,1.0,Bachelors,914492432460,Bangalore,,6.0,2013.0,2.0,1
,Да,Female,No,4.0,230.0,,31.0,4.0,3.0,1.0,,914492432460,Bangalore,S,6.0,2013.0,2.0,1
1995.0,Да,,No,4.0,230.0,Рак,31.0,4.0,3.0,1.0,,914492432460,,S,6.0,2013.0,,1
1993.0,Нет,Female,No,,356.0,Рыбы,33.0,10.0,3.0,0.0,,916591321996,Bangalore,M,13.0,2012.0,3.0,0
1986.0,,Male,Yes,2.0,347.0,Водолей,39.0,3.0,3.0,,Bachelors,919517678463,Bangalore,M,5.0,,4.0,0
1986.0,Нет,Male,,2.0,347.0,Водолей,,3.0,3.0,0.0,,919517678463,Bangalore,M,5.0,,4.0,0
1986.0,,,Yes,2.0,347.0,Водолей,39.0,3.0,3.0,0.0,Bachelors,919517678463,Bangalore,M,5.0,,4.0,0
1994.0,Нет,,No,5.0,146.0,Козерог,33.0,10.0,,0.0,Masters,919905835564,Pune,S,10.0,2014.0,1.0,0
1994.0,Нет,Female,No,5.0,146.0,Козерог,33.0,10.0,2.0,0.0,Masters,919905835564,Pune,S,10.0,2014.0,,0
1994.0,,,No,,146.0,Козерог,,10.0,,0.0,Masters,919905835564,Pune,,10.0,2014.0,1.0,0
1990.0,Нет,,No,,244.0,Весы,35.0,,3.0,0.0,Bachelors,913825216691,Bangalore,L,9.0,2015.0,2.0,0
1990.0,Нет,,No,,244.0,,35.0,,3.0,0.0,Bachelors,913825216691,Bangalore,L,9.0,2015.0,2.0,0
,Нет,Male,No,0.0,,Весы,35.0,,3.0,0.0,Bachelors,913825216691,Bangalore,L,,2015.0,,0
1990.0,Нет,Male,No,0.0,244.0,Весы,35.0,,3.0,0.0,Bachelors,913825216691,Bangalore,L,9.0,2015.0,2.0,0
1988.0,Нет,Male,No,2.0,,,38.0,5.0,3.0,0.0,Masters,913505863331,New Delhi,M,0.0,2012.0,1.0,0
,Нет,Female,,,398.0,Рыбы,36.0,,,0.0,Bachelors,914180693866,Bangalore,XS,10.0,,3.0,0
1989.0,Нет,Female,No,0.0,398.0,Рыбы,,,3.0,0.0,Bachelors,914180693866,Bangalore,,,2016.0,,0
1989.0,Нет,Female,No,0.0,398.0,Рыбы,36.0,0.0,,0.0,Bachelors,914180693866,Bangalore,XS,,2016.0,,0
1989.0,Нет,Female,No,0.0,398.0,,36.0,0.0,3.0,,,914180693866,Bangalore,XS,10.0,2016.0,3.0,0
1991.0,Да,Female,No,2.0,50.0,Близнецы,36.0,,2.0,1.0,Bachelors,911237490948,Pune,,12.0,2014.0,3.0,1
1991.0,,Female,,2.0,50.0,Близнецы,36.0,0.0,2.0,1.0,,911237490948,Pune,M,12.0,,3.0,1
1991.0,Да,Female,No,2.0,50.0,Близнецы,36.0,,2.0,1.0,,911237490948,Pune,,12.0,2014.0,3.0,1
,Да,Female,No,2.0,50.0,Близнецы,,0.0,2.0,1.0,Bachelors,911237490948,Pune,M,,2014.0,3.0,1
1991.0,Да,Female,No,2.0,50.0,,36.0,0.0,2.0,1.0,Bachelors,911237490948,Pune,,12.0,2014.0,3.0,1
,Нет,Male,No,5.0,429.0,,35.0,,,0.0,Bachelors,912974235922,Bangalore,,,,4.0,0
1992.0,Нет,Male,No,5.0,429.0,Телец,35.0,3.0,1.0,,,912974235922,Bangalore,M,,,4.0,0
1992.0,Нет,Male,No,,429.0,Телец,,3.0,1.0,0.0,Bachelors,912974235922,Bangalore,M,7.0,,4.0,0
1992.0,Нет,Male,No,5.0,429.0,Телец,35.0,3.0,1.0,0.0,,912974235922,Bangalore,M,7.0,,,0
1991.0,,Female,,5.0,94.0,Весы,34.0,2.0,2.0,,Bachelors,918526276846,Pune,S,6.0,2017.0,5.0,1
,Нет,Female,No,,94.0,Весы,34.0,2.0,2.0,1.0,Bachelors,918526276846,,S,6.0,2017.0,5.0,1
1991.0,Нет,Female,No,,94.0,Весы,34.0,2.0,2.0,,,918526276846,Pune,S,6.0,2017.0,,1
1991.0,Нет,Female,No,5.0,94.0,Весы,34.0,2.0,2.0,,,918526276846,Pune,,6.0,2017.0,,1
1991.0,Нет,,No,5.0,94.0,Весы,34.0,2.0,2.0,1.0,,918526276846,Pune,S,6.0,2017.0,5.0,1
1984.0,Да,,No,3.0,491.0,Стрелец,41.0,0.0,2.0,1.0,,917623495670,,S,,,3.0,1
,Да,Female,No,3.0,420.0,Весы,32.0,5.0,3.0,1.0,Bachelors,915715148473,,L,2.0,2016.0,,1
1995.0,Да,Female,No,3.0,420.0,Весы,32.0,5.0,3.0,1.0,Bachelors,915715148473,Pune,,,2016.0,2.0,1
1995.0,Да,Female,No,3.0,420.0,Весы,32.0,,3.0,1.0,Bachelors,915715148473,Pune,,2.0,2016.0,2.0,1
1995.0,,Female,No,3.0,,Весы,32.0,5.0,3.0,1.0,Bachelors,915715148473,Pune,L,2.0,2016.0,2.0,1
1995.0,Да,,No,,420.0,Весы,32.0,5.0,3.0,1.0,Bachelors,915715148473,Pune,L,,,2.0,1
1984.0,Да,Female,,,,Дева,41.0,,,,,919442432791,Pune,M,,,4.0,1
1984.0,Да,Female,No,2.0,,Дева,41.0,9.0,,1.0,Bachelors,919442432791,Pune,M,6.0,,4.0,1
1984.0,Да,Female,,,121.0,Дева,41.0,9.0,2.0,1.0,Bachelors,919442432791,Pune,M,6.0,2017.0,4.0,1
,Нет,,,,137.0,Овен,,8.0,3.0,1.0,Bachelors,919672317767,Bangalore,M,12.0,2016.0,1.0,0
1991.0,Нет,Male,No,0.0,,,36.0,8.0,,1.0,,919672317767,Bangalore,M,,2016.0,1.0,0
1991.0,,Male,,0.0,137.0,Овен,36.0,,3.0,1.0,Bachelors,919672317767,Bangalore,M,12.0,2016.0,1.0,0
1988.0,Нет,Male,No,3.0,400.0,Овен,39.0,,2.0,0.0,,919424358802,Pune,L,13.0,2017.0,,0
,Нет,Male,,2.0,,Стрелец,38.0,5.0,3.0,0.0,Bachelors,914866121133,Bangalore,L,0.0,2015.0,,0
1991.0,Да,Male,No,3.0,214.0,Весы,,4.0,3.0,1.0,Bachelors,914173034448,Bangalore,XXL,7.0,2014.0,2.0,1
,Да,,No,,214.0,,34.0,4.0,3.0,1.0,,914173034448,Bangalore,XXL,,2014.0,2.0,1
1991.0,Да,Male,No,3.0,214.0,Весы,34.0,4.0,3.0,,Bachelors,914173034448,Bangalore,XXL,7.0,,2.0,1
1991.0,,Male,No,3.0,214.0,Весы,34.0,4.0,,1.0,Bachelors,914173034448,Bangalore,XXL,,2014.0,2.0,1
,Нет,Female,No,,,Водолей,39.0,6.0,,,Bachelors,918395160789,Bangalore,M,0.0,2012.0,4.0,0
1987.0,,,,5.0,499.0,Водолей,39.0,6.0,,0.0,Bachelors,918395160789,Bangalore,M,0.0,2012.0,4.0,0
1987.0,Нет,Female,No,5.0,,Водолей,39.0,6.0,3.0,0.0,Bachelors,918395160789,,M,0.0,2012.0,4.0,0
1987.0,Нет,Female,,5.0,499.0,Водолей,39.0,6.0,3.0,0.0,,918395160789,,M,0.0,2012.0,4.0,0
1989.0,Нет,Male,,1.0,473.0,Овен,36.0,1.0,3.0,0.0,Bachelors,914985107029,Pune,L,6.0,2017.0,5.0,0
1989.0,Нет,Male,No,1.0,,,36.0,1.0,3.0,0.0,Bachelors,914985107029,Pune,L,,2017.0,5.0,0
1989.0,Нет,Male,No,1.0,473.0,Овен,36.0,1.0,,0.0,Bachelors,914985107029,Pune,L,6.0,2017.0,,0
1989.0,,,No,1.0,473.0,Овен,36.0,1.0,3.0,,,914985107029,Pune,L,6.0,2017.0,5.0,0
1992.0,Нет,Male,No,,278.0,Близнецы,35.0,9.0,3.0,0.0,Bachelors,913321742469,Bangalore,XXL,,2014.0,,0
1992.0,Нет,,No,1.0,278.0,Близнецы,,9.0,3.0,0.0,Bachelors,913321742469,Bangalore,XXL,4.0,2014.0,1.0,0
1992.0,,,,1.0,278.0,Близнецы,35.0,9.0,3.0,0.0,Bachelors,913321742469,Bangalore,XXL,4.0,,1.0,0
1994.0,,Male,No,2.0,,Козерог,31.0,1.0,3.0,1.0,Masters,919930830469,Bangalore,M,13.0,2018.0,2.0,1
1994.0,,Male,,2.0,177.0,Козерог,31.0,1.0,3.0,1.0,Masters,919930830469,Bangalore,M,13.0,,2.0,1
1994.0,Да,,No,2.0,177.0,Козерог,,1.0,3.0,1.0,Masters,919930830469,,M,13.0,2018.0,,1
1994.0,,,No,2.0,177.0,Козерог,31.0,1.0,,,Masters,919930830469,Bangalore,M,,2018.0,,1
1994.0,Да,Male,,,177.0,Козерог,31.0,1.0,3.0,,Masters,919930830469,Bangalore,M,13.0,,2.0,1
1984.0,Нет,Female,No,4.0,149.0,Рак,41.0,,3.0,1.0,Bachelors,915582479433,Bangalore,XS,3.0,,2.0,0
1990.0,Нет,Female,No,4.0,174.0,,35.0,5.0,3.0,0.0,Bachelors,912684606679,Bangalore,S,10.0,2017.0,,0
1986.0,Нет,Male,No,2.0,,Рыбы,40.0,,1.0,,Bachelors,911700175191,Bangalore,XL,13.0,2015.0,,0
1986.0,Нет,Male,No,,185.0,,40.0,7.0,1.0,,Bachelors,911700175191,Bangalore,,13.0,2015.0,3.0,0
1986.0,Нет,Male,No,2.0,185.0,Рыбы,,7.0,1.0,1.0,,911700175191,,,13.0,2015.0,3.0,0
1992.0,Да,Female,No,4.0,32.0,Весы,33.0,,3.0,,Bachelors,911929311527,Bangalore,M,5.0,2018.0,3.0,1
1992.0,Да,Female,,4.0,,Весы,33.0,5.0,3.0,0.0,Bachelors,911929311527,,M,5.0,2018.0,3.0,1
1992.0,Да,Female,No,4.0,32.0,,33.0,,3.0,0.0,Bachelors,911929311527,Bangalore,M,5.0,2018.0,,1
1991.0,Да,Female,No,3.0,244.0,Телец,36.0,4.0,,0.0,PHD,915282328887,Bangalore,S,13.0,2018.0,1.0,1
1991.0,Да,Female,No,3.0,244.0,Телец,36.0,,3.0,,PHD,915282328887,Bangalore,S,,2018.0,1.0,1
1991.0,Да,,No,3.0,244.0,Телец,36.0,4.0,3.0,0.0,PHD,915282328887,Bangalore,S,13.0,2018.0,1.0,1
1991.0,Да,Female,No,3.0,244.0,Телец,,4.0,3.0,0.0,PHD,915282328887,Bangalore,S,,,1.0,1
1991.0,Да,Female,,3.0,244.0,Телец,,4.0,3.0,0.0,PHD,915282328887,Bangalore,S,13.0,2018.0,,1
1985.0,,,No,0.0,330.0,Дева,40.0,10.0,3.0,0.0,,911040913665,Bangalore,XL,9.0,2012.0,,0
1985.0,Нет,,No,0.0,330.0,Дева,40.0,10.0,3.0,0.0,Bachelors,911040913665,Bangalore,XL,9.0,2012.0,2.0,0
1985.0,Нет,Male,No,0.0,330.0,,40.0,10.0,3.0,0.0,,911040913665,Bangalore,XL,,2012.0,2.0,0
1985.0,Нет,Male,No,,330.0,Дева,40.0,10.0,3.0,0.0,Bachelors,911040913665,,XL,9.0,2012.0,2.0,0
,Нет,Male,,,,Дева,,10.0,3.0,0.0,,911040913665,,XL,,2012.0,2.0,0
1989.0,Нет,Male,No,0.0,384.0,Телец,36.0,8.0,2.0,1.0,,919850327305,New Delhi,L,,,5.0,0
1989.0,Нет,Male,No,0.0,384.0,Телец,36.0,8.0,2.0,,,919850327305,New Delhi,L,7.0,2017.0,5.0,0
1989.0,Нет,Male,No,0.0,384.0,Телец,,8.0,,1.0,Bachelors,919850327305,New Delhi,L,7.0,2017.0,,0
,Нет,Male,,0.0,384.0,Телец,36.0,8.0,2.0,1.0,Bachelors,919850327305,New Delhi,L,,2017.0,5.0,0
1989.0,Нет,Male,,0.0,384.0,Телец,36.0,8.0,2.0,1.0,Bachelors,919850327305,,L,7.0,2017.0,5.0,0
1988.0,Нет,Female,No,0.0,175.0,Овен,38.0,2.0,3.0,1.0,Masters,916534308848,New Delhi,L,8.0,2015.0,3.0,0
1988.0,Нет,Female,No,0.0,175.0,Овен,38.0,2.0,3.0,,Masters,916534308848,,L,8.0,,3.0,0
1988.0,Нет,Female,,0.0,,,38.0,2.0,,1.0,Masters,916534308848,,L,,2015.0,3.0,0
1988.0,Нет,,No,0.0,,Овен,38.0,,3.0,,Masters,916534308848,New Delhi,L,,2015.0,3.0,0
,Нет,Female,No,0.0,175.0,Овен,38.0,2.0,3.0,1.0,,916534308848,New Delhi,,,2015.0,3.0,0
1996.0,,Female,No,4.0,145.0,Рыбы,31.0,3.0,2.0,1.0,Bachelors,913840777669,New Delhi,,7.0,2014.0,4.0,1
1987.0,Нет,,No,4.0,,,,0.0,3.0,0.0,Bachelors,915831453128,Pune,M,5.0,,5.0,0
,Нет,Female,No,4.0,322.0,Рыбы,37.0,0.0,3.0,0.0,Bachelors,917474365534,Bangalore,S,11.0,2017.0,,0
,Нет,,No,4.0,322.0,Рыбы,37.0,0.0,3.0,,Bachelors,917474365534,,S,11.0,,,0
,,Female,,4.0,322.0,Рыбы,37.0,0.0,,0.0,Bachelors,917474365534,Bangalore,S,11.0,2017.0,1.0,0
1990.0,Нет,Female,No,4.0,322.0,Рыбы,,,3.0,0.0,Bachelors,917474365534,Bangalore,S,11.0,2017.0,,0
1990.0,Нет,Female,No,4.0,322.0,Рыбы,37.0,,3.0,0.0,Bachelors,917474365534,Bangalore,,,,1.0,0
1988.0,Нет,Female,No,0.0,379.0,Лев,38.0,6.0,3.0,0.0,,917833951410,New Delhi,S,11.0,2015.0,3.0,0
1988.0,Нет,Female,No,0.0,,Лев,38.0,6.0,3.0,0.0,Bachelors,917833951410,New Delhi,S,11.0,2015.0,3.0,0
1988.0,Нет,Female,No,0.0,379.0,Лев,38.0,6.0,3.0,0.0,Bachelors,917833951410,New Delhi,S,11.0,2015.0,,0
1988.0,Нет,Female,No,0.0,379.0,Лев,38.0,6.0,3.0,0.0,,917833951410,New Delhi,S,,2015.0,3.0,0
1991.0,Нет,Female,No,,252.0,Лев,35.0,8.0,2.0,1.0,Masters,918733582185,New Delhi,,9.0,2017.0,,0
1991.0,Нет,Female,No,2.0,,Лев,35.0,8.0,2.0,1.0,Masters,918733582185,New Delhi,M,9.0,2017.0,5.0,0
1991.0,Нет,Female,No,,,Лев,35.0,8.0,2.0,1.0,Masters,918733582185,,M,9.0,2017.0,5.0,0
1991.0,Нет,Female,No,2.0,252.0,Лев,,8.0,2.0,1.0,Masters,918733582185,New Delhi,,9.0,2017.0,5.0,0
,Да,Female,No,0.0,160.0,Лев,35.0,3.0,3.0,1.0,PHD,913270576947,New Delhi,M,4.0,2018.0,,1
1992.0,Да,,No,0.0,,Лев,,,3.0,1.0,PHD,913270576947,New Delhi,M,4.0,2018.0,1.0,1
1992.0,,Female,No,0.0,160.0,Лев,35.0,,3.0,1.0,PHD,913270576947,New Delhi,M,4.0,2018.0,,1
1988.0,Нет,Female,,3.0,123.0,Скорпион,,1.0,3.0,1.0,Bachelors,916244954686,Bangalore,L,,2012.0,,0
,Нет,Female,No,3.0,123.0,,38.0,1.0,3.0,1.0,Bachelors,916244954686,Bangalore,,10.0,,2.0,0
1988.0,Нет,,No,3.0,123.0,Скорпион,,1.0,3.0,1.0,Bachelors,916244954686,Bangalore,L,,2012.0,2.0,0
1996.0,Нет,Female,No,5.0,459.0,Телец,31.0,7.0,3.0,1.0,Bachelors,915387693615,Pune,XS,,2012.0,1.0,0
1996.0,Нет,Female,No,5.0,459.0,Телец,31.0,7.0,3.0,1.0,Bachelors,915387693615,Pune,XS,,2012.0,,0
1994.0,Нет,Female,No,1.0,477.0,Стрелец,,8.0,3.0,0.0,Masters,913994993170,New Delhi,L,4.0,2016.0,3.0,0
,Да,Female,No,1.0,,Весы,32.0,10.0,2.0,0.0,Bachelors,913516591163,Pune,M,9.0,2013.0,,1
1993.0,Да,Female,No,1.0,302.0,Весы,32.0,10.0,2.0,0.0,Bachelors,913516591163,Pune,M,9.0,2013.0,4.0,1
1993.0,Да,,No,1.0,302.0,Весы,32.0,,2.0,0.0,Bachelors,913516591163,Pune,,9.0,2013.0,,1
,Нет,Female,No,,370.0,Близнецы,35.0,10.0,,0.0,Bachelors,913555958594,Bangalore,XS,,2013.0,3.0,0
1991.0,Нет,Female,No,0.0,370.0,Близнецы,35.0,,3.0,0.0,,913555958594,,,13.0,2013.0,3.0,0
1992.0,Нет,Male,No,5.0,248.0,Лев,35.0,8.0,,1.0,Bachelors,913674576741,Bangalore,,10.0,2013.0,1.0,0
1992.0,Нет,Male,No,5.0,248.0,Лев,35.0,8.0,3.0,1.0,Bachelors,913674576741,Bangalore,L,10.0,2013.0,1.0,0
1992.0,Нет,Female,,4.0,166.0,,34.0,9.0,3.0,1.0,Masters,918364911038,Bangalore,,,2017.0,3.0,0
1992.0,Нет,,No,4.0,166.0,Рыбы,34.0,,,1.0,,918364911038,Bangalore,M,8.0,2017.0,3.0,0
,Нет,,,4.0,166.0,,,,3.0,1.0,Masters,918364911038,Bangalore,M,8.0,2017.0,,0
1992.0,Нет,,No,4.0,166.0,Рыбы,34.0,,,1.0,Masters,918364911038,,M,8.0,2017.0,3.0,0
1992.0,Нет,,No,,,,34.0,,3.0,1.0,,918364911038,Bangalore,M,8.0,2017.0,3.0,0
1984.0,Нет,Male,,4.0,,Козерог,41.0,0.0,3.0,1.0,Bachelors,913106447215,,L,7.0,,,0
1984.0,Нет,Male,No,4.0,60.0,Козерог,41.0,0.0,,1.0,Bachelors,913106447215,Bangalore,L,7.0,2014.0,,0
1984.0,,,,4.0,60.0,Козерог,41.0,0.0,3.0,1.0,Bachelors,913106447215,Bangalore,L,7.0,,3.0,0
1984.0,,Male,No,4.0,60.0,Козерог,41.0,0.0,3.0,1.0,Bachelors,913106447215,Bangalore,L,7.0,2014.0,3.0,0
,Нет,Male,No,4.0,60.0,Козерог,41.0,0.0,3.0,,Bachelors,913106447215,Bangalore,,7.0,2014.0,3.0,0
1985.0,,Male,No,1.0,415.0,Водолей,40.0,,3.0,0.0,,913748370501,Bangalore,XXL,15.0,2013.0,1.0,0
,Нет,Male,No,1.0,,Водолей,40.0,7.0,3.0,0.0,Bachelors,913748370501,,XXL,15.0,2013.0,1.0,0
1985.0,Нет,Male,No,,415.0,Водолей,,7.0,3.0,0.0,Bachelors,913748370501,Bangalore,XXL,15.0,2013.0,1.0,0
,Да,Male,No,3.0,276.0,Лев,31.0,3.0,3.0,,Masters,915264698864,,L,7.0,,3.0,1
1995.0,Да,Male,No,3.0,276.0,Лев,31.0,3.0,3.0,,Masters,915264698864,Pune,L,7.0,2017.0,3.0,1
1995.0,Да,Male,No,3.0,,Лев,31.0,3.0,3.0,1.0,Masters,915264698864,Pune,L,7.0,2017.0,3.0,1
1995.0,Да,Male,No,3.0,276.0,Лев,31.0,3.0,3.0,,Masters,915264698864,Pune,L,,2017.0,3.0,1
,Да,Male,No,3.0,,Лев,,3.0,,1.0,Masters,915264698864,Pune,,7.0,2017.0,3.0,1
1993.0,Нет,,,,224.0,Козерог,,6.0,3.0,0.0,Masters,918676017146,New Delhi,L,2.0,2014.0,2.0,0
1993.0,Нет,Male,No,,224.0,Козерог,33.0,6.0,3.0,0.0,Masters,918676017146,New Delhi,,,2014.0,,0
,,Female,,,351.0,Весы,33.0,2.0,2.0,0.0,Bachelors,914890550591,Pune,M,14.0,,5.0,1
1988.0,Нет,Female,No,5.0,493.0,,39.0,10.0,3.0,,Bachelors,911435980445,Bangalore,M,,2016.0,2.0,0
1988.0,Нет,Female,No,,493.0,,,10.0,,0.0,Bachelors,911435980445,Bangalore,,0.0,2016.0,,0
1988.0,Нет,Female,No,5.0,,Стрелец,39.0,10.0,3.0,0.0,Bachelors,911435980445,Bangalore,M,,2016.0,2.0,0
,Нет,Female,No,5.0,493.0,,39.0,10.0,3.0,,,911435980445,Bangalore,M,0.0,2016.0,2.0,0
1988.0,Нет,Female,No,5.0,493.0,Стрелец,39.0,10.0,3.0,0.0,Bachelors,911435980445,Bangalore,M,0.0,,2.0,0
1986.0,Да,,No,1.0,91.0,Дева,,6.0,3.0,,Bachelors,915818503079,Bangalore,M,4.0,2016.0,2.0,1
1986.0,Да,Male,No,1.0,,Дева,41.0,6.0,3.0,1.0,,915818503079,Bangalore,M,4.0,,2.0,1
1993.0,,Male,No,5.0,,Козерог,32.0,5.0,3.0,,,919380100045,Bangalore,L,,2017.0,3.0,0
1993.0,,Male,No,5.0,500.0,Козерог,,5.0,,,Bachelors,919380100045,Bangalore,L,,2017.0,3.0,0
1993.0,Нет,Male,,5.0,500.0,,32.0,5.0,3.0,1.0,,919380100045,Bangalore,,0.0,2017.0,,0
1993.0,Нет,Male,No,5.0,500.0,Козерог,32.0,5.0,3.0,1.0,Bachelors,919380100045,,,0.0,2017.0,,0
1993.0,Нет,,No,5.0,,Козерог,32.0,,,,Bachelors,919380100045,Bangalore,L,0.0,2017.0,,0
1987.0,Да,,No,5.0,18.0,,39.0,,2.0,1.0,Bachelors,919455357102,Pune,M,,2014.0,5.0,1
1987.0,,,No,5.0,18.0,,39.0,7.0,,1.0,Bachelors,919455357102,Pune,M,13.0,2014.0,5.0,1
1994.0,Нет,Male,No,1.0,275.0,Дева,31.0,5.0,,,Bachelors,912693650018,Bangalore,L,4.0,2014.0,4.0,0
1994.0,Нет,,No,1.0,275.0,,31.0,,,0.0,Bachelors,912693650018,,L,4.0,2014.0,4.0,0
1994.0,Нет,,No,1.0,275.0,Дева,,5.0,3.0,0.0,,912693650018,,L,4.0,2014.0,4.0,0
1994.0,,Male,No,1.0,275.0,Дева,,5.0,,0.0,Bachelors,912693650018,Bangalore,L,,2014.0,4.0,0
1987.0,,Male,No,3.0,84.0,Водолей,,,3.0,1.0,Bachelors,914980555548,Bangalore,M,11.0,2012.0,,0
,Нет,Male,No,3.0,,Водолей,40.0,0.0,3.0,1.0,Bachelors,914980555548,Bangalore,,11.0,2012.0,2.0,0
1993.0,Да,Male,No,2.0,116.0,,34.0,7.0,,1.0,Masters,918720826252,New Delhi,,15.0,,,1
1993.0,Да,Male,,2.0,116.0,Рак,34.0,,3.0,1.0,,918720826252,New Delhi,M,15.0,2018.0,1.0,1
1993.0,Да,,No,,116.0,Рак,,,3.0,1.0,Masters,918720826252,New Delhi,M,15.0,2018.0,1.0,1
,Да,,No,4.0,,Дева,37.0,6.0,3.0,1.0,Bachelors,916592831397,New Delhi,L,,2018.0,3.0,1
1990.0,Да,Male,No,4.0,,Дева,37.0,6.0,3.0,1.0,Bachelors,916592831397,New Delhi,L,3.0,2018.0,3.0,1
1990.0,Да,,No,4.0,,,37.0,6.0,3.0,1.0,,916592831397,New Delhi,L,3.0,2018.0,3.0,1
1990.0,Да,Male,,4.0,,,37.0,6.0,3.0,1.0,,916592831397,New Delhi,,3.0,2018.0,3.0,1
1988.0,Да,Female,No,0.0,164.0,,39.0,3.0,2.0,,Bachelors,911007534727,Bangalore,S,14.0,2015.0,1.0,1
,Да,Female,No,0.0,164.0,Рак,,3.0,2.0,0.0,,911007534727,,,,2015.0,,1
,,Female,No,0.0,164.0,Рак,39.0,3.0,,0.0,Bachelors,911007534727,Bangalore,S,14.0,2015.0,1.0,1
1988.0,Да,Female,No,0.0,164.0,Рак,39.0,,2.0,,,911007534727,Bangalore,S,14.0,2015.0,1.0,1
1989.0,,Male,No,1.0,271.0,Козерог,37.0,2.0,3.0,1.0,Bachelors,916780439985,,M,12.0,2014.0,2.0,0
1989.0,Нет,Male,No,,271.0,Козерог,37.0,2.0,3.0,1.0,,916780439985,,,12.0,2014.0,2.0,0
1989.0,Нет,Male,No,1.0,271.0,Козерог,37.0,2.0,3.0,1.0,,916780439985,Pune,M,12.0,2014.0,2.0,0
1989.0,Нет,,No,1.0,271.0,Козерог,37.0,,,1.0,Bachelors,916780439985,,M,,2014.0,2.0,0
1989.0,Нет,Male,No,1.0,271.0,,,2.0,3.0,1.0,,916780439985,Pune,M,12.0,2014.0,2.0,0
1990.0,Нет,Male,,2.0,,Телец,37.0,3.0,3.0,0.0,Masters,917217006988,,,11.0,2014.0,,0
,Нет,Male,No,2.0,6.0,Телец,37.0,,3.0,0.0,Masters,917217006988,,M,11.0,,1.0,0
1995.0,,,No,,447.0,Овен,32.0,2.0,,1.0,Masters,916163569207,New Delhi,L,5.0,2017.0,2.0,0
1990.0,Нет,Male,,3.0,,Телец,37.0,10.0,3.0,0.0,,911657220420,,,12.0,2014.0,2.0,0
1990.0,Нет,Male,No,3.0,238.0,Телец,37.0,10.0,3.0,0.0,Bachelors,911657220420,New Delhi,L,12.0,,2.0,0
1990.0,Нет,Male,No,3.0,238.0,Телец,37.0,10.0,3.0,0.0,Bachelors,911657220420,New Delhi,L,12.0,2014.0,2.0,0
1990.0,Нет,Female,,,,,36.0,0.0,3.0,0.0,Bachelors,913648330334,,XS,9.0,2017.0,5.0,0
1990.0,Нет,Female,No,3.0,,,36.0,,,0.0,Bachelors,913648330334,Bangalore,XS,9.0,2017.0,5.0,0
1990.0,,Female,No,3.0,306.0,Овен,,0.0,3.0,0.0,Bachelors,913648330334,Bangalore,XS,9.0,2017.0,5.0,0
1990.0,Нет,Female,No,,,Овен,36.0,0.0,3.0,,Bachelors,913648330334,Bangalore,XS,9.0,2017.0,5.0,0
1990.0,,Female,No,,306.0,Овен,36.0,,,0.0,Bachelors,913648330334,,,9.0,2017.0,5.0,0
1986.0,Да,Female,No,2.0,266.0,Рак,40.0,10.0,2.0,0.0,Bachelors,912466537428,Pune,XS,10.0,,4.0,1
1986.0,Да,Female,No,2.0,266.0,Рак,40.0,10.0,2.0,0.0,Bachelors,912466537428,,XS,10.0,2015.0,,1
1986.0,Да,Female,No,2.0,266.0,Рак,40.0,10.0,2.0,0.0,Bachelors,912466537428,Pune,,10.0,2015.0,4.0,1
,Да,Female,No,,266.0,Рак,40.0,10.0,2.0,0.0,Bachelors,912466537428,Pune,XS,10.0,2015.0,4.0,1
,Нет,Male,,0.0,360.0,Скорпион,40.0,,,0.0,Bachelors,911276250028,Bangalore,S,,2014.0,,0
1987.0,Нет,Male,No,0.0,360.0,Скорпион,40.0,6.0,3.0,,Bachelors,911276250028,Bangalore,,3.0,2014.0,2.0,0
,Нет,,No,0.0,360.0,,40.0,6.0,3.0,,Bachelors,911276250028,Bangalore,S,3.0,,2.0,0
1987.0,Нет,Male,No,,360.0,Скорпион,40.0,6.0,3.0,0.0,Bachelors,911276250028,Bangalore,S,3.0,2014.0,2.0,0
1987.0,Нет,Male,,0.0,360.0,Скорпион,40.0,6.0,3.0,0.0,Bachelors,911276250028,Bangalore,S,3.0,2014.0,,0
,Нет,Male,No,,333.0,,32.0,5.0,3.0,1.0,Bachelors,917500330829,Pune,M,13.0,,4.0,0
1994.0,Нет,Male,No,,,Стрелец,,5.0,3.0,1.0,Bachelors,917500330829,Pune,M,13.0,2012.0,4.0,0
1994.0,Нет,Male,No,3.0,333.0,Стрелец,32.0,5.0,3.0,1.0,,917500330829,Pune,M,13.0,2012.0,4.0,0
1989.0,Да,,,3.0,188.0,Водолей,37.0,0.0,,,Bachelors,914929172093,Bangalore,,8.0,2012.0,2.0,1
1989.0,,Male,No,,188.0,Водолей,37.0,,3.0,1.0,Bachelors,914929172093,Bangalore,XXL,8.0,,2.0,1
1989.0,Да,,No,3.0,188.0,,37.0,0.0,3.0,1.0,Bachelors,914929172093,Bangalore,XXL,8.0,2012.0,2.0,1
1985.0,Да,,No,1.0,279.0,Скорпион,40.0,2.0,3.0,1.0,,913017495364,Pune,L,11.0,2017.0,,1
1993.0,Нет,Female,Yes,0.0,,Рыбы,34.0,0.0,3.0,1.0,Bachelors,916763745487,,M,0.0,,1.0,0
1993.0,Нет,Female,Yes,0.0,289.0,Рыбы,34.0,0.0,3.0,1.0,Bachelors,916763745487,Bangalore,M,0.0,2017.0,1.0,0
1993.0,Нет,Female,Yes,0.0,289.0,,34.0,,3.0,1.0,Bachelors,916763745487,,M,0.0,2017.0,1.0,0
1993.0,Нет,Female,Yes,0.0,,Рыбы,34.0,0.0,3.0,1.0,,916763745487,Bangalore,M,0.0,2017.0,1.0,0
1993.0,,Female,Yes,0.0,289.0,Рыбы,34.0,0.0,3.0,,Bachelors,916763745487,Bangalore,M,0.0,2017.0,1.0,0
1990.0,Нет,Male,No,3.0,373.0,Лев,37.0,9.0,3.0,0.0,Bachelors,915457364427,Bangalore,L,13.0,2012.0,2.0,0
1990.0,Нет,Male,No,3.0,373.0,Лев,37.0,9.0,3.0,0.0,Bachelors,915457364427,,,13.0,2012.0,2.0,0
1990.0,,,No,3.0,373.0,Лев,,,3.0,0.0,Bachelors,915457364427,Bangalore,L,13.0,2012.0,2.0,0
1990.0,Нет,Male,No,3.0,373.0,,37.0,9.0,3.0,,Bachelors,915457364427,Bangalore,,13.0,2012.0,2.0,0
1992.0,Нет,Male,No,3.0,492.0,,35.0,5.0,3.0,1.0,Bachelors,918017909493,Bangalore,XL,,2017.0,1.0,0
1992.0,Нет,Male,No,3.0,492.0,Лев,35.0,5.0,3.0,1.0,,918017909493,Bangalore,XL,9.0,2017.0,1.0,0
1992.0,Нет,,No,3.0,492.0,,35.0,5.0,3.0,1.0,Bachelors,918017909493,Bangalore,XL,9.0,2017.0,,0
,,Male,No,3.0,492.0,Лев,35.0,5.0,,,Bachelors,918017909493,Bangalore,XL,9.0,2017.0,1.0,0
1992.0,Нет,Male,No,3.0,492.0,Лев,,5.0,,1.0,Bachelors,918017909493,Bangalore,,9.0,2017.0,1.0,0
1989.0,Нет,Female,,2.0,285.0,,37.0,9.0,3.0,,Bachelors,918238826713,Pune,S,12.0,2017.0,,0
,Нет,Female,,2.0,242.0,Рак,35.0,2.0,3.0,1.0,Bachelors,915625749579,,M,,2012.0,1.0,0
1996.0,Да,Male,No,,133.0,Овен,31.0,7.0,3.0,,Bachelors,916618458925,Bangalore,XL,11.0,2014.0,1.0,1
1996.0,Да,Male,No,0.0,,Овен,31.0,,3.0,0.0,,916618458925,Bangalore,XL,,2014.0,1.0,1
1996.0,Да,Male,No,0.0,133.0,Овен,31.0,7.0,3.0,0.0,Bachelors,916618458925,Bangalore,XL,11.0,2014.0,1.0,1
1996.0,,Male,No,,133.0,Овен,31.0,7.0,3.0,0.0,,916618458925,Bangalore,XL,,2014.0,1.0,1
1996.0,Да,Male,No,0.0,133.0,,31.0,7.0,3.0,0.0,,916618458925,Bangalore,,11.0,2014.0,,1
1984.0,Нет,,,,165.0,Водолей,41.0,6.0,3.0,1.0,Bachelors,918319750216,Bangalore,,9.0,2016.0,4.0,0
1984.0,Нет,,,,165.0,Водолей,41.0,6.0,,1.0,Bachelors,918319750216,Bangalore,M,9.0,2016.0,4.0,0
1984.0,Нет,,No,,165.0,Водолей,41.0,6.0,3.0,1.0,,918319750216,Bangalore,,9.0,,4.0,0
1990.0,,Female,No,3.0,386.0,Водолей,37.0,2.0,3.0,0.0,Masters,911685536303,,S,7.0,,5.0,0
1990.0,Нет,Female,No,3.0,386.0,,37.0,2.0,3.0,0.0,Masters,911685536303,,S,7.0,2017.0,,0
1990.0,Нет,Female,No,,386.0,,,2.0,3.0,0.0,Masters,911685536303,,S,7.0,,5.0,0
1990.0,,Female,No,3.0,386.0,Водолей,,2.0,3.0,0.0,Masters,911685536303,New Delhi,S,7.0,2017.0,5.0,0
1986.0,Да,Male,No,0.0,423.0,Рак,40.0,4.0,,1.0,Bachelors,918911989054,,L,11.0,2018.0,4.0,1
,,Male,,0.0,423.0,Рак,40.0,4.0,3.0,1.0,,918911989054,,L,11.0,2018.0,4.0,1
1986.0,Да,Male,No,0.0,423.0,Рак,40.0,,3.0,1.0,Bachelors,918911989054,Pune,L,11.0,2018.0,4.0,1
1986.0,,Male,No,0.0,423.0,,40.0,,3.0,,,918911989054,Pune,,11.0,,4.0,1
1986.0,Да,Male,No,,423.0,,40.0,4.0,3.0,,Bachelors,918911989054,,L,11.0,2018.0,4.0,1
1989.0,,Male,Yes,1.0,308.0,Весы,36.0,,1.0,,Bachelors,917287932880,Bangalore,XL,,2018.0,1.0,0
1990.0,Да,Female,,2.0,389.0,Лев,37.0,2.0,3.0,,,911524408723,New Delhi,M,9.0,2018.0,4.0,1
1990.0,Да,Female,No,2.0,389.0,Лев,37.0,2.0,3.0,0.0,,911524408723,New Delhi,M,9.0,2018.0,4.0,1
1989.0,Да,Male,No,5.0,377.0,Рыбы,37.0,,,0.0,Bachelors,911671891574,Pune,M,8.0,2018.0,1.0,1
,Да,,No,5.0,377.0,Рыбы,37.0,,3.0,0.0,Bachelors,911671891574,Pune,M,8.0,2018.0,1.0,1
1989.0,Да,,,,377.0,Рыбы,37.0,,3.0,0.0,Bachelors,911671891574,Pune,M,8.0,2018.0,1.0,1
1989.0,Да,,No,,377.0,,37.0,2.0,3.0,0.0,Bachelors,911671891574,,M,,2018.0,,1
1989.0,Нет,Male,No,,227.0,Лев,38.0,,3.0,0.0,Bachelors,914822173486,Pune,L,,2016.0,1.0,0
1989.0,Да,,No,2.0,,Водолей,37.0,8.0,2.0,0.0,Bachelors,917776270394,,,13.0,,3.0,1
1989.0,Да,Male,No,2.0,393.0,,37.0,8.0,2.0,0.0,Bachelors,917776270394,Bangalore,L,,2017.0,3.0,1
1989.0,Да,Male,No,2.0,393.0,Водолей,37.0,8.0,2.0,0.0,Bachelors,917776270394,Bangalore,,,2017.0,3.0,1
1994.0,Да,Male,,1.0,443.0,Лев,32.0,,3.0,0.0,,914774781130,Pune,M,1.0,,5.0,1
1994.0,Да,Male,No,,443.0,Лев,32.0,1.0,3.0,0.0,Bachelors,914774781130,,M,1.0,2016.0,5.0,1
1996.0,Нет,Male,No,3.0,,Телец,31.0,7.0,3.0,1.0,Bachelors,911311411631,Bangalore,M,15.0,2016.0,,0
1996.0,Нет,Male,No,3.0,23.0,Телец,,,3.0,1.0,,911311411631,,M,15.0,2016.0,1.0,0
,Нет,Male,No,3.0,,Телец,31.0,7.0,,1.0,Bachelors,911311411631,Bangalore,M,,2016.0,1.0,0
1996.0,Нет,Male,,3.0,23.0,Телец,,7.0,3.0,1.0,,911311411631,Bangalore,M,15.0,2016.0,,0
,Нет,Male,No,3.0,23.0,Телец,31.0,,3.0,1.0,Bachelors,911311411631,Bangalore,,,2016.0,,0
1986.0,,,No,2.0,,Скорпион,40.0,6.0,1.0,0.0,Bachelors,919263039354,Bangalore,L,,2013.0,1.0,0
,Нет,Male,,,386.0,Скорпион,40.0,6.0,1.0,0.0,Bachelors,919263039354,Bangalore,L,15.0,2013.0,,0
1986.0,Нет,Male,,,,Скорпион,40.0,6.0,1.0,0.0,Bachelors,919263039354,Bangalore,L,15.0,2013.0,1.0,0
1986.0,Нет,Male,No,,386.0,Скорпион,,6.0,1.0,0.0,Bachelors,919263039354,Bangalore,,15.0,2013.0,1.0,0
1995.0,Нет,Male,No,1.0,66.0,Близнецы,31.0,7.0,,1.0,,914196659196,Bangalore,XXL,,2015.0,2.0,0
1995.0,Нет,,,1.0,,Близнецы,31.0,7.0,3.0,1.0,Bachelors,914196659196,Bangalore,XXL,3.0,2015.0,,0
1989.0,Нет,,No,,30.0,,,9.0,2.0,1.0,,911210433623,Pune,,,2017.0,1.0,0
1989.0,Нет,Male,No,,30.0,Рыбы,36.0,9.0,,1.0,Masters,911210433623,Pune,S,,,1.0,0
1989.0,Нет,Male,No,2.0,30.0,Рыбы,36.0,9.0,2.0,1.0,,911210433623,Pune,S,2.0,2017.0,1.0,0
1989.0,Нет,Male,No,2.0,30.0,,36.0,9.0,2.0,1.0,Masters,911210433623,Pune,S,,2017.0,1.0,0
1988.0,Нет,Male,Yes,2.0,,,,10.0,3.0,1.0,Bachelors,911734952368,Bangalore,,12.0,,1.0,0
1988.0,Нет,Male,,2.0,346.0,,38.0,10.0,3.0,1.0,Bachelors,911734952368,Bangalore,XL,12.0,2017.0,1.0,0
1988.0,Да,Female,No,,263.0,Овен,37.0,3.0,3.0,0.0,Bachelors,916063589124,Pune,,13.0,2014.0,5.0,1
1988.0,Да,,No,5.0,,Овен,37.0,3.0,3.0,0.0,Bachelors,916063589124,,,13.0,2014.0,5.0,1
1988.0,,Female,No,5.0,263.0,Овен,,3.0,3.0,0.0,Bachelors,916063589124,Pune,S,13.0,2014.0,5.0,1
1992.0,,Female,No,2.0,,,,3.0,3.0,1.0,Bachelors,916786728007,Pune,M,6.0,2014.0,4.0,1
1992.0,Да,,No,2.0,,Скорпион,34.0,3.0,3.0,1.0,,916786728007,,M,6.0,,4.0,1
1992.0,Да,,No,2.0,,Скорпион,34.0,3.0,3.0,1.0,,916786728007,Pune,M,6.0,2014.0,,1
1992.0,Да,Female,No,2.0,199.0,Скорпион,34.0,3.0,3.0,1.0,,916786728007,Pune,M,6.0,2014.0,4.0,1
1986.0,,Male,,2.0,133.0,Весы,41.0,8.0,3.0,1.0,Bachelors,915371885266,Bangalore,XXL,9.0,2013.0,3.0,1
1986.0,Да,,Yes,2.0,133.0,Весы,41.0,8.0,,1.0,Bachelors,915371885266,Bangalore,XXL,9.0,2013.0,3.0,1
1986.0,,Male,Yes,,133.0,Весы,41.0,,3.0,1.0,Bachelors,915371885266,Bangalore,XXL,9.0,2013.0,3.0,1
,Да,Male,Yes,2.0,133.0,Весы,41.0,,3.0,,Bachelors,915371885266,Bangalore,,9.0,2013.0,3.0,1
1994.0,Да,Female,,3.0,425.0,Стрелец,32.0,9.0,2.0,,Bachelors,915331601301,,L,11.0,2015.0,1.0,1
1994.0,Да,Female,No,3.0,425.0,Стрелец,32.0,9.0,2.0,0.0,,915331601301,Pune,,11.0,2015.0,1.0,1
1994.0,,Female,No,3.0,,Стрелец,32.0,9.0,2.0,,Bachelors,915331601301,Pune,L,,2015.0,,1
1994.0,,Female,No,3.0,425.0,Стрелец,32.0,9.0,2.0,0.0,Bachelors,915331601301,Pune,,,2015.0,1.0,1
,,Male,No,5.0,334.0,Весы,34.0,,3.0,0.0,Bachelors,915758802064,Pune,M,10.0,2015.0,2.0,0
1993.0,Нет,Male,No,5.0,334.0,Весы,34.0,3.0,3.0,0.0,Bachelors,915758802064,Pune,M,10.0,,2.0,0
1993.0,Нет,Male,No,5.0,334.0,Весы,,3.0,3.0,0.0,,915758802064,Pune,M,10.0,,,0
1993.0,,,No,5.0,334.0,Весы,34.0,,,,Bachelors,915758802064,Pune,M,10.0,2015.0,2.0,0
1988.0,Да,Male,,2.0,91.0,Дева,39.0,1.0,,1.0,PHD,918884184097,Bangalore,,,2013.0,4.0,1
1988.0,Да,Male,No,2.0,91.0,Дева,39.0,1.0,3.0,,PHD,918884184097,Bangalore,XXL,9.0,2013.0,,1
1988.0,Да,Male,No,2.0,91.0,,39.0,1.0,3.0,1.0,PHD,918884184097,Bangalore,,9.0,2013.0,,1
1988.0,Да,Male,No,2.0,91.0,Дева,39.0,1.0,3.0,1.0,,918884184097,Bangalore,,9.0,,4.0,1
1988.0,Да,Male,No,2.0,91.0,Дева,39.0,,,1.0,PHD,918884184097,Bangalore,XXL,9.0,2013.0,,1
1994.0,Да,Male,No,2.0,360.0,Стрелец,32.0,3.0,2.0,0.0,Masters,914577530129,,XL,,,3.0,1
1994.0,Да,Male,No,2.0,,Стрелец,32.0,3.0,2.0,0.0,Masters,914577530129,New Delhi,,13.0,2013.0,3.0,1
1995.0,Нет,Female,,3.0,436.0,Скорпион,31.0,8.0,3.0,0.0,,919735611645,,M,5.0,2012.0,1.0,0
1995.0,Нет,Female,No,3.0,436.0,,31.0,8.0,3.0,0.0,Bachelors,919735611645,,M,5.0,,1.0,0
1987.0,,,No,,,Скорпион,40.0,10.0,,1.0,,913799077827,New Delhi,XL,,2016.0,4.0,0
1989.0,Нет,Female,No,0.0,144.0,Лев,37.0,3.0,3.0,1.0,,918167247961,Bangalore,S,10.0,2015.0,3.0,0
1987.0,Нет,Female,No,0.0,,,,3.0,,1.0,Masters,914158745009,New Delhi,,,2017.0,,0
1996.0,Нет,,No,1.0,256.0,Козерог,31.0,6.0,3.0,1.0,,911751218206,Bangalore,M,9.0,2013.0,2.0,0
1994.0,Нет,Male,No,2.0,312.0,Овен,32.0,1.0,3.0,,Bachelors,912858865575,Bangalore,L,,2017.0,3.0,0
,Нет,Male,No,2.0,312.0,Овен,32.0,1.0,3.0,0.0,,912858865575,,,12.0,2017.0,3.0,0
1994.0,Нет,Male,,2.0,312.0,Овен,,1.0,3.0,0.0,,912858865575,Bangalore,L,12.0,2017.0,3.0,0
1992.0,,,,,296.0,,34.0,7.0,3.0,1.0,Bachelors,919534024399,Bangalore,S,11.0,2017.0,3.0,0
1984.0,,Male,No,2.0,,Лев,41.0,2.0,2.0,1.0,Masters,917767752814,,L,0.0,2013.0,2.0,1
1984.0,Да,Male,No,2.0,352.0,,41.0,2.0,2.0,,Masters,917767752814,,,0.0,,2.0,1
1984.0,Да,,No,2.0,352.0,Лев,41.0,2.0,,1.0,Masters,917767752814,Pune,L,0.0,2013.0,2.0,1
1989.0,,Male,No,2.0,295.0,Дева,37.0,,3.0,0.0,Masters,913941290533,New Delhi,L,,2015.0,2.0,0
,Нет,,,1.0,328.0,,,3.0,3.0,0.0,Bachelors,918654700556,Bangalore,,0.0,2015.0,2.0,0
1986.0,,Female,No,1.0,328.0,Лев,40.0,3.0,,0.0,Bachelors,918654700556,Bangalore,,0.0,2015.0,,0
1986.0,Нет,Female,No,1.0,328.0,Лев,40.0,3.0,3.0,,Bachelors,918654700556,Bangalore,S,0.0,,,0
1992.0,Нет,Male,,2.0,297.0,Телец,35.0,5.0,2.0,1.0,,919460376543,Pune,L,2.0,2017.0,3.0,0
1987.0,,Male,No,3.0,368.0,Дева,39.0,2.0,3.0,0.0,Bachelors,919463383181,Bangalore,S,11.0,2012.0,3.0,0
1987.0,Нет,Male,No,3.0,368.0,Дева,,,3.0,0.0,Bachelors,919463383181,Bangalore,S,11.0,2012.0,3.0,0
1987.0,,Male,No,3.0,368.0,Дева,39.0,2.0,3.0,0.0,,919463383181,Bangalore,S,11.0,,3.0,0
1987.0,Нет,,No,3.0,368.0,Дева,39.0,2.0,3.0,,Bachelors,919463383181,Bangalore,S,11.0,2012.0,3.0,0
,,,No,4.0,,,,3.0,,0.0,Bachelors,913656281789,Pune,,10.0,2017.0,1.0,0
1985.0,,Male,No,4.0,439.0,Телец,41.0,3.0,3.0,0.0,Bachelors,913656281789,,,10.0,2017.0,1.0,0
1985.0,Нет,,No,,439.0,,41.0,3.0,3.0,0.0,,913656281789,Pune,,10.0,,,0
1985.0,Нет,Male,,4.0,439.0,Телец,,,,0.0,Bachelors,913656281789,,L,10.0,2017.0,1.0,0
,,Male,No,,,Телец,,,3.0,0.0,Bachelors,913656281789,Pune,L,,2017.0,1.0,0
1990.0,Нет,Male,,4.0,429.0,Стрелец,36.0,7.0,3.0,0.0,Bachelors,917461675909,Bangalore,L,10.0,2015.0,4.0,0
1990.0,,,No,4.0,429.0,Стрелец,36.0,7.0,3.0,0.0,Bachelors,917461675909,Bangalore,L,10.0,2015.0,4.0,0
1993.0,Нет,Male,,5.0,181.0,Весы,32.0,10.0,,1.0,Bachelors,914106638246,Bangalore,M,7.0,2014.0,,0
1993.0,,Male,,5.0,181.0,Весы,32.0,10.0,3.0,1.0,Bachelors,914106638246,,M,7.0,2014.0,2.0,0
,Нет,Male,No,0.0,46.0,Водолей,32.0,,3.0,0.0,Bachelors,916954102357,Bangalore,XL,15.0,2013.0,5.0,0
1995.0,Нет,Male,No,0.0,46.0,Водолей,32.0,0.0,,0.0,,916954102357,,XL,,2013.0,5.0,0
1989.0,Нет,,No,,169.0,Дева,36.0,9.0,,1.0,Bachelors,919577314055,Bangalore,M,3.0,2017.0,3.0,0
,Нет,Male,,2.0,169.0,Дева,36.0,9.0,,1.0,Bachelors,919577314055,Bangalore,M,3.0,2017.0,3.0,0
,Нет,Male,No,,,Дева,36.0,9.0,3.0,1.0,Bachelors,919577314055,Bangalore,M,,2017.0,3.0,0
1989.0,,Male,,2.0,169.0,Дева,36.0,9.0,3.0,1.0,Bachelors,919577314055,,M,3.0,2017.0,,0
1986.0,Нет,Male,No,4.0,308.0,Близнецы,40.0,10.0,3.0,,Bachelors,916651865681,Bangalore,M,2.0,2013.0,,0
1994.0,Да,Male,Yes,1.0,92.0,Рыбы,32.0,10.0,3.0,,Bachelors,915920742172,Bangalore,M,13.0,2018.0,3.0,1
1994.0,Да,Male,Yes,,92.0,,32.0,10.0,3.0,0.0,Bachelors,915920742172,Bangalore,M,13.0,2018.0,3.0,1
1988.0,Нет,,No,1.0,,Скорпион,,9.0,3.0,1.0,Bachelors,917269430681,Bangalore,L,7.0,2016.0,,0
1988.0,Нет,Male,No,1.0,324.0,,38.0,9.0,3.0,1.0,Bachelors,917269430681,Bangalore,L,7.0,,4.0,0
1988.0,Нет,,No,1.0,,Скорпион,38.0,,3.0,1.0,Bachelors,917269430681,Bangalore,,7.0,2016.0,4.0,0
1988.0,Нет,Male,No,1.0,324.0,Скорпион,38.0,9.0,3.0,1.0,Bachelors,917269430681,Bangalore,L,7.0,2016.0,4.0,0
1985.0,Да,Male,No,4.0,245.0,Близнецы,,,,,,914925592838,Bangalore,L,1.0,2018.0,4.0,1
1990.0,,Male,No,,112.0,Дева,35.0,3.0,2.0,,Masters,919651126667,,L,,2017.0,,1
1990.0,Да,Male,No,3.0,112.0,,35.0,3.0,2.0,0.0,,919651126667,,L,15.0,2017.0,,1
1990.0,,Male,No,3.0,112.0,Дева,35.0,3.0,2.0,0.0,Masters,919651126667,,L,15.0,2017.0,3.0,1
1990.0,Да,,No,3.0,112.0,Дева,35.0,3.0,2.0,0.0,,919651126667,Pune,L,15.0,2017.0,3.0,1
1990.0,Нет,Female,No,1.0,235.0,Стрелец,,5.0,,0.0,,915698660594,,M,0.0,2016.0,3.0,0
1990.0,,Female,No,,235.0,Стрелец,36.0,,3.0,0.0,Bachelors,915698660594,Bangalore,M,0.0,2016.0,,0
1990.0,Нет,Female,,1.0,235.0,Стрелец,36.0,5.0,3.0,0.0,Bachelors,915698660594,Bangalore,M,,2016.0,,0
1990.0,,Female,,,235.0,Стрелец,,5.0,3.0,,Bachelors,915698660594,Bangalore,M,,,,0
1990.0,Нет,Female,No,1.0,235.0,,,,3.0,0.0,Bachelors,915698660594,Bangalore,M,0.0,2016.0,3.0,0
,Нет,Female,No,4.0,,Рыбы,35.0,2.0,3.0,1.0,Bachelors,913023874367,,M,3.0,2014.0,1.0,0
1990.0,Нет,,No,4.0,458.0,Рыбы,35.0,2.0,3.0,1.0,,913023874367,Bangalore,,,2014.0,1.0,0
,,Female,No,,,Рыбы,35.0,,3.0,1.0,Bachelors,913023874367,,M,3.0,2014.0,1.0,0
1990.0,Нет,Female,No,,458.0,,35.0,2.0,3.0,1.0,Bachelors,913023874367,Bangalore,M,3.0,,1.0,0
1994.0,,Male,No,2.0,264.0,,31.0,2.0,3.0,1.0,Bachelors,919672208981,Bangalore,L,8.0,2016.0,5.0,0
1994.0,Нет,Male,,2.0,,Водолей,31.0,2.0,,1.0,Bachelors,919672208981,Bangalore,L,8.0,2016.0,5.0,0
1988.0,Нет,Male,No,,243.0,Рак,37.0,8.0,3.0,0.0,PHD,911756410152,Pune,S,,2015.0,2.0,0
,,Male,No,2.0,243.0,Рак,37.0,8.0,3.0,0.0,,911756410152,Pune,S,,,2.0,0
,Нет,Male,No,2.0,243.0,Рак,37.0,,,,PHD,911756410152,Pune,,9.0,2015.0,2.0,0
1988.0,Нет,Male,,,243.0,Рак,37.0,8.0,3.0,0.0,,911756410152,Pune,S,9.0,2015.0,2.0,0
1988.0,Нет,,No,2.0,243.0,Рак,,8.0,3.0,,PHD,911756410152,,S,9.0,2015.0,,0
,Нет,Female,No,4.0,257.0,Рыбы,,6.0,3.0,1.0,Bachelors,919089959515,Bangalore,,,2013.0,3.0,0
1986.0,,Female,No,4.0,257.0,Рыбы,,6.0,3.0,1.0,Bachelors,919089959515,Bangalore,S,6.0,,,0
1986.0,Нет,Female,No,,257.0,Рыбы,41.0,6.0,3.0,1.0,Bachelors,919089959515,Bangalore,S,,2013.0,3.0,0
1986.0,Нет,,No,4.0,257.0,Рыбы,41.0,6.0,3.0,,,919089959515,Bangalore,,6.0,2013.0,,0
1995.0,Нет,,,0.0,201.0,Телец,31.0,10.0,3.0,1.0,Bachelors,913517691738,Bangalore,,3.0,2013.0,3.0,0
1995.0,Нет,,No,0.0,201.0,Телец,31.0,10.0,3.0,,Bachelors,913517691738,,L,3.0,2013.0,3.0,0
1995.0,Нет,Male,No,0.0,,Телец,31.0,10.0,3.0,1.0,Bachelors,913517691738,Bangalore,L,3.0,2013.0,3.0,0
1994.0,Нет,Male,No,1.0,,Козерог,32.0,2.0,3.0,0.0,Bachelors,916141666761,New Delhi,L,11.0,2015.0,3.0,0
1994.0,,Male,No,1.0,28.0,Козерог,32.0,,3.0,0.0,Bachelors,916141666761,,,11.0,2015.0,3.0,0
1994.0,Нет,Male,No,1.0,28.0,Козерог,32.0,2.0,,0.0,Bachelors,916141666761,New Delhi,L,11.0,2015.0,3.0,0
,Нет,,No,,28.0,,,2.0,3.0,0.0,Bachelors,916141666761,New Delhi,L,11.0,,3.0,0
1993.0,Да,Male,No,,,Скорпион,33.0,4.0,3.0,1.0,Bachelors,914105979165,Bangalore,,6.0,2014.0,,1
,Да,Male,No,1.0,243.0,Скорпион,33.0,4.0,3.0,1.0,Bachelors,914105979165,Bangalore,L,6.0,,1.0,1
1993.0,Да,Male,Yes,2.0,362.0,Лев,34.0,6.0,1.0,0.0,Bachelors,918502689821,Bangalore,M,2.0,2016.0,1.0,1
,,Male,No,1.0,425.0,Телец,33.0,9.0,2.0,0.0,Bachelors,918663446104,Pune,S,,,3.0,0
1992.0,,,No,1.0,425.0,,33.0,9.0,2.0,0.0,Bachelors,918663446104,,S,14.0,2017.0,3.0,0
1992.0,Нет,Male,No,1.0,425.0,Телец,33.0,9.0,2.0,,,918663446104,Pune,,14.0,2017.0,3.0,0
1992.0,,Male,No,,425.0,Телец,33.0,9.0,,0.0,,918663446104,Pune,S,14.0,2017.0,,0
,Нет,,No,1.0,425.0,Телец,33.0,9.0,2.0,0.0,,918663446104,,S,14.0,2017.0,3.0,0
1988.0,,,No,4.0,,Водолей,,4.0,,1.0,Bachelors,913758311341,Bangalore,M,14.0,2012.0,1.0,1
1988.0,,Female,,4.0,474.0,Водолей,,4.0,3.0,1.0,Bachelors,913758311341,Bangalore,M,14.0,2012.0,1.0,1
,Да,,,,474.0,Водолей,38.0,4.0,3.0,1.0,,913758311341,Bangalore,M,14.0,,,1
,Да,Female,No,4.0,474.0,Водолей,38.0,4.0,3.0,,Bachelors,913758311341,Bangalore,M,,2012.0,1.0,1
1988.0,Да,,No,4.0,474.0,Водолей,38.0,4.0,3.0,1.0,Bachelors,913758311341,Bangalore,M,14.0,2012.0,1.0,1
1991.0,Да,Male,,3.0,449.0,Скорпион,35.0,,3.0,0.0,Bachelors,916413482090,,L,8.0,2013.0,3.0,1
,,,No,,449.0,Скорпион,35.0,0.0,3.0,0.0,Bachelors,916413482090,,L,8.0,2013.0,,1
1991.0,Да,Male,No,3.0,449.0,Скорпион,35.0,0.0,3.0,0.0,Bachelors,916413482090,Bangalore,L,8.0,,3.0,1
1995.0,Нет,Male,No,,47.0,Рак,,,3.0,1.0,,916085668725,Pune,L,8.0,2017.0,4.0,0
,,Male,,1.0,47.0,Рак,31.0,,3.0,1.0,Bachelors,916085668725,Pune,L,8.0,,4.0,0
,Нет,Male,No,1.0,47.0,Рак,31.0,4.0,3.0,1.0,Bachelors,916085668725,Pune,L,8.0,2017.0,4.0,0
1995.0,Нет,,No,1.0,,Рак,31.0,4.0,3.0,1.0,Bachelors,916085668725,Pune,L,8.0,2017.0,4.0,0
1990.0,Нет,Male,No,2.0,12.0,Телец,,5.0,,1.0,Bachelors,915356123010,,M,5.0,2013.0,3.0,0
,Нет,Male,,,12.0,Телец,37.0,5.0,3.0,1.0,Bachelors,915356123010,,M,,2013.0,3.0,0
,Да,Female,No,2.0,,Рыбы,32.0,9.0,3.0,1.0,,915359065247,Bangalore,L,9.0,2012.0,,1
1993.0,Да,Female,No,2.0,230.0,Рыбы,,9.0,3.0,1.0,Bachelors,915359065247,Bangalore,,9.0,,4.0,1
,Да,Female,No,,230.0,Рыбы,,9.0,3.0,1.0,Bachelors,915359065247,,L,9.0,2012.0,4.0,1
1992.0,,Male,Yes,5.0,,Близнецы,34.0,3.0,3.0,0.0,Bachelors,918251388842,,L,,,3.0,0
1986.0,,Male,No,2.0,252.0,Телец,41.0,7.0,2.0,1.0,PHD,919972847688,Bangalore,M,2.0,2013.0,3.0,1
1986.0,Да,Male,No,2.0,252.0,Телец,41.0,,2.0,1.0,PHD,919972847688,Bangalore,,2.0,,3.0,1
,Да,Male,No,,342.0,Весы,32.0,,3.0,0.0,Masters,912671199324,New Delhi,M,,2015.0,1.0,1
1988.0,Нет,Male,No,2.0,461.0,Рыбы,,,3.0,0.0,,911329207626,Bangalore,L,15.0,2013.0,,0
1995.0,,Male,,0.0,28.0,Рак,,7.0,3.0,,Bachelors,911282271764,Bangalore,L,13.0,2012.0,3.0,1
1995.0,Да,Male,Yes,0.0,28.0,Рак,31.0,7.0,3.0,0.0,,911282271764,,L,13.0,,3.0,1
1995.0,,Male,Yes,0.0,,,31.0,7.0,3.0,0.0,,911282271764,Bangalore,L,13.0,2012.0,3.0,1
1995.0,,,,0.0,28.0,,,7.0,3.0,0.0,Bachelors,911282271764,Bangalore,L,,2012.0,3.0,1
1985.0,Нет,,No,1.0,109.0,Дева,,8.0,2.0,0.0,,915775590068,New Delhi,XL,10.0,2017.0,3.0,0
1991.0,Нет,,No,2.0,399.0,,36.0,8.0,3.0,0.0,Bachelors,919941387581,Bangalore,L,6.0,2016.0,2.0,0
1991.0,Нет,Male,No,2.0,399.0,,36.0,8.0,,0.0,Bachelors,919941387581,Bangalore,,6.0,,,0
1991.0,Нет,Male,,2.0,,Скорпион,36.0,8.0,3.0,0.0,,919941387581,,,6.0,2016.0,2.0,0
1991.0,Нет,Male,No,,399.0,,36.0,8.0,3.0,,Bachelors,919941387581,Bangalore,L,6.0,2016.0,2.0,0
1987.0,Да,Female,No,5.0,140.0,Овен,38.0,6.0,2.0,0.0,,912199995091,,M,10.0,2017.0,5.0,1
1987.0,Да,,,5.0,,Овен,38.0,,2.0,0.0,Bachelors,912199995091,,M,10.0,2017.0,5.0,1
1995.0,Нет,Male,No,5.0,349.0,Близнецы,32.0,,3.0,1.0,Bachelors,916496377302,Bangalore,L,0.0,,1.0,0
1995.0,Нет,Male,No,5.0,349.0,Близнецы,,5.0,3.0,1.0,Bachelors,916496377302,Bangalore,L,0.0,2012.0,1.0,0
1995.0,Нет,Male,,5.0,,Близнецы,32.0,5.0,3.0,,Bachelors,916496377302,Bangalore,,0.0,,1.0,0
1995.0,,Male,No,5.0,349.0,Близнецы,32.0,5.0,3.0,1.0,,916496377302,Bangalore,,0.0,2012.0,1.0,0
1995.0,Нет,Male,,5.0,349.0,,,5.0,3.0,1.0,Bachelors,916496377302,,L,,2012.0,1.0,0
1991.0,Да,Female,,3.0,194.0,Рак,35.0,9.0,,0.0,Bachelors,917066895523,Pune,S,9.0,2018.0,,1
1986.0,Нет,Male,No,,452.0,Козерог,,,3.0,1.0,Bachelors,912175276587,,XL,4.0,2017.0,1.0,0
1993.0,Нет,Male,,4.0,406.0,Скорпион,33.0,1.0,3.0,0.0,,917474382408,,S,5.0,2013.0,1.0,0
1993.0,,Male,No,4.0,406.0,Скорпион,,1.0,3.0,0.0,Bachelors,917474382408,Pune,,5.0,2013.0,1.0,0
,Нет,Male,,4.0,406.0,Скорпион,33.0,,3.0,0.0,Bachelors,917474382408,Pune,S,5.0,2013.0,,0
,Нет,Male,Yes,,,,,,,1.0,Bachelors,911917383730,,L,,,4.0,0
1991.0,Да,Male,No,1.0,222.0,Телец,35.0,2.0,3.0,1.0,,911846958899,Bangalore,XXL,8.0,2017.0,,1
1991.0,,Male,,1.0,,Телец,35.0,,3.0,1.0,Bachelors,911846958899,Bangalore,XXL,8.0,,,1
1991.0,Да,,No,,222.0,Телец,35.0,,,,Bachelors,911846958899,Bangalore,XXL,8.0,2017.0,,1
,Нет,Male,No,4.0,107.0,Весы,,4.0,3.0,1.0,Masters,916096652354,,L,11.0,,4.0,0
1987.0,Нет,,No,4.0,107.0,,39.0,4.0,3.0,1.0,Masters,916096652354,Pune,L,11.0,,4.0,0
,Да,,No,,167.0,Водолей,40.0,5.0,3.0,1.0,Bachelors,911649954664,,M,4.0,2016.0,1.0,1
1986.0,Да,Male,No,0.0,,Водолей,40.0,5.0,,1.0,,911649954664,Bangalore,,4.0,2016.0,,1
1986.0,Да,Male,No,0.0,167.0,Водолей,40.0,5.0,3.0,1.0,,911649954664,Bangalore,M,,2016.0,1.0,1
1988.0,,Female,,0.0,272.0,Овен,38.0,7.0,1.0,0.0,Masters,918544310131,Pune,M,3.0,2015.0,3.0,0
1988.0,Нет,,No,0.0,272.0,Овен,38.0,7.0,,0.0,Masters,918544310131,Pune,M,3.0,2015.0,3.0,0
1988.0,Нет,Female,No,,272.0,Овен,38.0,7.0,1.0,0.0,Masters,918544310131,Pune,M,3.0,2015.0,3.0,0
1988.0,,Female,No,0.0,,Овен,38.0,,1.0,,,918544310131,Pune,M,,2015.0,,0
1988.0,Нет,Female,No,,272.0,Овен,38.0,7.0,1.0,,Masters,918544310131,Pune,M,3.0,,3.0,0
1985.0,Нет,Male,No,1.0,475.0,Стрелец,40.0,0.0,,0.0,Bachelors,915751223658,,XL,11.0,2017.0,3.0,0
,,Male,No,1.0,475.0,Стрелец,,0.0,3.0,0.0,Bachelors,915751223658,,XL,11.0,2017.0,3.0,0
1985.0,Нет,,No,1.0,475.0,Стрелец,40.0,,,0.0,Bachelors,915751223658,New Delhi,XL,11.0,2017.0,3.0,0
,Нет,Male,No,,475.0,Стрелец,40.0,0.0,,0.0,Bachelors,915751223658,,XL,11.0,,,0
1993.0,Нет,,No,2.0,471.0,Скорпион,34.0,3.0,3.0,1.0,,914804123536,Bangalore,,11.0,2013.0,1.0,0
1993.0,,,No,2.0,471.0,Скорпион,34.0,3.0,3.0,1.0,Bachelors,914804123536,,M,11.0,2013.0,1.0,0
1993.0,,Female,No,2.0,471.0,Скорпион,34.0,3.0,3.0,1.0,Bachelors,914804123536,Bangalore,M,11.0,2013.0,,0
1995.0,,Male,Yes,4.0,466.0,Водолей,31.0,10.0,,1.0,Bachelors,911150757255,Bangalore,,2.0,2013.0,,0
1995.0,Нет,Male,Yes,,,Водолей,,10.0,,1.0,Bachelors,911150757255,Bangalore,L,2.0,2013.0,4.0,0
1995.0,Нет,,Yes,4.0,,,31.0,,3.0,1.0,Bachelors,911150757255,Bangalore,L,2.0,2013.0,4.0,0
1995.0,Нет,,Yes,,466.0,Водолей,31.0,,3.0,1.0,Bachelors,911150757255,Bangalore,L,,2013.0,,0
1986.0,Да,,No,3.0,,Овен,40.0,,3.0,0.0,Bachelors,917104822982,New Delhi,M,1.0,,3.0,1
1986.0,Да,Female,No,3.0,327.0,Овен,40.0,1.0,3.0,,Bachelors,917104822982,New Delhi,M,1.0,2014.0,3.0,1
1986.0,Да,Female,No,3.0,327.0,Овен,40.0,1.0,3.0,0.0,Bachelors,917104822982,New Delhi,M,1.0,2014.0,3.0,1
1990.0,Нет,Male,Yes,0.0,479.0,Близнецы,36.0,,3.0,1.0,Bachelors,916014334126,Bangalore,M,,,,0
1990.0,Да,Male,No,,255.0,Стрелец,35.0,5.0,2.0,1.0,,917392187677,Pune,M,5.0,,3.0,1
1990.0,,Male,No,,,Стрелец,35.0,5.0,2.0,1.0,Masters,917392187677,Pune,M,5.0,2017.0,3.0,1
1990.0,Да,Male,No,1.0,255.0,Стрелец,,,2.0,1.0,Masters,917392187677,Pune,,5.0,2017.0,,1
,Нет,Male,Yes,5.0,,Козерог,,3.0,3.0,0.0,Bachelors,915125354630,Pune,XXL,,2017.0,3.0,0
1992.0,Нет,Male,Yes,5.0,152.0,Козерог,33.0,3.0,3.0,0.0,Bachelors,915125354630,Pune,XXL,15.0,2017.0,3.0,0
,Нет,Male,,5.0,152.0,Козерог,,3.0,3.0,0.0,Bachelors,915125354630,Pune,,15.0,,3.0,0
1992.0,Нет,Male,Yes,,152.0,Козерог,33.0,3.0,3.0,0.0,Bachelors,915125354630,Pune,XXL,15.0,2017.0,3.0,0
,Нет,,,2.0,129.0,Овен,34.0,4.0,3.0,0.0,Bachelors,919860445737,Bangalore,S,1.0,2016.0,3.0,0
1992.0,Нет,,No,2.0,129.0,Овен,34.0,4.0,3.0,0.0,Bachelors,919860445737,Bangalore,S,1.0,2016.0,3.0,0
1992.0,Нет,Male,No,2.0,129.0,Овен,,4.0,,0.0,Bachelors,919860445737,Bangalore,S,1.0,2016.0,3.0,0
1988.0,Нет,Male,,3.0,310.0,Скорпион,39.0,6.0,3.0,0.0,,913262982443,,XXL,,2017.0,5.0,0
,,,,3.0,310.0,Скорпион,39.0,6.0,3.0,0.0,,913262982443,,XXL,13.0,2017.0,5.0,0
1988.0,Нет,Male,No,3.0,310.0,Скорпион,39.0,6.0,3.0,0.0,Bachelors,913262982443,,XXL,13.0,2017.0,,0
1988.0,Нет,Male,No,3.0,310.0,Скорпион,,6.0,3.0,0.0,Bachelors,913262982443,Bangalore,XXL,13.0,2017.0,5.0,0
1988.0,,Male,No,,434.0,Козерог,38.0,5.0,3.0,1.0,Bachelors,912936408447,Bangalore,XL,4.0,2018.0,3.0,1
1988.0,Да,Male,No,0.0,434.0,,38.0,5.0,3.0,1.0,Bachelors,912936408447,Bangalore,,4.0,2018.0,,1
1988.0,Да,Male,,,434.0,,38.0,5.0,3.0,1.0,Bachelors,912936408447,Bangalore,XL,4.0,2018.0,3.0,1
1988.0,Да,Male,No,0.0,434.0,Козерог,38.0,5.0,,1.0,Bachelors,912936408447,,XL,4.0,2018.0,3.0,1
1991.0,Да,Female,,1.0,186.0,,35.0,2.0,2.0,,Bachelors,911463483177,Pune,S,2.0,2012.0,3.0,1
,,,No,,186.0,Весы,35.0,2.0,,,Bachelors,911463483177,Pune,,2.0,2012.0,3.0,1
1991.0,Да,Female,No,1.0,186.0,,35.0,2.0,,0.0,Bachelors,911463483177,,S,,2012.0,,1
1987.0,,Female,,5.0,342.0,Дева,40.0,4.0,2.0,,Bachelors,914567742961,,XS,11.0,2015.0,4.0,1
1986.0,Нет,Male,,3.0,339.0,Лев,41.0,4.0,3.0,,,919606645210,,XL,6.0,2017.0,4.0,0
,,Male,No,3.0,339.0,Лев,41.0,,3.0,,Bachelors,919606645210,Pune,XL,6.0,2017.0,,0
1992.0,Нет,Female,Yes,3.0,313.0,,33.0,1.0,1.0,,Bachelors,918275607397,Bangalore,XS,3.0,,1.0,0
1985.0,Нет,Male,,0.0,,Близнецы,40.0,1.0,1.0,,Masters,911137841027,New Delhi,,10.0,,1.0,0
,Нет,,No,0.0,279.0,,40.0,1.0,1.0,,Masters,911137841027,New Delhi,M,10.0,2017.0,1.0,0
1985.0,Нет,Male,,0.0,279.0,Близнецы,40.0,1.0,1.0,0.0,,911137841027,,M,10.0,2017.0,1.0,0
,Нет,Male,No,0.0,279.0,Близнецы,,1.0,1.0,0.0,Masters,911137841027,,M,10.0,2017.0,1.0,0
1993.0,Да,Female,,3.0,,Весы,33.0,10.0,,0.0,Bachelors,914486745649,Bangalore,XXL,5.0,,3.0,1
,Да,,No,3.0,454.0,Весы,33.0,,3.0,0.0,Bachelors,914486745649,Bangalore,XXL,5.0,2018.0,3.0,1
1993.0,,Female,,3.0,454.0,Весы,,10.0,3.0,0.0,Bachelors,914486745649,Bangalore,XXL,5.0,2018.0,3.0,1
1993.0,,,,3.0,454.0,Весы,33.0,,,0.0,Bachelors,914486745649,Bangalore,XXL,5.0,2018.0,3.0,1
1993.0,Да,Female,No,,,Весы,33.0,10.0,,0.0,,914486745649,Bangalore,XXL,,2018.0,3.0,1
1988.0,Да,Male,No,1.0,173.0,Близнецы,38.0,0.0,,0.0,,911652866066,Bangalore,L,,2015.0,3.0,1
1988.0,Да,Male,No,1.0,173.0,Близнецы,38.0,,3.0,,Bachelors,911652866066,Bangalore,,15.0,2015.0,,1
1994.0,Нет,Male,No,2.0,,Дева,,,2.0,1.0,Masters,919948675710,Bangalore,M,1.0,2017.0,1.0,0
1994.0,Нет,Male,No,2.0,,Дева,,,2.0,,Masters,919948675710,,M,1.0,2017.0,1.0,0
1995.0,Нет,Male,Yes,2.0,,Рак,32.0,5.0,3.0,1.0,Bachelors,918205861964,Pune,XL,11.0,2014.0,,0
,Нет,Male,Yes,,295.0,Рак,32.0,,3.0,1.0,Bachelors,918205861964,Pune,XL,11.0,2014.0,,0
1995.0,Нет,,,2.0,295.0,Рак,32.0,,3.0,1.0,Bachelors,918205861964,Pune,XL,11.0,2014.0,2.0,0
1989.0,Да,,No,2.0,169.0,Близнецы,,,2.0,1.0,Bachelors,913137490713,Pune,M,1.0,2016.0,1.0,1
1989.0,,Female,No,2.0,169.0,Близнецы,37.0,4.0,2.0,1.0,Bachelors,913137490713,,M,,2016.0,1.0,1
1989.0,Да,,No,2.0,169.0,Близнецы,,4.0,2.0,1.0,Bachelors,913137490713,Pune,M,1.0,2016.0,1.0,1
1985.0,Нет,Male,No,5.0,96.0,Стрелец,40.0,8.0,3.0,0.0,Bachelors,914452938428,,M,10.0,2015.0,,0
1994.0,Да,Female,No,4.0,56.0,Близнецы,33.0,7.0,,,PHD,916861125333,New Delhi,S,4.0,2018.0,3.0,1
1994.0,,Female,,,56.0,Близнецы,33.0,,3.0,1.0,PHD,916861125333,New Delhi,S,4.0,2018.0,3.0,1
1994.0,Да,Female,,4.0,56.0,Близнецы,33.0,7.0,3.0,,PHD,916861125333,New Delhi,S,4.0,,3.0,1
,Да,,,4.0,56.0,Близнецы,33.0,7.0,3.0,,,916861125333,New Delhi,S,4.0,2018.0,3.0,1
1994.0,Да,Female,No,4.0,56.0,,33.0,,3.0,1.0,PHD,916861125333,New Delhi,S,4.0,,3.0,1
1985.0,Нет,Male,No,4.0,110.0,Стрелец,40.0,,2.0,0.0,Masters,912965150579,New Delhi,XL,7.0,2017.0,3.0,0
,Нет,Male,No,4.0,,Стрелец,40.0,10.0,2.0,0.0,Masters,912965150579,New Delhi,XL,7.0,,3.0,0
1985.0,Нет,Male,No,4.0,,Стрелец,40.0,10.0,2.0,0.0,,912965150579,,,7.0,2017.0,3.0,0
1985.0,,Male,No,4.0,110.0,Стрелец,,10.0,2.0,0.0,Masters,912965150579,New Delhi,XL,7.0,2017.0,3.0,0
1991.0,Нет,,,2.0,,Телец,35.0,,2.0,0.0,Masters,915542261759,New Delhi,L,,2017.0,,0
1991.0,Нет,Male,No,2.0,,Телец,35.0,3.0,2.0,0.0,Masters,915542261759,New Delhi,L,5.0,2017.0,1.0,0
1991.0,Нет,Male,No,2.0,,Телец,35.0,3.0,2.0,0.0,Masters,915542261759,New Delhi,L,5.0,2017.0,1.0,0
1991.0,Нет,Male,No,2.0,228.0,Телец,,3.0,2.0,0.0,Masters,915542261759,New Delhi,L,5.0,,1.0,0
1991.0,,Male,No,2.0,228.0,Телец,,3.0,2.0,,,915542261759,New Delhi,L,5.0,,1.0,0
,Нет,,No,,360.0,Близнецы,33.0,4.0,3.0,0.0,Bachelors,912618653837,Bangalore,S,,2016.0,3.0,0
1993.0,Нет,Male,No,3.0,360.0,Близнецы,33.0,4.0,3.0,0.0,Bachelors,912618653837,Bangalore,S,7.0,2016.0,3.0,0
1993.0,,Male,,3.0,360.0,Близнецы,33.0,4.0,3.0,0.0,Bachelors,912618653837,Bangalore,S,,2016.0,3.0,0
1993.0,Нет,,No,3.0,360.0,Близнецы,33.0,,3.0,0.0,Bachelors,912618653837,Bangalore,,7.0,2016.0,3.0,0
1993.0,Нет,Male,No,3.0,,Близнецы,,4.0,,0.0,,912618653837,,S,7.0,,,0
1989.0,Нет,Male,No,4.0,344.0,Рак,37.0,4.0,,0.0,,916833835886,Bangalore,L,9.0,2017.0,5.0,0
1989.0,Нет,Male,No,4.0,,Рак,37.0,4.0,,0.0,Bachelors,916833835886,Bangalore,L,9.0,2017.0,5.0,0
1989.0,,Male,No,0.0,118.0,Скорпион,,10.0,,1.0,Bachelors,917900554103,,S,2.0,2013.0,3.0,0
1989.0,Нет,Male,,0.0,,Скорпион,38.0,10.0,3.0,1.0,Bachelors,917900554103,Bangalore,,2.0,2013.0,3.0,0
1995.0,Да,Male,No,2.0,,,32.0,7.0,3.0,1.0,Bachelors,919284954991,Bangalore,XL,11.0,2018.0,4.0,1
,Нет,Female,No,2.0,,Лев,40.0,3.0,3.0,0.0,,916767851259,Bangalore,M,13.0,,,0
1987.0,,,,2.0,,Лев,40.0,,,0.0,Bachelors,916767851259,Bangalore,,13.0,2017.0,2.0,0
,Нет,Female,No,2.0,360.0,Лев,40.0,3.0,3.0,0.0,Bachelors,916767851259,Bangalore,,13.0,2017.0,,0
1987.0,Нет,Female,,2.0,360.0,Лев,40.0,3.0,,,Bachelors,916767851259,Bangalore,M,13.0,2017.0,2.0,0
,,Female,No,2.0,360.0,Лев,,3.0,,0.0,Bachelors,916767851259,Bangalore,M,,,2.0,0
,,,No,2.0,,Лев,33.0,4.0,3.0,1.0,Bachelors,919953111358,New Delhi,S,4.0,,2.0,0
1992.0,Нет,Female,No,2.0,70.0,Лев,33.0,4.0,,1.0,Bachelors,919953111358,New Delhi,S,4.0,2015.0,,0
1992.0,Нет,Female,No,2.0,70.0,Лев,33.0,4.0,3.0,1.0,Bachelors,919953111358,,,4.0,,2.0,0
,Да,Male,No,,129.0,Дева,38.0,10.0,3.0,0.0,Bachelors,919566923146,,,11.0,2016.0,1.0,1
1987.0,Да,,No,2.0,129.0,Дева,38.0,10.0,3.0,0.0,Bachelors,919566923146,Bangalore,,,2016.0,,1
1987.0,,,No,2.0,,,,,3.0,,Bachelors,919566923146,Bangalore,L,11.0,2016.0,,1
,Да,Male,No,,,,,10.0,3.0,,Bachelors,919566923146,Bangalore,L,11.0,,1.0,1
1987.0,,,No,2.0,,,38.0,10.0,,0.0,Bachelors,919566923146,Bangalore,L,11.0,,1.0,1
,Нет,Female,No,4.0,,Козерог,38.0,7.0,,0.0,Bachelors,915430485059,New Delhi,M,7.0,2017.0,4.0,0
1988.0,,Female,,4.0,,Козерог,38.0,7.0,3.0,0.0,,915430485059,New Delhi,M,7.0,2017.0,4.0,0
1988.0,Нет,Female,No,4.0,100.0,Козерог,38.0,7.0,3.0,0.0,,915430485059,New Delhi,M,,2017.0,,0
1996.0,Да,Female,No,3.0,140.0,,31.0,1.0,2.0,1.0,Bachelors,911264668156,Pune,M,5.0,2018.0,,1
1996.0,Да,Female,No,3.0,140.0,Рак,,1.0,,1.0,Bachelors,911264668156,Pune,M,,,,1
1994.0,Нет,,No,4.0,,,32.0,0.0,3.0,0.0,,917908237070,Pune,S,3.0,2014.0,4.0,0
1994.0,Нет,Female,No,4.0,9.0,,,0.0,3.0,,Bachelors,917908237070,Pune,,3.0,,4.0,0
,Нет,,No,,9.0,Рыбы,32.0,,3.0,,Bachelors,917908237070,Pune,S,3.0,2014.0,4.0,0
,Нет,,,4.0,9.0,,32.0,0.0,3.0,0.0,,917908237070,Pune,S,3.0,2014.0,4.0,0
1990.0,Нет,,Yes,1.0,323.0,,35.0,3.0,3.0,1.0,Bachelors,912291247196,Bangalore,M,0.0,,3.0,0
,Нет,Male,,1.0,323.0,Близнецы,,3.0,3.0,1.0,Bachelors,912291247196,Bangalore,,0.0,2013.0,,0
1992.0,Да,Male,No,0.0,288.0,,35.0,,3.0,0.0,Bachelors,916555268722,Bangalore,S,11.0,2014.0,5.0,1
1992.0,Да,Male,No,0.0,,Весы,35.0,2.0,3.0,0.0,Bachelors,916555268722,Bangalore,S,11.0,2014.0,5.0,1
1994.0,Нет,Female,No,4.0,254.0,Близнецы,33.0,4.0,3.0,,Bachelors,916071182097,,S,8.0,2012.0,2.0,0
,Нет,Female,,0.0,180.0,,41.0,,3.0,0.0,Bachelors,916796809354,New Delhi,S,,2012.0,1.0,0
1985.0,Нет,Female,,0.0,,Лев,41.0,,3.0,0.0,Bachelors,916796809354,New Delhi,S,11.0,2012.0,1.0,0
,Да,Female,No,3.0,207.0,Водолей,31.0,0.0,1.0,,Bachelors,913946397114,Pune,,5.0,2015.0,1.0,1
1996.0,,Female,No,3.0,207.0,Водолей,,0.0,1.0,1.0,Bachelors,913946397114,Pune,,5.0,2015.0,1.0,1
1996.0,Да,Female,No,3.0,,Водолей,31.0,0.0,1.0,1.0,Bachelors,913946397114,,,5.0,2015.0,1.0,1
1996.0,Да,,No,3.0,,Водолей,31.0,0.0,1.0,1.0,Bachelors,913946397114,Pune,M,5.0,2015.0,1.0,1
1992.0,,,No,3.0,493.0,,,5.0,3.0,0.0,Bachelors,911801514107,Bangalore,S,,2016.0,2.0,0
1987.0,Нет,Female,No,2.0,466.0,Дева,40.0,1.0,2.0,0.0,,915975470704,,M,5.0,2017.0,,0
,Нет,Female,No,,466.0,Дева,,1.0,2.0,0.0,Masters,915975470704,New Delhi,M,5.0,,5.0,0
1987.0,,Female,No,2.0,,Дева,40.0,,2.0,0.0,Masters,915975470704,New Delhi,M,5.0,2017.0,5.0,0
1987.0,Нет,Female,No,2.0,466.0,Дева,,,2.0,0.0,,915975470704,New Delhi,M,5.0,2017.0,5.0,0
1994.0,,Male,No,1.0,307.0,Лев,,10.0,3.0,,Masters,919109385544,,M,2.0,2016.0,,1
1994.0,Да,Male,No,1.0,307.0,,32.0,10.0,3.0,1.0,Masters,919109385544,Bangalore,M,2.0,2016.0,2.0,1
1987.0,,Female,No,,148.0,,40.0,0.0,2.0,1.0,Bachelors,919534573633,Pune,,7.0,2014.0,,1
,Да,Female,No,3.0,148.0,Телец,40.0,0.0,2.0,,Bachelors,919534573633,,XS,7.0,2014.0,4.0,1
1987.0,Да,Female,No,3.0,148.0,Телец,,0.0,2.0,1.0,Bachelors,919534573633,Pune,,7.0,2014.0,,1
1995.0,Нет,,No,3.0,84.0,Водолей,31.0,6.0,,1.0,,916827577577,Pune,M,,2012.0,5.0,0
1995.0,,Male,,3.0,,Водолей,,,3.0,1.0,Bachelors,916827577577,,,10.0,2012.0,5.0,0
1995.0,Нет,Male,No,3.0,84.0,,31.0,6.0,3.0,1.0,Bachelors,916827577577,Pune,M,10.0,2012.0,5.0,0
1995.0,Нет,Male,No,3.0,84.0,Водолей,31.0,6.0,3.0,1.0,,916827577577,Pune,M,10.0,2012.0,5.0,0
,Нет,,No,3.0,84.0,Водолей,31.0,6.0,3.0,1.0,Bachelors,916827577577,Pune,,10.0,2012.0,5.0,0
1991.0,Нет,Female,No,5.0,476.0,Водолей,34.0,4.0,1.0,0.0,Bachelors,914239910153,,L,1.0,2014.0,,0
1991.0,,,No,,476.0,,34.0,4.0,,0.0,Bachelors,914239910153,Bangalore,L,1.0,,,0
1984.0,Да,Female,,2.0,,Дева,,9.0,,1.0,Masters,919691128994,New Delhi,M,8.0,2013.0,1.0,1
1984.0,Да,Female,Yes,2.0,161.0,Дева,41.0,9.0,,1.0,Masters,919691128994,New Delhi,M,,2013.0,,1
1984.0,Да,Female,Yes,2.0,161.0,,41.0,,3.0,1.0,Masters,919691128994,New Delhi,M,,2013.0,,1
1984.0,,Female,,2.0,161.0,Дева,,9.0,,1.0,Masters,919691128994,New Delhi,M,8.0,2013.0,1.0,1
1984.0,Да,Female,,2.0,161.0,Дева,41.0,,3.0,1.0,Masters,919691128994,,M,8.0,2013.0,1.0,1
1993.0,Нет,Male,No,2.0,94.0,Телец,32.0,8.0,2.0,0.0,Masters,918364696468,New Delhi,XL,,2017.0,,0
1993.0,Нет,Male,,2.0,94.0,Телец,32.0,8.0,2.0,0.0,Masters,918364696468,New Delhi,,11.0,,1.0,0
1993.0,Нет,Male,No,2.0,94.0,Телец,32.0,8.0,,0.0,,918364696468,New Delhi,XL,11.0,2017.0,1.0,0
1985.0,Нет,Male,No,,66.0,Рак,41.0,10.0,3.0,0.0,Bachelors,914155271800,Bangalore,XXL,5.0,2016.0,,0
1985.0,,Male,No,2.0,66.0,Рак,41.0,10.0,,0.0,Bachelors,914155271800,Bangalore,XXL,5.0,2016.0,,0
1985.0,Нет,Male,No,2.0,,Рак,41.0,10.0,3.0,0.0,Bachelors,914155271800,,,5.0,2016.0,4.0,0
1985.0,,Male,No,2.0,66.0,Рак,41.0,10.0,3.0,,,914155271800,Bangalore,XXL,5.0,,4.0,0
1985.0,Нет,Male,No,2.0,66.0,Рак,41.0,10.0,3.0,0.0,Bachelors,914155271800,Bangalore,XXL,5.0,,4.0,0
1994.0,Да,Female,No,0.0,17.0,Стрелец,33.0,1.0,3.0,1.0,Bachelors,916326507791,Bangalore,M,,2013.0,2.0,1
1994.0,Да,Female,,0.0,17.0,Стрелец,33.0,,3.0,1.0,Bachelors,916326507791,Bangalore,M,11.0,2013.0,,1
1994.0,Да,Female,No,0.0,17.0,Стрелец,33.0,1.0,3.0,1.0,Bachelors,916326507791,,M,11.0,2013.0,2.0,1
1988.0,Нет,Female,No,2.0,430.0,Дева,,,3.0,1.0,Bachelors,913457377903,Pune,L,0.0,2013.0,5.0,0
1986.0,Да,Male,No,2.0,276.0,Козерог,40.0,,3.0,,Masters,918782227367,Pune,,9.0,2018.0,5.0,1
1986.0,,Male,No,2.0,276.0,Козерог,40.0,5.0,,1.0,,918782227367,Pune,XL,9.0,2018.0,5.0,1
1986.0,Да,Male,No,,276.0,Козерог,40.0,5.0,,,Masters,918782227367,Pune,,,2018.0,5.0,1
1986.0,Да,Male,No,2.0,276.0,Козерог,40.0,5.0,,,Masters,918782227367,Pune,XL,9.0,2018.0,5.0,1
1992.0,,Male,,3.0,385.0,Рыбы,34.0,10.0,,,Bachelors,914729646257,New Delhi,M,0.0,2017.0,,0
1992.0,,Male,No,3.0,,Рыбы,34.0,10.0,3.0,1.0,Bachelors,914729646257,,M,0.0,2017.0,1.0,0
,Нет,Male,No,3.0,385.0,,34.0,10.0,,1.0,Bachelors,914729646257,New Delhi,M,0.0,2017.0,,0
,Нет,,No,3.0,385.0,,34.0,,,,Bachelors,914729646257,,M,0.0,2017.0,1.0,0
,Нет,,No,3.0,,,34.0,10.0,3.0,1.0,Bachelors,914729646257,New Delhi,M,0.0,,,0
1986.0,Нет,Male,,,,,41.0,2.0,3.0,1.0,,916871237420,Pune,M,0.0,2016.0,5.0,0
1988.0,Да,Male,No,5.0,288.0,Телец,37.0,,3.0,0.0,Bachelors,918757220063,,,5.0,2015.0,3.0,1
1988.0,Да,Male,No,5.0,288.0,,37.0,1.0,,0.0,Bachelors,918757220063,Pune,,5.0,2015.0,3.0,1
1988.0,Да,Male,No,5.0,288.0,,37.0,1.0,3.0,0.0,Bachelors,918757220063,Pune,M,5.0,2015.0,3.0,1
1988.0,Да,Male,No,5.0,288.0,Телец,37.0,1.0,3.0,0.0,,918757220063,,,5.0,2015.0,3.0,1
,Да,Female,,4.0,39.0,Дева,32.0,,3.0,0.0,Masters,911700883301,Bangalore,S,7.0,2017.0,2.0,1
1994.0,,Female,No,4.0,39.0,Дева,32.0,7.0,3.0,0.0,Masters,911700883301,Bangalore,S,7.0,2017.0,2.0,1
1986.0,Нет,Male,No,3.0,309.0,Близнецы,41.0,1.0,3.0,1.0,Bachelors,916089571458,Bangalore,L,,2017.0,2.0,0
,,Male,No,3.0,,,,,,1.0,Bachelors,916089571458,Bangalore,L,13.0,,2.0,0
,Да,,,2.0,403.0,Скорпион,34.0,1.0,,,Bachelors,916889220384,Bangalore,XS,6.0,2018.0,,1
1991.0,Да,Female,Yes,,403.0,Скорпион,34.0,1.0,3.0,1.0,,916889220384,Bangalore,XS,6.0,2018.0,3.0,1
1991.0,Да,Female,Yes,,403.0,,34.0,,3.0,1.0,,916889220384,,XS,6.0,,3.0,1
1991.0,Да,,Yes,2.0,403.0,Скорпион,34.0,1.0,3.0,1.0,Bachelors,916889220384,,,6.0,2018.0,3.0,1
1991.0,Да,Female,,,403.0,Скорпион,,1.0,3.0,1.0,,916889220384,,XS,,2018.0,,1
1988.0,,Male,No,5.0,497.0,Весы,38.0,4.0,3.0,0.0,Masters,914177863469,Bangalore,,,2017.0,,1
1988.0,Да,Male,,5.0,,Весы,38.0,4.0,3.0,0.0,Masters,914177863469,Bangalore,L,5.0,2017.0,1.0,1
1988.0,Да,Male,No,5.0,497.0,Весы,38.0,,3.0,0.0,Masters,914177863469,Bangalore,L,5.0,2017.0,,1
1985.0,Нет,Female,No,,457.0,,40.0,1.0,3.0,1.0,,915457181430,,S,7.0,2017.0,,0
1985.0,Нет,Female,No,,457.0,Овен,40.0,,3.0,1.0,Bachelors,915457181430,Bangalore,S,7.0,2017.0,4.0,0
1985.0,Нет,Female,No,3.0,457.0,Овен,40.0,1.0,3.0,,Bachelors,915457181430,,S,7.0,2017.0,4.0,0
1992.0,Да,,,3.0,405.0,,,5.0,2.0,1.0,Bachelors,911361578373,,,,2017.0,2.0,1
1992.0,Да,,No,,405.0,Овен,,5.0,2.0,,Bachelors,911361578373,Pune,L,0.0,2017.0,2.0,1
1992.0,Да,Female,No,,405.0,Овен,34.0,5.0,,1.0,Bachelors,911361578373,Pune,L,0.0,2017.0,2.0,1
1992.0,Да,,No,3.0,405.0,,34.0,5.0,2.0,1.0,,911361578373,Pune,L,0.0,2017.0,2.0,1
,,Female,,,405.0,Овен,34.0,5.0,2.0,1.0,Bachelors,911361578373,,,,2017.0,2.0,1
1996.0,Нет,Male,No,2.0,466.0,Дева,,8.0,2.0,0.0,Bachelors,911751675685,New Delhi,M,15.0,,1.0,0
1996.0,Нет,Male,No,2.0,466.0,Дева,31.0,8.0,,,Bachelors,911751675685,New Delhi,,15.0,2017.0,1.0,0
1996.0,Нет,Male,,2.0,466.0,Дева,31.0,8.0,2.0,0.0,Bachelors,911751675685,New Delhi,M,15.0,2017.0,1.0,0
1996.0,,Male,No,2.0,466.0,Дева,31.0,8.0,,0.0,,911751675685,New Delhi,M,15.0,2017.0,1.0,0
1992.0,Да,,Yes,1.0,213.0,Лев,34.0,8.0,2.0,1.0,,919918405675,Pune,,,2014.0,1.0,1
1988.0,,Female,No,1.0,3.0,Козерог,37.0,8.0,,1.0,Bachelors,914821394149,Bangalore,M,8.0,2013.0,3.0,0
,Да,Female,No,3.0,242.0,,,5.0,1.0,0.0,,914444917507,Pune,,14.0,2015.0,3.0,1
1991.0,,Female,No,,242.0,Стрелец,,5.0,,0.0,Bachelors,914444917507,Pune,M,14.0,,3.0,1
1991.0,Да,Female,No,,,Стрелец,34.0,5.0,1.0,0.0,Bachelors,914444917507,Pune,M,14.0,2015.0,3.0,1
1991.0,Да,Female,,3.0,242.0,Стрелец,34.0,5.0,1.0,,,914444917507,Pune,M,14.0,,3.0,1
,Да,Female,No,3.0,242.0,Стрелец,34.0,5.0,1.0,,Bachelors,914444917507,Pune,M,14.0,2015.0,3.0,1
1993.0,Нет,Male,No,2.0,179.0,Стрелец,33.0,,,,Bachelors,911740153023,Bangalore,L,14.0,2015.0,1.0,0
,,Male,No,,179.0,Стрелец,33.0,8.0,3.0,0.0,Bachelors,911740153023,Bangalore,L,14.0,2015.0,1.0,0
1990.0,Нет,Male,No,,376.0,Рак,37.0,6.0,3.0,1.0,Bachelors,915306919424,Bangalore,S,11.0,,1.0,0
1990.0,Нет,Male,No,,376.0,Рак,37.0,6.0,3.0,,Bachelors,915306919424,Bangalore,S,11.0,2016.0,1.0,0
1988.0,Нет,Female,No,1.0,309.0,Козерог,,7.0,1.0,0.0,Bachelors,914967170474,,,11.0,2012.0,,0
1985.0,,Male,No,5.0,16.0,Дева,40.0,4.0,3.0,,,917667067675,Pune,L,8.0,,5.0,0
1985.0,Нет,,No,5.0,,Дева,40.0,4.0,,1.0,Bachelors,917667067675,,L,,2016.0,5.0,0
1985.0,,Male,No,,16.0,,40.0,4.0,3.0,,Bachelors,917667067675,Pune,L,8.0,2016.0,5.0,0
1994.0,,,No,,387.0,Телец,33.0,,3.0,1.0,Bachelors,915412766506,New Delhi,L,,2017.0,4.0,1
1994.0,Да,Female,No,,387.0,Телец,33.0,3.0,3.0,1.0,Bachelors,915412766506,,L,,2017.0,,1
1994.0,Да,Female,No,1.0,387.0,,33.0,3.0,,1.0,Bachelors,915412766506,New Delhi,L,,2017.0,,1
1994.0,Да,Female,No,1.0,387.0,,33.0,3.0,3.0,,Bachelors,915412766506,New Delhi,L,12.0,2017.0,4.0,1
1994.0,Да,Female,No,1.0,387.0,,33.0,3.0,3.0,1.0,Bachelors,915412766506,New Delhi,,12.0,2017.0,4.0,1
,Нет,Male,No,1.0,155.0,Овен,33.0,1.0,3.0,1.0,Bachelors,915279309181,New Delhi,L,14.0,,,0
,Нет,Male,No,1.0,155.0,Овен,,1.0,3.0,1.0,,915279309181,New Delhi,L,,2016.0,3.0,0
1993.0,Нет,,No,,155.0,Овен,33.0,1.0,3.0,,Bachelors,915279309181,New Delhi,L,14.0,,,0
1988.0,Нет,Male,Yes,,10.0,Близнецы,37.0,5.0,3.0,,Masters,917175832620,New Delhi,M,13.0,2013.0,1.0,0
1988.0,Нет,,Yes,2.0,10.0,Близнецы,,,3.0,,Masters,917175832620,New Delhi,M,13.0,2013.0,1.0,0
1988.0,,,Yes,,,Близнецы,37.0,5.0,3.0,,Masters,917175832620,New Delhi,M,,2013.0,1.0,0
1988.0,Нет,Male,Yes,2.0,10.0,,37.0,5.0,3.0,,Masters,917175832620,New Delhi,,,2013.0,1.0,0
1988.0,Нет,Male,Yes,2.0,10.0,Близнецы,37.0,5.0,3.0,0.0,Masters,917175832620,,M,13.0,2013.0,1.0,0
1991.0,Нет,Female,No,2.0,,,36.0,10.0,2.0,1.0,Bachelors,914515118320,New Delhi,S,,2017.0,2.0,0
1991.0,Нет,Female,,,,,36.0,1.0,3.0,1.0,Bachelors,915973351593,Bangalore,,0.0,2012.0,1.0,0
1991.0,Нет,,No,5.0,272.0,Телец,36.0,1.0,,1.0,Bachelors,915973351593,Bangalore,XS,0.0,2012.0,,0
1991.0,Нет,,,,,Телец,36.0,1.0,3.0,1.0,,915973351593,Bangalore,XS,,2012.0,,0
1986.0,Нет,Male,No,,358.0,,41.0,0.0,3.0,0.0,Bachelors,911654509960,Bangalore,,12.0,2015.0,5.0,0
1986.0,Нет,Male,No,1.0,358.0,Скорпион,41.0,0.0,3.0,0.0,Bachelors,911654509960,,,12.0,,5.0,0
,Нет,Male,No,1.0,358.0,Скорпион,,0.0,3.0,0.0,Bachelors,911654509960,Bangalore,L,12.0,2015.0,5.0,0
1986.0,Нет,Male,No,1.0,358.0,Скорпион,,,3.0,0.0,,911654509960,Bangalore,L,12.0,2015.0,5.0,0
,Нет,Male,No,5.0,69.0,Овен,40.0,5.0,3.0,1.0,Masters,915883786305,New Delhi,M,6.0,2014.0,2.0,0
1984.0,Да,Male,Yes,2.0,294.0,Козерог,41.0,3.0,2.0,1.0,Masters,917291422268,Bangalore,XXL,11.0,2017.0,4.0,1
1984.0,Да,Male,Yes,2.0,294.0,Козерог,41.0,3.0,2.0,1.0,Masters,917291422268,Bangalore,XXL,,2017.0,,1
1992.0,Нет,Male,No,,495.0,Близнецы,33.0,6.0,3.0,0.0,Bachelors,918451417609,Pune,M,8.0,,2.0,0
1992.0,Нет,Male,,5.0,495.0,Близнецы,33.0,6.0,,,Bachelors,918451417609,Pune,,,2015.0,2.0,0
1992.0,,Male,,5.0,495.0,Близнецы,33.0,6.0,3.0,0.0,Bachelors,918451417609,,M,8.0,2015.0,2.0,0
1988.0,,Female,No,2.0,372.0,Лев,37.0,7.0,2.0,0.0,Masters,917824741665,New Delhi,S,13.0,2017.0,,0
1988.0,Нет,,No,2.0,372.0,Лев,37.0,7.0,2.0,0.0,Masters,917824741665,New Delhi,S,13.0,2017.0,5.0,0
1994.0,Нет,,No,,490.0,Рыбы,33.0,0.0,2.0,,Bachelors,914532617652,New Delhi,XL,4.0,2017.0,1.0,0
1990.0,,Male,No,2.0,,Весы,,1.0,3.0,1.0,Masters,916399733576,New Delhi,XL,,2018.0,,1
,Да,Male,,,114.0,Весы,36.0,1.0,3.0,1.0,Masters,916399733576,New Delhi,XL,14.0,2018.0,,1
1990.0,Да,Male,,,,Весы,,1.0,3.0,1.0,Masters,916399733576,New Delhi,XL,14.0,2018.0,3.0,1
1985.0,Да,Male,Yes,3.0,,Водолей,40.0,5.0,,1.0,Bachelors,914141852879,,M,8.0,,4.0,1
1985.0,,Male,Yes,3.0,219.0,,40.0,5.0,3.0,1.0,,914141852879,Bangalore,,,2018.0,4.0,1
1985.0,,Male,Yes,,,Водолей,40.0,5.0,3.0,1.0,Bachelors,914141852879,,M,8.0,2018.0,4.0,1
1985.0,Да,,Yes,3.0,,,,5.0,3.0,1.0,,914141852879,Bangalore,M,8.0,2018.0,4.0,1
1987.0,Да,,No,2.0,291.0,Близнецы,40.0,,,,Masters,914350502418,Bangalore,M,13.0,2018.0,2.0,1
1987.0,,Male,No,2.0,291.0,Близнецы,40.0,,3.0,1.0,Masters,914350502418,Bangalore,M,,2018.0,2.0,1
1991.0,,,No,3.0,316.0,Близнецы,34.0,1.0,,0.0,,913801876630,Bangalore,XL,4.0,2014.0,3.0,0
1991.0,,Male,No,3.0,316.0,Близнецы,34.0,,3.0,0.0,,913801876630,Bangalore,,4.0,2014.0,,0
1991.0,Нет,Male,No,3.0,316.0,Близнецы,34.0,1.0,3.0,0.0,Bachelors,913801876630,Bangalore,XL,,2014.0,3.0,0
1991.0,Нет,Male,No,3.0,316.0,,,1.0,,0.0,,913801876630,Bangalore,,4.0,2014.0,,0
1991.0,Нет,Male,No,3.0,316.0,,,1.0,3.0,,Bachelors,913801876630,Bangalore,XL,4.0,2014.0,,0
1986.0,Нет,Male,,,459.0,Лев,,,,,Bachelors,911243468160,Pune,L,,2012.0,3.0,0
,Нет,Male,No,5.0,459.0,,39.0,,3.0,0.0,Bachelors,911243468160,Pune,L,9.0,2012.0,3.0,0
1986.0,Нет,Male,,,,Лев,,6.0,3.0,0.0,Bachelors,911243468160,Pune,L,9.0,,,0
,Нет,,No,5.0,459.0,Лев,39.0,6.0,3.0,0.0,Bachelors,911243468160,,L,9.0,,3.0,0
,Да,Male,No,1.0,372.0,Дева,33.0,5.0,2.0,1.0,Bachelors,913707943823,Pune,XL,,2017.0,,1
1992.0,Да,Male,No,1.0,,Дева,33.0,5.0,2.0,,Bachelors,913707943823,Pune,,0.0,2017.0,1.0,1
1986.0,Нет,Male,No,3.0,365.0,Рыбы,40.0,4.0,3.0,1.0,Bachelors,914827192173,New Delhi,L,6.0,2012.0,1.0,0
,Нет,,No,3.0,365.0,Рыбы,40.0,4.0,3.0,1.0,Bachelors,914827192173,New Delhi,L,6.0,2012.0,1.0,0
1987.0,Да,Male,,,379.0,Рак,38.0,4.0,3.0,,Bachelors,913217530252,Bangalore,L,4.0,2018.0,2.0,1
,Нет,Male,,1.0,,,40.0,,3.0,0.0,Bachelors,918597903559,Bangalore,L,4.0,2016.0,1.0,0
1986.0,,Male,Yes,1.0,468.0,Стрелец,,10.0,3.0,0.0,Bachelors,918597903559,Bangalore,L,,2016.0,1.0,0
1986.0,Нет,Male,,1.0,,Стрелец,,10.0,3.0,,Bachelors,918597903559,Bangalore,L,4.0,2016.0,1.0,0
1986.0,Нет,Male,,1.0,468.0,Стрелец,40.0,10.0,3.0,0.0,,918597903559,,L,4.0,,1.0,0
,,,No,0.0,359.0,Телец,,3.0,3.0,0.0,Bachelors,918427608985,New Delhi,XXL,5.0,2014.0,3.0,0
1991.0,Нет,Male,Yes,1.0,148.0,Рыбы,34.0,5.0,3.0,1.0,,915153649002,Bangalore,,14.0,2016.0,1.0,0
,,Female,No,3.0,,Близнецы,37.0,1.0,,0.0,Masters,917091834115,New Delhi,S,,2016.0,2.0,1
1988.0,,Female,No,3.0,119.0,,37.0,,3.0,0.0,Masters,917091834115,New Delhi,,11.0,,2.0,1
1988.0,Да,,No,3.0,119.0,Близнецы,37.0,1.0,3.0,0.0,Masters,917091834115,New Delhi,S,11.0,,2.0,1
1988.0,Да,Female,No,3.0,119.0,Близнецы,,1.0,3.0,0.0,Masters,917091834115,New Delhi,S,11.0,2016.0,2.0,1
1988.0,Да,Female,No,3.0,119.0,Близнецы,,1.0,3.0,0.0,Masters,917091834115,New Delhi,S,11.0,2016.0,2.0,1
,,Female,No,,,Водолей,40.0,4.0,,0.0,Bachelors,915632597821,,S,,,2.0,0
1986.0,Нет,Female,No,1.0,42.0,Водолей,40.0,,3.0,0.0,Bachelors,915632597821,New Delhi,S,7.0,2015.0,2.0,0
1986.0,,,No,1.0,,,,4.0,3.0,0.0,Bachelors,915632597821,New Delhi,S,7.0,2015.0,2.0,0
,Нет,Female,,1.0,42.0,,40.0,4.0,,,Bachelors,915632597821,New Delhi,S,7.0,2015.0,2.0,0
1990.0,Да,,No,2.0,89.0,Водолей,,10.0,3.0,1.0,Masters,915199694226,Bangalore,L,7.0,2016.0,3.0,1
1990.0,,Male,No,,89.0,,37.0,10.0,3.0,,Masters,915199694226,,L,7.0,,3.0,1
1990.0,Да,Male,,2.0,89.0,,37.0,10.0,3.0,1.0,Masters,915199694226,Bangalore,L,7.0,2016.0,3.0,1
1990.0,Да,Male,No,,89.0,Водолей,37.0,10.0,3.0,1.0,Masters,915199694226,Bangalore,L,7.0,2016.0,,1
1990.0,Да,,No,,,Водолей,37.0,,3.0,1.0,Masters,915199694226,Bangalore,L,,2016.0,3.0,1
1988.0,Да,,No,3.0,,Весы,37.0,,2.0,0.0,,911313392720,Pune,L,1.0,2016.0,5.0,1
1988.0,,Female,No,3.0,339.0,Весы,37.0,3.0,2.0,0.0,Bachelors,911313392720,Pune,L,1.0,2016.0,,1
1988.0,Да,,No,3.0,339.0,,37.0,3.0,2.0,,Bachelors,911313392720,,L,1.0,2016.0,5.0,1
1994.0,Нет,Male,No,1.0,423.0,Рак,32.0,,,0.0,,916926598336,Pune,,14.0,2013.0,3.0,0
1990.0,Нет,Male,,5.0,,Весы,35.0,,1.0,,,916669187481,New Delhi,S,5.0,2017.0,5.0,0
1990.0,Нет,Male,No,5.0,212.0,Весы,,1.0,1.0,1.0,Masters,916669187481,,S,,2017.0,,0
1990.0,Нет,Male,No,5.0,212.0,Весы,35.0,1.0,1.0,,Masters,916669187481,New Delhi,,5.0,,5.0,0
1988.0,Нет,Male,No,3.0,317.0,Дева,,,1.0,0.0,Bachelors,916365640500,Bangalore,S,14.0,2016.0,2.0,0
,Нет,Male,No,3.0,,Дева,,2.0,1.0,0.0,,916365640500,Bangalore,S,,2016.0,,0
1993.0,Нет,Female,No,1.0,,Телец,,,3.0,1.0,Bachelors,918762142829,Pune,M,8.0,2017.0,1.0,0
1993.0,,Female,No,1.0,198.0,Телец,34.0,1.0,3.0,1.0,Bachelors,918762142829,Pune,,8.0,,1.0,0
1994.0,Да,Male,No,2.0,,Дева,32.0,7.0,,0.0,Bachelors,914856305886,Bangalore,,4.0,2014.0,3.0,1
1994.0,Да,Male,,,257.0,,32.0,,3.0,0.0,Bachelors,914856305886,Bangalore,XL,4.0,2014.0,3.0,1
1994.0,,Male,No,2.0,257.0,Дева,32.0,7.0,,0.0,Bachelors,914856305886,,,4.0,2014.0,3.0,1
1994.0,Да,Male,No,,257.0,Дева,32.0,7.0,3.0,0.0,Bachelors,914856305886,Bangalore,XL,,2014.0,,1
1994.0,Да,Male,,2.0,257.0,Дева,32.0,,,0.0,Bachelors,914856305886,Bangalore,,4.0,2014.0,3.0,1
1990.0,Нет,,,4.0,260.0,Дева,37.0,9.0,2.0,1.0,Bachelors,918795443623,New Delhi,L,,2017.0,2.0,0
1992.0,Нет,Male,No,2.0,384.0,,35.0,7.0,,1.0,Bachelors,919951685486,Bangalore,L,15.0,2014.0,3.0,0
1992.0,Нет,Male,No,2.0,384.0,Стрелец,35.0,7.0,3.0,1.0,Bachelors,919951685486,,L,15.0,2014.0,3.0,0
1992.0,Нет,Male,No,2.0,384.0,,35.0,7.0,3.0,1.0,Bachelors,919951685486,,L,15.0,2014.0,3.0,0
1987.0,Нет,Male,Yes,2.0,,Водолей,,5.0,3.0,1.0,Bachelors,911642598396,,,12.0,2012.0,1.0,0
1987.0,Нет,Male,,2.0,300.0,Водолей,40.0,5.0,3.0,,,911642598396,Bangalore,L,,,1.0,0
1987.0,Нет,Male,,2.0,300.0,,40.0,5.0,3.0,1.0,Bachelors,911642598396,Bangalore,L,12.0,2012.0,1.0,0
,Нет,Female,No,,,Рак,41.0,6.0,,1.0,Masters,917351141085,New Delhi,L,5.0,2013.0,5.0,0
1985.0,,,No,,,Рак,41.0,6.0,3.0,1.0,Masters,917351141085,,,5.0,,5.0,0
,Нет,Female,No,,195.0,Рак,34.0,10.0,3.0,,Bachelors,911369875862,Bangalore,,0.0,2015.0,,0
,,Female,No,4.0,195.0,Рак,34.0,10.0,3.0,1.0,Bachelors,911369875862,Bangalore,XS,,2015.0,3.0,0
,,Female,,4.0,,,,10.0,3.0,1.0,,911369875862,Bangalore,,0.0,,3.0,0
1992.0,Нет,Female,No,4.0,334.0,Лев,34.0,1.0,3.0,1.0,Bachelors,912445298279,New Delhi,L,2.0,2012.0,4.0,0
,Да,Male,No,2.0,406.0,Стрелец,36.0,10.0,2.0,1.0,Bachelors,917845804312,Pune,L,13.0,,2.0,1
1989.0,Да,Male,No,,406.0,Стрелец,36.0,10.0,,1.0,Bachelors,917845804312,Pune,L,13.0,2013.0,2.0,1
1989.0,Да,Male,No,,,Стрелец,36.0,10.0,,1.0,Bachelors,917845804312,Pune,L,,2013.0,2.0,1
1989.0,Да,Male,,2.0,406.0,Стрелец,,10.0,2.0,1.0,Bachelors,917845804312,Pune,L,13.0,2013.0,,1
,Нет,Female,,1.0,289.0,Рак,39.0,,3.0,1.0,Masters,911981056770,New Delhi,,6.0,,,0
1987.0,Нет,Female,No,1.0,289.0,Рак,39.0,7.0,3.0,1.0,Masters,911981056770,New Delhi,M,6.0,2016.0,1.0,0
1987.0,Нет,Female,,1.0,289.0,Рак,,7.0,3.0,1.0,Masters,911981056770,New Delhi,M,6.0,2016.0,1.0,0
1985.0,Нет,Male,No,5.0,415.0,,41.0,,3.0,0.0,,915455552811,New Delhi,XL,13.0,2014.0,2.0,0
1985.0,Нет,,No,5.0,,Близнецы,41.0,9.0,,0.0,Bachelors,915455552811,New Delhi,XL,13.0,2014.0,2.0,0
,Нет,Male,No,5.0,,Близнецы,41.0,,3.0,0.0,Bachelors,915455552811,New Delhi,,,,2.0,0
1985.0,,Male,,5.0,415.0,Близнецы,41.0,9.0,3.0,0.0,Bachelors,915455552811,New Delhi,XL,13.0,2014.0,2.0,0
1985.0,Нет,Male,No,5.0,415.0,Близнецы,41.0,9.0,,0.0,Bachelors,915455552811,New Delhi,,,2014.0,2.0,0
1987.0,,Male,No,0.0,15.0,Лев,,9.0,3.0,0.0,Bachelors,918383723708,Bangalore,,3.0,,2.0,0
,,Male,No,0.0,,Лев,40.0,9.0,3.0,0.0,,918383723708,Bangalore,L,3.0,2015.0,2.0,0
1987.0,Нет,Male,No,0.0,,Лев,40.0,9.0,3.0,0.0,Bachelors,918383723708,Bangalore,L,3.0,2015.0,2.0,0
1987.0,Нет,Male,No,,15.0,Лев,40.0,,,0.0,Bachelors,918383723708,,,3.0,2015.0,2.0,0
1991.0,Нет,Female,No,5.0,332.0,Овен,34.0,7.0,3.0,0.0,,911184306785,Bangalore,L,13.0,2017.0,,0
1991.0,,,No,5.0,332.0,Овен,,,3.0,0.0,Bachelors,911184306785,Bangalore,L,13.0,,2.0,0
1991.0,Нет,Female,No,,332.0,Овен,34.0,7.0,3.0,0.0,,911184306785,Bangalore,L,13.0,2017.0,2.0,0
,Нет,Male,No,3.0,248.0,Козерог,40.0,2.0,3.0,,,912133744770,Pune,M,14.0,2012.0,2.0,0
1987.0,Нет,,,3.0,248.0,Козерог,40.0,2.0,3.0,0.0,Bachelors,912133744770,Pune,M,,2012.0,2.0,0
1987.0,Нет,Male,No,3.0,,Козерог,40.0,2.0,3.0,0.0,Bachelors,912133744770,Pune,M,14.0,2012.0,2.0,0
,Нет,Male,No,3.0,248.0,Козерог,40.0,,3.0,0.0,,912133744770,Pune,M,,2012.0,,0
1987.0,Нет,Male,,,248.0,Козерог,40.0,2.0,,,Bachelors,912133744770,Pune,M,14.0,2012.0,2.0,0
,Нет,Male,No,,134.0,Рыбы,32.0,8.0,3.0,1.0,Bachelors,916206559519,,L,0.0,2013.0,3.0,0
1995.0,Нет,Male,No,5.0,,Рыбы,,,3.0,1.0,Bachelors,916206559519,Pune,L,,2013.0,3.0,0
1995.0,,Male,No,5.0,134.0,Рыбы,32.0,8.0,3.0,,Bachelors,916206559519,Pune,L,0.0,2013.0,3.0,0
1988.0,Да,Male,No,3.0,23.0,Близнецы,,3.0,3.0,,Bachelors,914921906775,Pune,,10.0,2018.0,1.0,1
1988.0,Да,Male,No,3.0,23.0,Близнецы,38.0,3.0,,1.0,Bachelors,914921906775,Pune,L,10.0,2018.0,1.0,1
,Да,,No,3.0,,Близнецы,38.0,3.0,3.0,1.0,Bachelors,914921906775,Pune,L,10.0,,1.0,1
1987.0,,Male,No,3.0,169.0,,40.0,5.0,3.0,0.0,Bachelors,913363069995,Bangalore,M,,2016.0,2.0,0
,Нет,,,4.0,103.0,,41.0,,,1.0,PHD,912894293695,,XL,6.0,2013.0,1.0,0
1991.0,Нет,Female,No,,,,36.0,7.0,3.0,1.0,,918752673523,,M,10.0,2014.0,2.0,0
,Да,Female,Yes,,319.0,Близнецы,33.0,6.0,2.0,1.0,Bachelors,913015894394,,S,4.0,2015.0,,1
1993.0,Да,Female,Yes,3.0,319.0,Близнецы,33.0,6.0,2.0,1.0,,913015894394,,,,,2.0,1
,Да,Female,Yes,,,Близнецы,,6.0,,1.0,Bachelors,913015894394,,S,4.0,2015.0,2.0,1
1993.0,Да,Female,,3.0,319.0,,,6.0,2.0,1.0,Bachelors,913015894394,Pune,S,4.0,2015.0,2.0,1
1989.0,Нет,Male,No,3.0,15.0,,,0.0,3.0,1.0,Bachelors,917968365632,New Delhi,M,2.0,,2.0,0
1989.0,,Male,No,3.0,15.0,Близнецы,37.0,,3.0,1.0,Bachelors,917968365632,,,2.0,2016.0,2.0,0
1989.0,Нет,Male,No,3.0,,,37.0,0.0,3.0,1.0,Bachelors,917968365632,New Delhi,,2.0,2016.0,,0
1989.0,Нет,Female,No,4.0,484.0,Лев,38.0,8.0,3.0,1.0,Bachelors,918576967414,Bangalore,,12.0,2015.0,,0
1989.0,Нет,Male,No,2.0,27.0,Дева,,,3.0,1.0,,912349598255,Bangalore,XL,7.0,2013.0,2.0,0
1992.0,Нет,Male,No,0.0,175.0,Рак,35.0,,3.0,0.0,Bachelors,911362134763,Bangalore,,12.0,2017.0,1.0,0
1992.0,Нет,Male,No,0.0,,Рак,,8.0,3.0,0.0,Bachelors,911362134763,,L,12.0,2017.0,1.0,0
1989.0,,Female,,4.0,171.0,Козерог,38.0,6.0,3.0,,Bachelors,918426774316,New Delhi,M,8.0,2013.0,,1
,Да,Female,No,,171.0,Козерог,,6.0,,1.0,,918426774316,,M,8.0,,2.0,1
,,Female,No,4.0,171.0,Козерог,38.0,6.0,3.0,1.0,Bachelors,918426774316,,M,8.0,,2.0,1
1990.0,Да,Female,No,,326.0,,36.0,10.0,3.0,0.0,Bachelors,916466542196,,M,4.0,2018.0,4.0,1
1989.0,,Male,No,3.0,426.0,Стрелец,36.0,0.0,3.0,1.0,,916816554723,New Delhi,,13.0,2013.0,,1
1989.0,Да,Male,No,,426.0,,,0.0,3.0,1.0,,916816554723,New Delhi,XXL,,2013.0,3.0,1
1989.0,Да,,No,3.0,426.0,Стрелец,36.0,0.0,3.0,1.0,PHD,916816554723,,XXL,,2013.0,3.0,1
1986.0,,Male,No,4.0,,Стрелец,41.0,,3.0,0.0,Bachelors,914715341638,Pune,M,9.0,2014.0,1.0,0
1986.0,Нет,Male,No,4.0,225.0,Стрелец,41.0,9.0,3.0,,Bachelors,914715341638,,,,2014.0,1.0,0
,Нет,Male,No,,225.0,Стрелец,41.0,9.0,,0.0,Bachelors,914715341638,Pune,,9.0,2014.0,1.0,0
1986.0,Нет,Male,No,4.0,,Стрелец,41.0,9.0,3.0,0.0,Bachelors,914715341638,Pune,M,9.0,2014.0,1.0,0
1992.0,,Male,Yes,1.0,,Близнецы,35.0,3.0,3.0,1.0,Bachelors,915334787812,Bangalore,M,,2014.0,2.0,0
1992.0,Нет,Male,Yes,1.0,161.0,Близнецы,35.0,3.0,3.0,1.0,Bachelors,915334787812,Bangalore,M,8.0,,,0
1992.0,,,Yes,1.0,,Близнецы,35.0,3.0,3.0,1.0,,915334787812,Bangalore,M,8.0,,2.0,0
1992.0,Нет,Male,Yes,1.0,161.0,Близнецы,35.0,3.0,3.0,1.0,Bachelors,915334787812,Bangalore,M,8.0,,2.0,0
,Нет,Male,No,5.0,439.0,Рак,,3.0,3.0,0.0,Bachelors,913119420260,Bangalore,L,10.0,2017.0,1.0,0
1988.0,Нет,Male,,5.0,439.0,Рак,38.0,3.0,,0.0,,913119420260,Bangalore,L,10.0,2017.0,1.0,0
1985.0,Нет,Female,No,0.0,395.0,Телец,41.0,,,,Bachelors,917177207848,New Delhi,M,9.0,,2.0,0
1993.0,,,No,0.0,240.0,Близнецы,,,,0.0,Bachelors,914118829278,,XXL,14.0,,,0
,Да,,,,470.0,Козерог,,1.0,,0.0,Bachelors,918953903519,Bangalore,M,14.0,2016.0,3.0,1
1988.0,Да,Female,,3.0,,,39.0,1.0,3.0,0.0,Bachelors,918953903519,Bangalore,M,14.0,2016.0,,1
1988.0,Да,Female,No,,470.0,Козерог,39.0,1.0,,,,918953903519,Bangalore,M,,,,1
1988.0,Да,Female,No,,470.0,Козерог,39.0,1.0,3.0,0.0,Bachelors,918953903519,Bangalore,M,14.0,2016.0,3.0,1
,Да,Female,Yes,0.0,,Стрелец,39.0,8.0,2.0,1.0,Bachelors,913906690272,Pune,,14.0,2015.0,3.0,1
1987.0,,Female,,0.0,419.0,Стрелец,39.0,8.0,2.0,1.0,,913906690272,Pune,M,14.0,,3.0,1
1987.0,Да,Female,Yes,0.0,419.0,Стрелец,39.0,,2.0,1.0,,913906690272,,M,14.0,,,1
1987.0,Да,,Yes,,419.0,Стрелец,39.0,8.0,2.0,1.0,,913906690272,Pune,M,14.0,,3.0,1
1987.0,Да,,Yes,0.0,419.0,Стрелец,,8.0,2.0,1.0,Bachelors,913906690272,Pune,M,,2015.0,,1
1992.0,Нет,,No,3.0,490.0,,34.0,7.0,3.0,1.0,Masters,913221733092,New Delhi,XL,2.0,2012.0,4.0,0
1992.0,Нет,Female,No,3.0,490.0,Скорпион,34.0,7.0,,1.0,Masters,913221733092,New Delhi,XL,2.0,,4.0,0
1992.0,,Female,No,,490.0,Скорпион,34.0,7.0,3.0,1.0,Masters,913221733092,,XL,2.0,2012.0,4.0,0
1992.0,Нет,Female,No,3.0,,Скорпион,34.0,7.0,3.0,1.0,,913221733092,New Delhi,XL,2.0,2012.0,4.0,0
,Нет,,No,3.0,490.0,Скорпион,34.0,7.0,3.0,1.0,Masters,913221733092,New Delhi,XL,2.0,2012.0,,0
1987.0,Нет,Male,No,1.0,194.0,Овен,39.0,5.0,,1.0,,915123819790,Bangalore,L,2.0,2015.0,1.0,0
1987.0,Нет,Male,,,194.0,,39.0,,3.0,1.0,Bachelors,915123819790,Bangalore,L,2.0,2015.0,1.0,0
1987.0,Нет,Male,No,,,,39.0,5.0,3.0,1.0,,915123819790,,L,2.0,2015.0,1.0,0
1987.0,Нет,Male,No,1.0,194.0,,39.0,5.0,3.0,1.0,,915123819790,Bangalore,L,2.0,,,0
1996.0,Нет,Female,,2.0,360.0,Весы,31.0,6.0,3.0,,Bachelors,914748430705,Bangalore,XS,12.0,2016.0,4.0,0
1996.0,Нет,Female,No,,360.0,,31.0,,3.0,1.0,Bachelors,914748430705,Bangalore,XS,12.0,2016.0,4.0,0
1996.0,Нет,Female,No,2.0,,Весы,31.0,6.0,3.0,1.0,Bachelors,914748430705,Bangalore,,12.0,,4.0,0
1996.0,Нет,Female,No,,360.0,Весы,,,3.0,1.0,Bachelors,914748430705,Bangalore,XS,12.0,2016.0,4.0,0
1996.0,,,No,2.0,360.0,Весы,31.0,6.0,3.0,1.0,Bachelors,914748430705,Bangalore,XS,12.0,2016.0,,0
1987.0,Нет,Female,No,0.0,309.0,Телец,39.0,10.0,,0.0,Bachelors,917682593352,Bangalore,,5.0,2016.0,5.0,0
,Нет,Female,,,309.0,Телец,39.0,10.0,3.0,0.0,Bachelors,917682593352,,XL,5.0,2016.0,5.0,0
1987.0,Нет,Female,No,0.0,309.0,,39.0,10.0,3.0,,Bachelors,917682593352,Bangalore,XL,5.0,2016.0,,0
1987.0,Нет,Female,No,,,Телец,39.0,,3.0,0.0,Bachelors,917682593352,Bangalore,XL,5.0,2016.0,5.0,0
1996.0,Нет,Female,No,1.0,483.0,Скорпион,31.0,9.0,3.0,,Bachelors,914440158774,Bangalore,M,4.0,2013.0,5.0,0
1996.0,Нет,Female,No,1.0,483.0,Скорпион,31.0,9.0,3.0,1.0,Bachelors,914440158774,Bangalore,M,4.0,2013.0,5.0,0
1996.0,Нет,Female,No,1.0,483.0,Скорпион,31.0,9.0,3.0,1.0,Bachelors,914440158774,,M,4.0,2013.0,5.0,0
1990.0,Нет,Male,No,1.0,329.0,Водолей,36.0,10.0,,0.0,Bachelors,911394327796,Bangalore,L,15.0,,2.0,0
1990.0,Нет,,No,,329.0,Водолей,36.0,10.0,3.0,0.0,Bachelors,911394327796,Bangalore,L,15.0,2012.0,2.0,0
1990.0,Нет,,No,1.0,329.0,Водолей,,10.0,3.0,,Bachelors,911394327796,,L,15.0,,2.0,0
1990.0,Нет,,No,1.0,,Водолей,36.0,10.0,3.0,0.0,Bachelors,911394327796,Bangalore,L,15.0,2012.0,2.0,0
1990.0,Нет,Male,No,0.0,323.0,,37.0,2.0,3.0,,Bachelors,914381702633,New Delhi,M,10.0,2017.0,,0
1990.0,Нет,Male,,0.0,,,,2.0,3.0,1.0,Bachelors,914381702633,New Delhi,,,2017.0,,0
1990.0,Нет,Male,No,0.0,323.0,Скорпион,37.0,2.0,3.0,,,914381702633,New Delhi,M,10.0,2017.0,4.0,0
,Нет,Male,No,0.0,,Скорпион,,2.0,3.0,1.0,Bachelors,914381702633,,M,10.0,,4.0,0
1990.0,,Male,No,0.0,323.0,Скорпион,37.0,2.0,3.0,1.0,Bachelors,914381702633,New Delhi,M,10.0,2017.0,4.0,0
1988.0,Да,,No,1.0,340.0,Весы,38.0,3.0,1.0,0.0,,911519921740,Pune,L,9.0,2015.0,3.0,1
1988.0,Да,,No,1.0,340.0,Весы,38.0,3.0,,,Bachelors,911519921740,Pune,L,9.0,2015.0,3.0,1
1986.0,,Male,,2.0,,,41.0,,,1.0,PHD,919480966304,Pune,M,0.0,2017.0,3.0,0
1986.0,Нет,Male,No,2.0,340.0,Весы,41.0,4.0,3.0,1.0,PHD,919480966304,Pune,M,0.0,2017.0,3.0,0
,Да,Male,No,,426.0,,32.0,,3.0,0.0,Bachelors,918777359333,Bangalore,L,14.0,2018.0,2.0,1
,Да,Male,,4.0,426.0,Дева,,5.0,3.0,0.0,Bachelors,918777359333,Bangalore,,14.0,2018.0,2.0,1
1994.0,Да,Male,No,4.0,,Дева,32.0,5.0,3.0,,Bachelors,918777359333,Bangalore,,14.0,2018.0,2.0,1
,Да,Male,No,4.0,426.0,Дева,,5.0,3.0,0.0,Bachelors,918777359333,Bangalore,L,14.0,2018.0,,1
1991.0,Да,,No,0.0,424.0,Рак,35.0,5.0,3.0,0.0,,919451409085,,XL,,2018.0,2.0,1
1991.0,Да,,No,0.0,424.0,Рак,,5.0,3.0,0.0,Bachelors,919451409085,Pune,XL,7.0,2018.0,2.0,1
,Нет,Male,No,1.0,285.0,Стрелец,35.0,1.0,3.0,1.0,,916561778074,Bangalore,M,1.0,2017.0,,0
1990.0,Нет,Male,No,,285.0,Стрелец,35.0,1.0,3.0,1.0,,916561778074,,M,1.0,,5.0,0
1990.0,,Male,No,,285.0,Стрелец,35.0,1.0,,1.0,Bachelors,916561778074,Bangalore,M,1.0,2017.0,5.0,0
1990.0,,,No,1.0,285.0,Стрелец,35.0,1.0,3.0,1.0,Bachelors,916561778074,Bangalore,M,1.0,2017.0,5.0,0
1995.0,,Male,No,1.0,270.0,Водолей,31.0,9.0,3.0,1.0,,911094044908,Bangalore,M,,2015.0,,1
1995.0,Да,Male,,1.0,270.0,Водолей,31.0,9.0,3.0,,Bachelors,911094044908,Bangalore,M,,2015.0,2.0,1
1995.0,Да,Male,No,1.0,270.0,Водолей,31.0,9.0,3.0,1.0,Bachelors,911094044908,Bangalore,M,15.0,2015.0,2.0,1
1986.0,,Male,No,4.0,,Овен,41.0,,3.0,1.0,Bachelors,919484749326,Bangalore,,4.0,2015.0,5.0,0
1986.0,Нет,Male,No,4.0,125.0,Овен,41.0,4.0,3.0,1.0,Bachelors,919484749326,Bangalore,M,4.0,,5.0,0
1992.0,Нет,Male,Yes,0.0,469.0,Скорпион,33.0,,,1.0,,916564623008,Bangalore,M,10.0,2012.0,2.0,0
,Нет,Male,Yes,0.0,469.0,,33.0,,,1.0,Bachelors,916564623008,,M,,2012.0,2.0,0
,Нет,Male,Yes,0.0,,,,2.0,3.0,1.0,,916564623008,Bangalore,,10.0,2012.0,2.0,0
1992.0,Нет,Male,Yes,0.0,,Скорпион,33.0,,3.0,1.0,Bachelors,916564623008,Bangalore,,10.0,,,0
1992.0,,Male,Yes,0.0,469.0,Скорпион,33.0,2.0,3.0,1.0,Bachelors,916564623008,Bangalore,M,,2012.0,,0
,Да,,,1.0,,Лев,,0.0,2.0,1.0,,912995344177,,M,12.0,,3.0,1
1988.0,Да,Female,,,125.0,Лев,38.0,0.0,2.0,,Bachelors,912995344177,New Delhi,,12.0,,3.0,1
1988.0,Да,Female,No,1.0,125.0,,38.0,,2.0,1.0,Bachelors,912995344177,New Delhi,,,,3.0,1
1986.0,Да,Female,,3.0,112.0,Стрелец,39.0,,3.0,0.0,,916455897248,Bangalore,M,,2012.0,3.0,1
1991.0,Нет,,,2.0,467.0,Лев,36.0,,,0.0,,911304889941,Bangalore,,15.0,2015.0,1.0,0
1995.0,,,No,5.0,,Стрелец,31.0,6.0,2.0,1.0,Masters,911678297576,Bangalore,L,14.0,2017.0,4.0,0
1987.0,Нет,Female,No,2.0,111.0,Скорпион,,8.0,2.0,1.0,,918698661193,New Delhi,,14.0,2017.0,3.0,1
1987.0,Нет,Female,No,,111.0,Скорпион,39.0,8.0,2.0,,,918698661193,New Delhi,S,,2017.0,3.0,1
1985.0,Да,Male,No,3.0,,Близнецы,41.0,3.0,3.0,,Masters,913113897370,New Delhi,L,,,,1
1985.0,,Male,No,3.0,130.0,Близнецы,41.0,3.0,3.0,1.0,Masters,913113897370,,,,2017.0,3.0,1
1985.0,Да,Male,No,3.0,130.0,Близнецы,41.0,3.0,3.0,,Masters,913113897370,New Delhi,,1.0,2017.0,3.0,1
1993.0,Да,Female,No,0.0,178.0,Весы,33.0,9.0,3.0,0.0,PHD,916314800448,New Delhi,S,12.0,2018.0,,1
1989.0,Нет,Male,No,1.0,279.0,,38.0,10.0,3.0,0.0,Bachelors,918809632141,Bangalore,S,7.0,2015.0,,0
1989.0,,,No,,279.0,Рыбы,38.0,10.0,3.0,0.0,Bachelors,918809632141,Bangalore,S,7.0,2015.0,,0
1994.0,Нет,,,0.0,309.0,,,9.0,2.0,,Bachelors,919417732179,Pune,L,7.0,,1.0,0
1993.0,Нет,Male,No,,243.0,Стрелец,34.0,1.0,3.0,,Bachelors,913677552840,Bangalore,,1.0,2014.0,,0
1993.0,Нет,Male,No,4.0,243.0,Стрелец,,1.0,,0.0,Bachelors,913677552840,Bangalore,S,1.0,2014.0,3.0,0
1993.0,Нет,Male,No,,243.0,Стрелец,34.0,1.0,,0.0,Bachelors,913677552840,Bangalore,,1.0,2014.0,3.0,0
1993.0,Нет,,No,4.0,243.0,Стрелец,34.0,,3.0,,,913677552840,Bangalore,S,1.0,,,0
,Нет,Male,No,2.0,86.0,Дева,40.0,1.0,3.0,0.0,Bachelors,919400102158,Bangalore,M,,2017.0,1.0,0
1985.0,Нет,Male,,,86.0,,40.0,,3.0,,Bachelors,919400102158,Bangalore,M,9.0,,,0
1985.0,,Male,No,2.0,86.0,,40.0,1.0,3.0,,Bachelors,919400102158,Bangalore,,9.0,2017.0,1.0,0
1991.0,Нет,Female,No,,294.0,Стрелец,36.0,1.0,3.0,0.0,,912005483095,Bangalore,L,7.0,2015.0,1.0,0
,,Female,No,2.0,,Стрелец,36.0,1.0,3.0,0.0,Bachelors,912005483095,Bangalore,L,7.0,,1.0,0
1991.0,Нет,Female,,2.0,294.0,Стрелец,36.0,1.0,3.0,0.0,Bachelors,912005483095,Bangalore,,7.0,2015.0,1.0,0
1985.0,,Female,No,,181.0,Рак,41.0,10.0,2.0,1.0,Bachelors,911293707858,New Delhi,M,15.0,2017.0,1.0,0
1985.0,Нет,Female,,4.0,181.0,Рак,41.0,,2.0,,Bachelors,911293707858,,M,15.0,2017.0,,0
1985.0,Нет,Female,No,,181.0,Рак,41.0,10.0,2.0,1.0,Bachelors,911293707858,New Delhi,M,15.0,2017.0,1.0,0
1985.0,,Female,,4.0,181.0,Рак,,10.0,2.0,1.0,Bachelors,911293707858,New Delhi,,15.0,,1.0,0
1985.0,Нет,Female,,4.0,181.0,Рак,41.0,,2.0,1.0,,911293707858,,M,15.0,2017.0,1.0,0
,Нет,,No,3.0,126.0,Скорпион,37.0,2.0,,0.0,Bachelors,917193642738,Bangalore,L,,2017.0,4.0,0
1989.0,,Male,No,3.0,126.0,Скорпион,,2.0,3.0,0.0,Bachelors,917193642738,Bangalore,L,5.0,2017.0,4.0,0
1989.0,Нет,Male,No,,126.0,Скорпион,37.0,2.0,3.0,0.0,Bachelors,917193642738,Bangalore,L,5.0,2017.0,4.0,0
1993.0,Нет,Male,,5.0,429.0,Рыбы,33.0,1.0,3.0,0.0,Bachelors,919156738829,New Delhi,XL,,,2.0,0
1993.0,Нет,,,5.0,429.0,Рыбы,,1.0,3.0,0.0,,919156738829,,XL,,,2.0,0
1986.0,Нет,Female,No,4.0,443.0,,41.0,,3.0,1.0,Bachelors,912065367462,New Delhi,M,11.0,2017.0,2.0,0
1986.0,Нет,Female,No,,443.0,Рыбы,41.0,5.0,3.0,1.0,Bachelors,912065367462,New Delhi,M,11.0,2017.0,2.0,0
1986.0,Нет,,No,4.0,,Рыбы,41.0,5.0,,1.0,Bachelors,912065367462,New Delhi,M,11.0,2017.0,2.0,0
1986.0,Нет,Female,No,,443.0,Рыбы,41.0,5.0,3.0,1.0,Bachelors,912065367462,New Delhi,M,11.0,2017.0,2.0,0
1986.0,Нет,Female,,,443.0,Рыбы,,5.0,,1.0,,912065367462,New Delhi,M,11.0,2017.0,2.0,0
1988.0,Нет,Female,No,2.0,184.0,Стрелец,37.0,,3.0,1.0,,916342195648,Bangalore,,5.0,2017.0,2.0,0
1988.0,,,No,2.0,184.0,Стрелец,,10.0,3.0,1.0,Bachelors,916342195648,Bangalore,S,,2017.0,2.0,0
1988.0,Нет,,,2.0,,Стрелец,,10.0,3.0,1.0,Bachelors,916342195648,,S,5.0,,2.0,0
1987.0,Нет,Male,Yes,5.0,295.0,,38.0,4.0,3.0,1.0,Bachelors,918793824107,Pune,M,14.0,2017.0,,0
1987.0,,Male,Yes,5.0,295.0,Телец,,4.0,3.0,1.0,Bachelors,918793824107,Pune,M,14.0,2017.0,3.0,0
1987.0,Нет,Male,Yes,5.0,295.0,Телец,38.0,,,1.0,Bachelors,918793824107,Pune,M,14.0,,3.0,0
,Нет,Male,Yes,,,Телец,38.0,4.0,3.0,1.0,Bachelors,918793824107,Pune,,14.0,2017.0,3.0,0
1987.0,Нет,Male,Yes,,295.0,Телец,38.0,4.0,,,Bachelors,918793824107,,M,14.0,2017.0,3.0,0
1991.0,Да,Male,,2.0,446.0,Стрелец,34.0,8.0,3.0,0.0,Bachelors,918881369284,Bangalore,XL,5.0,2015.0,1.0,1
1991.0,,Male,No,2.0,,Стрелец,34.0,8.0,,0.0,Bachelors,918881369284,Bangalore,XL,5.0,2015.0,1.0,1
,Да,Male,No,2.0,446.0,Стрелец,34.0,8.0,3.0,0.0,Bachelors,918881369284,Bangalore,XL,5.0,2015.0,1.0,1
1991.0,,Male,No,2.0,446.0,Стрелец,34.0,8.0,3.0,0.0,Bachelors,918881369284,Bangalore,,5.0,,1.0,1
,Нет,Female,No,0.0,100.0,Телец,37.0,,3.0,,Bachelors,914461751848,Pune,,15.0,2017.0,1.0,0
1990.0,Нет,Female,No,,100.0,,37.0,0.0,3.0,1.0,,914461751848,Pune,,15.0,2017.0,1.0,0
1990.0,Нет,,,0.0,,,37.0,0.0,,1.0,Bachelors,914461751848,,,15.0,2017.0,1.0,0
,Нет,Female,No,0.0,100.0,,37.0,0.0,,,Bachelors,914461751848,Pune,S,,,1.0,0
,Нет,,No,0.0,100.0,Телец,37.0,0.0,3.0,,,914461751848,,S,15.0,2017.0,,0
1992.0,,Male,No,0.0,320.0,Весы,34.0,0.0,3.0,1.0,,915662681651,Bangalore,L,1.0,,5.0,1
1992.0,Да,Male,,,320.0,,34.0,,3.0,1.0,Bachelors,915662681651,,L,1.0,2014.0,,1
1995.0,Нет,,No,1.0,468.0,Рыбы,32.0,,3.0,0.0,Bachelors,918650292782,Pune,M,,2012.0,2.0,0
1995.0,,Male,No,1.0,468.0,,32.0,5.0,3.0,0.0,Bachelors,918650292782,Pune,M,,2012.0,2.0,0
1995.0,Нет,Male,No,1.0,468.0,Рыбы,32.0,5.0,3.0,0.0,Bachelors,918650292782,Pune,M,14.0,2012.0,2.0,0
1995.0,,Male,,1.0,468.0,Рыбы,,5.0,3.0,,Bachelors,918650292782,Pune,M,,2012.0,2.0,0
1991.0,Да,Female,No,4.0,,Стрелец,,7.0,3.0,0.0,Masters,918096214064,,XL,13.0,2012.0,4.0,1
1991.0,,Female,No,4.0,274.0,,35.0,7.0,3.0,0.0,Masters,918096214064,New Delhi,XL,13.0,2012.0,,1
,Да,,,4.0,274.0,Стрелец,35.0,7.0,,0.0,Masters,918096214064,New Delhi,XL,13.0,2012.0,4.0,1
1991.0,Нет,Male,No,3.0,323.0,Рак,36.0,6.0,3.0,1.0,,913845006092,Pune,,8.0,2013.0,,0
1993.0,Нет,Female,No,2.0,413.0,Близнецы,,,,0.0,Bachelors,914627716773,Bangalore,,,2015.0,2.0,0
1993.0,Нет,Female,,,413.0,Близнецы,34.0,3.0,,0.0,Bachelors,914627716773,,M,,2015.0,,0
1989.0,Нет,Female,No,3.0,,,,3.0,3.0,1.0,Bachelors,916070919170,Bangalore,S,11.0,2014.0,,0
1985.0,Нет,Female,Yes,4.0,93.0,Весы,40.0,2.0,,0.0,Bachelors,912467915918,Bangalore,,15.0,2016.0,5.0,0
1985.0,Нет,Female,,4.0,,Весы,40.0,2.0,3.0,,,912467915918,Bangalore,XS,15.0,2016.0,5.0,0
1985.0,Нет,Female,Yes,4.0,93.0,Весы,40.0,2.0,3.0,0.0,Bachelors,912467915918,Bangalore,XS,15.0,2016.0,,0
1985.0,Нет,Female,Yes,4.0,,Весы,40.0,2.0,3.0,0.0,,912467915918,Bangalore,XS,15.0,2016.0,5.0,0
1993.0,Нет,Male,No,4.0,188.0,Весы,33.0,,3.0,,,918607022605,Pune,XXL,,2014.0,5.0,0
1993.0,Нет,Male,No,,188.0,Весы,33.0,,,0.0,Bachelors,918607022605,,XXL,2.0,2014.0,5.0,0
1993.0,Нет,Male,,4.0,,Весы,33.0,4.0,3.0,,,918607022605,Pune,XXL,2.0,2014.0,5.0,0
1993.0,Нет,Male,No,,188.0,Весы,33.0,4.0,3.0,0.0,Bachelors,918607022605,Pune,XXL,2.0,2014.0,5.0,0
1987.0,Нет,Female,No,,362.0,Рак,39.0,2.0,3.0,0.0,,917711321365,Bangalore,M,3.0,2016.0,2.0,0
1987.0,Нет,,,4.0,362.0,,39.0,,,0.0,Bachelors,917711321365,,,,2016.0,2.0,0
1991.0,,Male,,4.0,462.0,Рыбы,,10.0,1.0,0.0,Bachelors,918366985708,Bangalore,S,10.0,2013.0,5.0,1
1995.0,Нет,Male,No,5.0,,Водолей,32.0,,3.0,,PHD,918580925322,Bangalore,L,6.0,2013.0,,0
,Нет,Male,,5.0,175.0,Водолей,32.0,10.0,3.0,1.0,PHD,918580925322,Bangalore,,6.0,2013.0,4.0,0
1995.0,,Male,No,5.0,175.0,Водолей,32.0,10.0,3.0,,PHD,918580925322,Bangalore,L,6.0,2013.0,4.0,0
1995.0,Нет,Male,No,5.0,175.0,Водолей,32.0,,3.0,1.0,PHD,918580925322,Bangalore,L,,2013.0,4.0,0
1995.0,,Male,,5.0,175.0,Водолей,32.0,10.0,3.0,1.0,PHD,918580925322,Bangalore,L,6.0,2013.0,4.0,0
1996.0,Да,Female,No,,,Близнецы,31.0,5.0,1.0,1.0,Bachelors,912564514604,New Delhi,M,,2017.0,,1
,Нет,Female,No,4.0,,Лев,,8.0,3.0,1.0,Masters,915717435134,,M,4.0,2016.0,,0
1984.0,Нет,Female,No,4.0,375.0,,41.0,8.0,3.0,1.0,Masters,915717435134,New Delhi,M,4.0,,4.0,0
1984.0,Нет,Female,No,4.0,375.0,,41.0,8.0,3.0,1.0,Masters,915717435134,New Delhi,M,4.0,2016.0,4.0,0
1984.0,Нет,Female,No,4.0,,Лев,41.0,8.0,3.0,1.0,Masters,915717435134,New Delhi,M,4.0,,4.0,0
1988.0,Нет,Male,,7.0,108.0,Водолей,39.0,0.0,3.0,1.0,Bachelors,915423646840,Bangalore,,4.0,,4.0,0
,,,,,108.0,Водолей,,0.0,,1.0,Bachelors,915423646840,Bangalore,S,4.0,,4.0,0
1988.0,Нет,,No,,108.0,Водолей,39.0,0.0,3.0,,Bachelors,915423646840,Bangalore,S,4.0,2016.0,4.0,0
1988.0,Нет,,,7.0,,Водолей,39.0,0.0,3.0,1.0,Bachelors,915423646840,Bangalore,S,,,,0
1991.0,Нет,,No,5.0,,Рак,35.0,5.0,,1.0,Bachelors,911237720538,,,9.0,,4.0,0
1991.0,,Male,No,5.0,1.0,Рак,,5.0,,1.0,Bachelors,911237720538,,XL,9.0,2014.0,,0
,Нет,Female,No,,,Рыбы,38.0,9.0,3.0,0.0,Bachelors,913262163409,Pune,M,,2016.0,1.0,0
1988.0,Нет,Female,No,7.0,295.0,Рыбы,38.0,9.0,3.0,0.0,,913262163409,,M,5.0,2016.0,,0
1994.0,,Male,No,6.0,310.0,Водолей,,2.0,3.0,0.0,Bachelors,919395114960,Bangalore,S,,2016.0,2.0,0
1994.0,Нет,Male,,,,,33.0,2.0,3.0,0.0,Bachelors,919395114960,Bangalore,S,,,,0
1994.0,Нет,Male,No,,310.0,Водолей,33.0,,,0.0,Bachelors,919395114960,Bangalore,S,5.0,2016.0,2.0,0
1994.0,Нет,Male,No,6.0,310.0,Водолей,33.0,2.0,3.0,0.0,Bachelors,919395114960,Bangalore,,5.0,2016.0,2.0,0
1993.0,Нет,,,6.0,,Телец,33.0,,3.0,0.0,Bachelors,911393589852,Pune,M,0.0,2014.0,2.0,0
1993.0,Нет,Male,No,6.0,46.0,Телец,33.0,10.0,3.0,,,911393589852,,M,0.0,2014.0,2.0,0
1993.0,,,No,6.0,46.0,Телец,33.0,,3.0,,Bachelors,911393589852,Pune,M,0.0,2014.0,2.0,0
1990.0,,Male,,5.0,296.0,Рыбы,35.0,,3.0,0.0,Bachelors,914443165111,Bangalore,M,15.0,2012.0,,0
1990.0,Нет,Male,No,5.0,,Рыбы,35.0,7.0,,,Bachelors,914443165111,Bangalore,M,15.0,,4.0,0
1990.0,Нет,,No,5.0,296.0,Рыбы,35.0,7.0,3.0,0.0,Bachelors,914443165111,Bangalore,M,15.0,,4.0,0
1985.0,Нет,Male,,5.0,247.0,Дева,40.0,,3.0,0.0,PHD,919920810512,,,7.0,2013.0,5.0,0
,Нет,Female,No,,20.0,Весы,40.0,,3.0,0.0,Bachelors,919337328544,,M,,,1.0,0
1985.0,Нет,Female,,5.0,20.0,Весы,40.0,2.0,,0.0,Bachelors,919337328544,Bangalore,M,,,1.0,0
1985.0,Нет,,No,,20.0,Весы,40.0,2.0,3.0,0.0,Bachelors,919337328544,Bangalore,M,9.0,2012.0,1.0,0
1985.0,Нет,Female,No,5.0,20.0,Весы,40.0,,3.0,0.0,Bachelors,919337328544,Bangalore,M,9.0,2012.0,1.0,0
,Нет,Female,No,5.0,20.0,,,2.0,3.0,0.0,Bachelors,919337328544,,M,9.0,2012.0,,0
1988.0,Нет,,No,5.0,419.0,Скорпион,39.0,3.0,3.0,0.0,,916142546819,Bangalore,L,,2017.0,2.0,0
,,,No,5.0,419.0,,39.0,,,0.0,,916142546819,Bangalore,L,4.0,2017.0,2.0,0
1988.0,Нет,Male,No,5.0,419.0,Скорпион,39.0,3.0,3.0,,Bachelors,916142546819,Bangalore,L,4.0,2017.0,2.0,0
1988.0,,Male,No,5.0,419.0,,39.0,,3.0,0.0,,916142546819,,L,,2017.0,2.0,0
1988.0,,Male,No,5.0,419.0,,,3.0,3.0,,Bachelors,916142546819,,L,4.0,2017.0,2.0,0
1993.0,Нет,Female,No,6.0,349.0,Рыбы,33.0,,3.0,1.0,Bachelors,914716132548,Bangalore,M,5.0,2017.0,3.0,0
,Нет,Female,No,6.0,349.0,Рыбы,33.0,8.0,3.0,1.0,Bachelors,914716132548,,,5.0,2017.0,3.0,0
1993.0,Нет,Female,No,6.0,349.0,Рыбы,33.0,8.0,,1.0,Bachelors,914716132548,Bangalore,M,5.0,2017.0,3.0,0
,Нет,Female,No,6.0,349.0,,33.0,8.0,3.0,1.0,Bachelors,914716132548,,M,,2017.0,3.0,0
,Нет,Female,No,,349.0,Рыбы,33.0,,,1.0,Bachelors,914716132548,Bangalore,M,5.0,2017.0,3.0,0
1994.0,,Female,No,5.0,330.0,Телец,32.0,2.0,3.0,1.0,Bachelors,913856244836,Bangalore,L,,2014.0,4.0,0
1994.0,Нет,,No,5.0,330.0,Телец,,2.0,,1.0,Bachelors,913856244836,Bangalore,L,12.0,,,0
,Да,Female,No,7.0,498.0,Весы,40.0,4.0,3.0,1.0,Masters,911279605471,Bangalore,L,5.0,,5.0,1
1986.0,Да,Female,No,7.0,498.0,Весы,40.0,,3.0,,Masters,911279605471,Bangalore,,5.0,2014.0,5.0,1
1993.0,Нет,Male,No,6.0,314.0,Рак,,,2.0,1.0,,912811819050,New Delhi,L,2.0,2017.0,,0
1993.0,Нет,Male,No,6.0,314.0,Рак,,,,,,912811819050,New Delhi,L,2.0,2017.0,2.0,0
1993.0,Нет,,No,6.0,,Рак,33.0,6.0,2.0,1.0,Bachelors,912811819050,New Delhi,L,2.0,2017.0,2.0,0
1996.0,,,No,5.0,279.0,Рыбы,31.0,2.0,1.0,0.0,Masters,913076859647,New Delhi,,12.0,2016.0,,1
1996.0,Да,Female,No,5.0,279.0,Рыбы,31.0,2.0,1.0,0.0,Masters,913076859647,New Delhi,,12.0,2016.0,,1
1996.0,Да,Female,,5.0,279.0,Рыбы,31.0,2.0,1.0,0.0,Masters,913076859647,New Delhi,M,12.0,2016.0,,1
1991.0,,Female,No,,300.0,Рак,35.0,10.0,3.0,1.0,Bachelors,912278226373,Bangalore,S,14.0,2013.0,5.0,0
,Да,Male,,7.0,,,39.0,4.0,3.0,1.0,Bachelors,917691862187,Bangalore,L,3.0,,1.0,1
1987.0,,Male,No,7.0,,,39.0,4.0,3.0,1.0,Bachelors,917691862187,Bangalore,L,3.0,2014.0,1.0,1
1987.0,Да,Male,No,7.0,497.0,Телец,39.0,4.0,,1.0,Bachelors,917691862187,Bangalore,,3.0,,1.0,1
,Да,,No,,423.0,Козерог,39.0,7.0,3.0,0.0,Masters,914333250905,Bangalore,,4.0,2018.0,2.0,1
,Да,Female,,6.0,423.0,Козерог,39.0,7.0,3.0,0.0,Masters,914333250905,,S,,2018.0,,1
1986.0,Да,Female,No,6.0,423.0,Козерог,39.0,,3.0,,Masters,914333250905,Bangalore,,4.0,2018.0,2.0,1
1986.0,Да,Female,No,,,,39.0,7.0,3.0,0.0,Masters,914333250905,Bangalore,S,4.0,2018.0,2.0,1
,,Female,No,6.0,423.0,Козерог,39.0,7.0,3.0,0.0,Masters,914333250905,Bangalore,,,2018.0,,1
1987.0,Нет,,,2.0,93.0,,38.0,7.0,2.0,0.0,Masters,917768320127,Pune,M,8.0,,1.0,0
1987.0,Нет,Female,No,2.0,93.0,Рыбы,38.0,7.0,2.0,0.0,Masters,917768320127,Pune,M,8.0,,,0
,,Female,No,2.0,,,38.0,,2.0,0.0,Masters,917768320127,Pune,,8.0,2017.0,1.0,0
1987.0,Нет,Female,,2.0,93.0,Рыбы,,,2.0,0.0,,917768320127,Pune,,8.0,2017.0,1.0,0
1987.0,Нет,Female,No,2.0,93.0,,38.0,7.0,2.0,0.0,Masters,917768320127,Pune,,8.0,2017.0,1.0,0
1989.0,Да,,No,7.0,280.0,Телец,38.0,2.0,3.0,0.0,Bachelors,916044029552,Bangalore,L,7.0,,4.0,1
1986.0,Нет,Female,Yes,2.0,,,40.0,2.0,2.0,0.0,Masters,918523589887,,M,15.0,2017.0,1.0,0
1986.0,Нет,Female,Yes,2.0,282.0,Рак,,2.0,2.0,,,918523589887,New Delhi,M,15.0,2017.0,,0
1986.0,Нет,,Yes,,282.0,Рак,40.0,2.0,2.0,0.0,Masters,918523589887,New Delhi,M,15.0,,,0
1986.0,,Female,Yes,2.0,,Рак,,2.0,2.0,0.0,Masters,918523589887,New Delhi,M,15.0,,1.0,0
1989.0,Да,Male,No,,450.0,,38.0,7.0,,1.0,Bachelors,915829132035,Bangalore,S,,2018.0,3.0,1
1991.0,Нет,Male,No,,295.0,,,,3.0,1.0,,917770018478,,L,11.0,2013.0,2.0,0
,Нет,,No,7.0,68.0,Лев,35.0,0.0,1.0,,Bachelors,911114735235,,,11.0,2012.0,5.0,0
1992.0,,Male,No,,68.0,Лев,35.0,0.0,1.0,1.0,Bachelors,911114735235,Bangalore,,,2012.0,,0
1992.0,Нет,Male,No,7.0,68.0,Лев,35.0,,1.0,1.0,,911114735235,,,11.0,2012.0,,0
1992.0,,Male,No,7.0,68.0,Лев,,0.0,1.0,1.0,Bachelors,911114735235,Bangalore,L,11.0,2012.0,5.0,0
1992.0,,Male,,7.0,68.0,Лев,35.0,,,1.0,Bachelors,911114735235,Bangalore,L,11.0,2012.0,5.0,0
1985.0,,,,5.0,220.0,,41.0,10.0,,0.0,Masters,914156237483,New Delhi,,9.0,2013.0,3.0,0
1985.0,Нет,Male,No,5.0,,Близнецы,41.0,10.0,1.0,,,914156237483,New Delhi,L,9.0,2013.0,3.0,0
1985.0,Нет,Male,No,5.0,220.0,Близнецы,41.0,10.0,1.0,,Masters,914156237483,New Delhi,L,9.0,2013.0,3.0,0
1985.0,Нет,Male,No,5.0,220.0,Близнецы,41.0,10.0,1.0,0.0,Masters,914156237483,New Delhi,L,9.0,2013.0,,0
1989.0,Нет,Female,No,5.0,165.0,Дева,37.0,5.0,2.0,,PHD,911957807570,New Delhi,M,9.0,2014.0,1.0,0
1989.0,Нет,Female,No,5.0,,Дева,37.0,5.0,2.0,0.0,PHD,911957807570,,,9.0,2014.0,1.0,0
,Нет,Female,No,5.0,165.0,,,,2.0,0.0,PHD,911957807570,New Delhi,M,9.0,,,0
1989.0,Нет,Female,No,5.0,,Дева,37.0,5.0,2.0,0.0,,911957807570,New Delhi,M,9.0,2014.0,1.0,0
1989.0,Нет,Female,No,5.0,165.0,Дева,,5.0,,0.0,PHD,911957807570,New Delhi,M,9.0,2014.0,,0
1992.0,,Male,Yes,7.0,,,34.0,5.0,3.0,0.0,Bachelors,917899455461,Pune,S,5.0,,,0
1992.0,Нет,Male,Yes,5.0,368.0,Дева,35.0,5.0,3.0,0.0,Bachelors,914583093432,Bangalore,S,3.0,2014.0,4.0,0
1987.0,,Male,No,6.0,299.0,Близнецы,38.0,3.0,1.0,1.0,Bachelors,915400806639,Bangalore,M,5.0,2013.0,3.0,0
1987.0,Нет,Male,No,6.0,299.0,,,3.0,1.0,1.0,Bachelors,915400806639,Bangalore,,5.0,2013.0,3.0,0
1987.0,Нет,Male,No,6.0,299.0,Близнецы,38.0,3.0,1.0,1.0,Bachelors,915400806639,,M,,2013.0,3.0,0
,Нет,Female,,,302.0,Дева,38.0,1.0,3.0,0.0,Bachelors,918116406090,Bangalore,XS,10.0,,2.0,0
,Нет,Female,No,7.0,,Дева,38.0,1.0,3.0,0.0,Bachelors,918116406090,Bangalore,,10.0,2016.0,,0
1988.0,Нет,Female,No,7.0,,Дева,,1.0,3.0,0.0,Bachelors,918116406090,Bangalore,XS,,2016.0,2.0,0
1988.0,Нет,Female,No,7.0,302.0,,38.0,,3.0,,Bachelors,918116406090,Bangalore,,,2016.0,,0
1988.0,Нет,Female,,,,Дева,38.0,1.0,3.0,0.0,,918116406090,Bangalore,XS,10.0,2016.0,2.0,0
,Нет,,No,7.0,154.0,Овен,41.0,4.0,2.0,0.0,,918295437875,,M,13.0,2015.0,2.0,0
1992.0,Да,Male,No,5.0,,Стрелец,34.0,5.0,3.0,0.0,,918943800031,Bangalore,L,12.0,2018.0,3.0,1
,Нет,Male,No,0.0,183.0,Овен,,1.0,2.0,1.0,Bachelors,913322795841,Pune,,,2017.0,3.0,0
,,Male,No,,,Овен,22.0,1.0,2.0,,,913322795841,Pune,L,7.0,2017.0,3.0,0
2005.0,Нет,Male,No,0.0,183.0,Овен,22.0,1.0,2.0,1.0,Bachelors,913322795841,Pune,L,7.0,2017.0,3.0,0
2005.0,Нет,Male,,0.0,183.0,Овен,22.0,1.0,2.0,,Bachelors,913322795841,Pune,L,7.0,2017.0,3.0,0
2005.0,,,No,,183.0,Овен,,1.0,2.0,,Bachelors,913322795841,Pune,,7.0,2017.0,3.0,0
1999.0,Да,Female,No,4.0,395.0,Скорпион,26.0,1.0,,0.0,Bachelors,918657478907,Bangalore,,0.0,,1.0,1
1999.0,,,No,4.0,395.0,Скорпион,26.0,1.0,2.0,0.0,Bachelors,918657478907,Bangalore,XS,0.0,2018.0,1.0,1
1999.0,Да,Female,No,4.0,,Скорпион,26.0,,2.0,0.0,,918657478907,Bangalore,XS,0.0,2018.0,1.0,1
1999.0,Да,Female,No,4.0,395.0,Скорпион,26.0,,2.0,0.0,Bachelors,918657478907,Bangalore,XS,0.0,2018.0,1.0,1
1999.0,Да,,No,4.0,395.0,,26.0,,,0.0,Bachelors,918657478907,,XS,0.0,2018.0,,1
2005.0,Нет,Male,No,0.0,373.0,Телец,22.0,7.0,3.0,0.0,Bachelors,916116935171,Bangalore,,10.0,2012.0,1.0,0
2005.0,,Male,No,0.0,,,22.0,7.0,,0.0,,916116935171,Bangalore,XL,10.0,,1.0,0
2005.0,,Male,No,,373.0,Телец,22.0,,3.0,0.0,Bachelors,916116935171,Bangalore,XL,10.0,2012.0,,0
2005.0,Нет,Male,,0.0,373.0,,22.0,7.0,3.0,0.0,Bachelors,916116935171,,XL,,2012.0,,0
1997.0,Нет,Male,No,0.0,100.0,,,,3.0,1.0,,918073852155,Bangalore,,13.0,2016.0,2.0,0
1997.0,Нет,,No,,100.0,Близнецы,,2.0,,1.0,Bachelors,918073852155,Bangalore,M,13.0,2016.0,2.0,0
1997.0,Нет,,No,,100.0,Близнецы,29.0,2.0,3.0,1.0,Bachelors,918073852155,,M,13.0,2016.0,,0
1997.0,Нет,,,0.0,100.0,Близнецы,29.0,2.0,,1.0,,918073852155,Bangalore,,13.0,2016.0,2.0,0
,Нет,Female,No,0.0,223.0,,36.0,2.0,3.0,0.0,Bachelors,919893736057,New Delhi,S,,,2.0,0
1991.0,Нет,Female,No,0.0,223.0,Лев,36.0,2.0,3.0,0.0,Bachelors,919893736057,New Delhi,S,6.0,2017.0,2.0,0
1991.0,Нет,Female,No,,,,36.0,,3.0,,Bachelors,919893736057,New Delhi,S,6.0,2017.0,2.0,0
,,,,0.0,223.0,Лев,36.0,2.0,3.0,,Bachelors,919893736057,New Delhi,S,6.0,2017.0,2.0,0
1991.0,Нет,Female,No,0.0,223.0,,36.0,,,0.0,Bachelors,919893736057,New Delhi,S,,2017.0,2.0,0
1989.0,Нет,Female,No,1.0,234.0,,,,3.0,1.0,Bachelors,912337574477,,S,,2014.0,1.0,0
1989.0,Нет,Female,No,1.0,234.0,Рак,37.0,0.0,3.0,1.0,Bachelors,912337574477,Bangalore,,,2014.0,1.0,0
1989.0,,Female,No,1.0,,Рак,37.0,,3.0,1.0,Bachelors,912337574477,Bangalore,S,9.0,2014.0,1.0,0
1989.0,Нет,,,1.0,,Рак,37.0,0.0,,1.0,Bachelors,912337574477,Bangalore,S,9.0,2014.0,1.0,0
1991.0,Да,Female,No,4.0,322.0,Овен,34.0,9.0,2.0,1.0,Bachelors,919719368863,,S,8.0,2013.0,1.0,1
,Да,,No,4.0,322.0,Овен,34.0,9.0,2.0,1.0,,919719368863,New Delhi,S,8.0,2013.0,1.0,1
,Да,,No,,439.0,Дева,34.0,9.0,3.0,,,916995636669,Pune,M,9.0,2012.0,1.0,1
,Да,Female,,3.0,50.0,,25.0,5.0,3.0,0.0,,919956357104,,,,2012.0,1.0,1
,Нет,Male,No,0.0,394.0,Стрелец,31.0,7.0,3.0,,Bachelors,912169455687,Bangalore,L,,2012.0,1.0,0
1996.0,Нет,Male,,0.0,,Стрелец,31.0,7.0,3.0,0.0,Bachelors,912169455687,,L,,2012.0,1.0,0
1996.0,Нет,Male,,0.0,394.0,Стрелец,31.0,7.0,3.0,,,912169455687,Bangalore,L,3.0,2012.0,1.0,0
1990.0,Нет,Female,No,2.0,226.0,Козерог,36.0,,3.0,,Bachelors,916666384331,New Delhi,,4.0,2015.0,,0
1990.0,,Female,,,226.0,Козерог,36.0,7.0,3.0,0.0,,916666384331,New Delhi,,4.0,2015.0,,0
1990.0,Нет,,No,2.0,,Козерог,36.0,7.0,3.0,0.0,,916666384331,New Delhi,M,,2015.0,3.0,0
,,Female,No,2.0,226.0,Козерог,36.0,7.0,3.0,0.0,Bachelors,916666384331,New Delhi,M,4.0,2015.0,3.0,0
1994.0,Нет,Male,Yes,5.0,338.0,Скорпион,31.0,7.0,3.0,1.0,,919242316000,,L,,2016.0,,0
,Нет,Male,Yes,5.0,,Скорпион,31.0,7.0,3.0,1.0,Bachelors,919242316000,Bangalore,L,3.0,2016.0,2.0,0
1994.0,,,Yes,5.0,338.0,,31.0,7.0,3.0,1.0,,919242316000,Bangalore,L,3.0,2016.0,,0
1994.0,Нет,Male,Yes,,338.0,,31.0,7.0,3.0,1.0,Bachelors,919242316000,Bangalore,L,3.0,2016.0,2.0,0
1994.0,,Male,Yes,,338.0,Скорпион,31.0,7.0,3.0,,Bachelors,919242316000,,L,3.0,2016.0,2.0,0
1992.0,,Male,No,4.0,336.0,Лев,34.0,4.0,,,Bachelors,916911662598,Bangalore,L,7.0,,3.0,0
1998.0,Да,,Yes,2.0,445.0,Козерог,,,,1.0,Masters,915905730080,,S,11.0,2014.0,3.0,1
1998.0,Да,Male,Yes,2.0,445.0,,28.0,5.0,3.0,1.0,Masters,915905730080,New Delhi,S,11.0,2014.0,3.0,1
1998.0,,Male,Yes,2.0,445.0,,28.0,5.0,,1.0,Masters,915905730080,New Delhi,S,11.0,,3.0,1
1998.0,Да,Male,,2.0,445.0,Козерог,,5.0,3.0,,Masters,915905730080,New Delhi,S,11.0,2014.0,3.0,1
1998.0,Да,Male,Yes,,445.0,,28.0,5.0,,1.0,Masters,915905730080,New Delhi,S,,2014.0,3.0,1
1998.0,Нет,,Yes,1.0,,Рыбы,28.0,2.0,1.0,1.0,Bachelors,913355837457,,M,,2012.0,3.0,0
1998.0,Нет,,,1.0,78.0,Рыбы,28.0,2.0,1.0,1.0,Bachelors,913355837457,,M,2.0,2012.0,,0
1998.0,Нет,,Yes,1.0,78.0,,28.0,,,,Bachelors,913355837457,,M,,2012.0,3.0,0
1998.0,Нет,Female,Yes,1.0,78.0,Рыбы,28.0,2.0,1.0,1.0,Bachelors,913355837457,Bangalore,M,2.0,2012.0,3.0,0
2004.0,Да,Male,Yes,1.0,129.0,Овен,23.0,10.0,3.0,,Bachelors,918202362181,Bangalore,M,1.0,2013.0,3.0,1
2004.0,,Male,Yes,,129.0,Овен,23.0,10.0,3.0,,Bachelors,918202362181,Bangalore,M,1.0,2013.0,3.0,1
,Нет,Female,,,85.0,,,3.0,2.0,0.0,Masters,919970423743,New Delhi,M,6.0,2017.0,2.0,0
,Нет,Female,,2.0,85.0,Стрелец,,3.0,2.0,0.0,Masters,919970423743,New Delhi,M,6.0,2017.0,2.0,0
,Нет,,,,85.0,Стрелец,31.0,3.0,,0.0,Masters,919970423743,New Delhi,M,6.0,2017.0,2.0,0
1995.0,Нет,,,2.0,85.0,Стрелец,31.0,3.0,2.0,0.0,,919970423743,New Delhi,M,6.0,2017.0,2.0,0
,Нет,,No,2.0,85.0,Стрелец,,3.0,2.0,0.0,Masters,919970423743,New Delhi,M,6.0,,,0
1993.0,Да,,No,0.0,117.0,,34.0,0.0,3.0,,,918698321563,New Delhi,S,8.0,2018.0,2.0,1
,Да,Male,No,0.0,117.0,Козерог,34.0,,3.0,0.0,,918698321563,New Delhi,S,8.0,2018.0,2.0,1
,Да,,No,,,,34.0,0.0,3.0,0.0,PHD,918698321563,New Delhi,S,8.0,2018.0,2.0,1
1993.0,Да,Male,No,0.0,117.0,Козерог,34.0,0.0,3.0,0.0,PHD,918698321563,,S,,2018.0,2.0,1
1993.0,Да,,No,0.0,117.0,Козерог,34.0,,3.0,0.0,,918698321563,New Delhi,,8.0,2018.0,2.0,1
,Нет,,,2.0,157.0,,36.0,0.0,3.0,,Bachelors,911968389493,Bangalore,M,3.0,2016.0,1.0,0
1990.0,,Female,No,2.0,157.0,Козерог,36.0,,3.0,1.0,,911968389493,Bangalore,,3.0,,1.0,0
1990.0,,,No,2.0,157.0,Козерог,36.0,0.0,,1.0,Bachelors,911968389493,Bangalore,M,3.0,,1.0,0
1990.0,Нет,,,,157.0,Козерог,36.0,0.0,3.0,,,911968389493,Bangalore,M,3.0,,1.0,0
1987.0,Нет,Male,,3.0,128.0,Лев,40.0,1.0,3.0,0.0,PHD,911600140326,,S,15.0,2017.0,5.0,0
1987.0,Нет,,No,3.0,128.0,Лев,,1.0,,0.0,PHD,911600140326,New Delhi,S,15.0,2017.0,5.0,0
1987.0,Нет,Male,No,,128.0,Лев,40.0,1.0,3.0,,,911600140326,New Delhi,S,15.0,2017.0,,0
1987.0,Нет,Male,,3.0,128.0,,,,3.0,0.0,PHD,911600140326,,S,15.0,2017.0,5.0,0
1987.0,,Male,No,,128.0,Лев,40.0,,3.0,0.0,PHD,911600140326,New Delhi,S,15.0,2017.0,,0
1993.0,Нет,Female,No,2.0,420.0,Овен,34.0,4.0,3.0,1.0,Masters,918024583103,,L,4.0,2012.0,2.0,0
,Да,,,,,Близнецы,37.0,3.0,3.0,1.0,Bachelors,914117556393,,L,0.0,2018.0,4.0,1
1988.0,Да,,No,2.0,,,,3.0,3.0,,Bachelors,914117556393,Bangalore,L,0.0,2018.0,4.0,1
1988.0,Да,Male,No,2.0,,Близнецы,37.0,3.0,3.0,1.0,Bachelors,914117556393,Bangalore,,0.0,2018.0,4.0,1
1988.0,Нет,Male,No,3.0,288.0,Овен,38.0,,3.0,0.0,Bachelors,919206104575,Bangalore,L,,,1.0,0
1988.0,Нет,Male,No,3.0,288.0,,38.0,6.0,3.0,0.0,Bachelors,919206104575,Bangalore,L,12.0,2012.0,1.0,0
2004.0,,,No,,368.0,Стрелец,22.0,3.0,2.0,,Bachelors,913100765569,New Delhi,S,11.0,2017.0,,0
1989.0,Да,Female,No,,473.0,Козерог,36.0,3.0,,0.0,Bachelors,919337353174,Pune,M,7.0,2016.0,,1
1989.0,Да,,No,0.0,473.0,,36.0,3.0,2.0,0.0,Bachelors,919337353174,Pune,M,,2016.0,3.0,1
1990.0,Да,Female,No,1.0,133.0,Лев,35.0,5.0,,,,914326778553,New Delhi,,6.0,2013.0,2.0,1
1990.0,Да,,No,1.0,133.0,Лев,35.0,5.0,2.0,0.0,Bachelors,914326778553,New Delhi,S,6.0,2013.0,,1
1990.0,Да,Female,No,,133.0,,35.0,,2.0,0.0,Bachelors,914326778553,New Delhi,S,6.0,2013.0,2.0,1
1990.0,,,No,1.0,133.0,Лев,35.0,,2.0,0.0,Bachelors,914326778553,New Delhi,S,6.0,2013.0,2.0,1
,Нет,Female,No,0.0,101.0,Скорпион,22.0,,3.0,,Bachelors,918311298323,,XS,5.0,2012.0,2.0,0
2003.0,Нет,,No,,,Скорпион,,,3.0,0.0,Bachelors,918311298323,New Delhi,XS,5.0,2012.0,2.0,0
,Нет,Female,No,0.0,,,,7.0,3.0,,Bachelors,918311298323,,XS,5.0,,2.0,0
2003.0,,Male,No,1.0,,Близнецы,23.0,0.0,2.0,1.0,Bachelors,912164817576,Bangalore,L,12.0,2017.0,2.0,0
2003.0,Нет,,No,1.0,,Близнецы,23.0,,2.0,1.0,,912164817576,Bangalore,L,,2017.0,2.0,0
2003.0,Нет,Male,No,1.0,195.0,,23.0,0.0,,,Bachelors,912164817576,Bangalore,L,,2017.0,2.0,0
1995.0,Да,,No,3.0,60.0,Козерог,32.0,3.0,2.0,1.0,Bachelors,919197888709,Pune,XXL,14.0,2014.0,1.0,1
1995.0,Да,Male,No,3.0,60.0,Козерог,,3.0,,,,919197888709,Pune,XXL,14.0,,1.0,1
1995.0,Да,Male,No,3.0,60.0,Козерог,32.0,,2.0,,Bachelors,919197888709,Pune,XXL,14.0,2014.0,1.0,1
,Да,Male,No,3.0,,Козерог,32.0,3.0,2.0,1.0,Bachelors,919197888709,Pune,XXL,,,1.0,1
,Да,,No,3.0,60.0,Козерог,32.0,,,1.0,Bachelors,919197888709,Pune,,14.0,2014.0,1.0,1
1989.0,Нет,Male,No,2.0,,,38.0,7.0,3.0,,Masters,914377958316,Bangalore,L,8.0,2017.0,1.0,0
1991.0,Да,Female,No,5.0,254.0,Стрелец,36.0,4.0,2.0,0.0,,913195526061,Pune,S,,2018.0,1.0,1
,Да,Female,No,5.0,254.0,,36.0,4.0,2.0,0.0,Bachelors,913195526061,Pune,,14.0,2018.0,,1
1991.0,Да,Female,No,5.0,,Стрелец,36.0,4.0,2.0,0.0,Bachelors,913195526061,Pune,S,14.0,2018.0,1.0,1
1988.0,Да,Female,No,,142.0,Телец,39.0,0.0,2.0,1.0,Bachelors,912476476072,Pune,,3.0,,4.0,1
1988.0,Да,Female,No,4.0,142.0,Телец,39.0,0.0,2.0,1.0,,912476476072,Pune,M,3.0,2018.0,4.0,1
1988.0,,Female,No,4.0,142.0,Телец,39.0,0.0,2.0,1.0,Bachelors,912476476072,Pune,M,3.0,,4.0,1
1988.0,Да,Female,No,4.0,142.0,,39.0,,2.0,1.0,Bachelors,912476476072,Pune,M,,2018.0,4.0,1
1988.0,,Female,No,,142.0,Телец,,0.0,,,Bachelors,912476476072,Pune,M,,2018.0,4.0,1
1987.0,,Male,No,2.0,15.0,Рак,,4.0,3.0,1.0,Masters,919822849600,Pune,L,4.0,,2.0,1
,Да,,No,2.0,15.0,,39.0,4.0,3.0,1.0,Masters,919822849600,,L,4.0,,2.0,1
1986.0,Да,Female,No,,181.0,Водолей,39.0,2.0,3.0,0.0,Masters,917433909418,New Delhi,M,,2018.0,3.0,1
1986.0,Да,Female,No,,,Водолей,39.0,2.0,3.0,0.0,Masters,917433909418,New Delhi,M,14.0,,,1
1986.0,Да,Female,No,2.0,181.0,Водолей,39.0,2.0,3.0,0.0,Masters,917433909418,New Delhi,M,,2018.0,3.0,1
1986.0,,Female,No,2.0,181.0,,39.0,2.0,,0.0,,917433909418,,M,14.0,2018.0,3.0,1
,Да,Female,No,2.0,181.0,,39.0,2.0,,0.0,Masters,917433909418,,M,,2018.0,3.0,1
1989.0,Да,,No,,484.0,Козерог,,,3.0,1.0,Bachelors,918248074563,Bangalore,S,,2013.0,2.0,1
,Нет,,No,3.0,,Водолей,28.0,4.0,3.0,,Bachelors,917091416855,Bangalore,S,2.0,2017.0,3.0,0
2002.0,,Male,No,1.0,322.0,Близнецы,23.0,,,,Bachelors,917015914194,New Delhi,XXL,14.0,2017.0,2.0,0
2002.0,Нет,,No,,322.0,Близнецы,23.0,2.0,,0.0,Bachelors,917015914194,New Delhi,XXL,14.0,,2.0,0
2002.0,Нет,Male,,1.0,322.0,Близнецы,23.0,2.0,3.0,,Bachelors,917015914194,New Delhi,XXL,14.0,2017.0,2.0,0
2002.0,Нет,,No,,322.0,Близнецы,23.0,,3.0,,Bachelors,917015914194,New Delhi,XXL,14.0,2017.0,2.0,0
2005.0,Нет,,No,0.0,28.0,,22.0,5.0,3.0,,Bachelors,919038840031,Bangalore,L,11.0,2014.0,2.0,0
1992.0,Нет,,,1.0,,Рыбы,,,,1.0,,919689745047,,L,,2014.0,,0
1992.0,Нет,Female,,1.0,456.0,Рыбы,33.0,8.0,1.0,1.0,,919689745047,Pune,,8.0,2014.0,1.0,0
1992.0,Нет,Female,,,,Рыбы,33.0,,,1.0,Masters,919689745047,Pune,L,8.0,2014.0,1.0,0
1992.0,Нет,Female,,1.0,456.0,Рыбы,33.0,8.0,1.0,1.0,Masters,919689745047,,L,8.0,2014.0,1.0,0
1992.0,Нет,Female,No,1.0,,Рыбы,33.0,8.0,1.0,,Masters,919689745047,Pune,L,8.0,2014.0,1.0,0
,Нет,Female,Yes,3.0,,,25.0,7.0,3.0,1.0,Bachelors,912434238540,Pune,XXL,5.0,2013.0,1.0,1
,Нет,,Yes,3.0,,Весы,25.0,,3.0,1.0,Bachelors,912434238540,Pune,XXL,,2013.0,1.0,1
2002.0,,Female,,3.0,83.0,Весы,,7.0,3.0,1.0,Bachelors,912434238540,Pune,XXL,5.0,,1.0,1
2003.0,Да,Male,No,1.0,,,,8.0,2.0,,Masters,915176509940,New Delhi,L,,2017.0,3.0,1
2003.0,Да,Male,No,1.0,368.0,Близнецы,,8.0,,1.0,,915176509940,New Delhi,L,11.0,2017.0,,1
2003.0,Да,,,1.0,368.0,Близнецы,23.0,8.0,,1.0,Masters,915176509940,New Delhi,L,11.0,2017.0,3.0,1
2003.0,Да,Male,,1.0,368.0,Близнецы,23.0,8.0,2.0,1.0,Masters,915176509940,New Delhi,,11.0,2017.0,3.0,1
2003.0,Да,Male,,1.0,368.0,Близнецы,23.0,8.0,2.0,1.0,,915176509940,New Delhi,L,,,3.0,1
1993.0,Нет,Male,No,5.0,340.0,Дева,33.0,0.0,3.0,0.0,,912009883730,Bangalore,M,,2014.0,2.0,0
,,Male,,5.0,340.0,Дева,,,,0.0,Bachelors,912009883730,Bangalore,M,5.0,,2.0,0
,Да,Male,Yes,2.0,,Рыбы,,4.0,3.0,0.0,Masters,911889681291,Bangalore,M,6.0,2018.0,2.0,1
1995.0,Да,Female,No,5.0,439.0,Рак,,10.0,2.0,,Bachelors,915970722851,Pune,M,2.0,2012.0,2.0,1
1995.0,Да,,,,439.0,Рак,31.0,10.0,2.0,1.0,,915970722851,Pune,M,2.0,2012.0,2.0,1
1995.0,Да,Female,No,,439.0,Рак,31.0,,2.0,1.0,Bachelors,915970722851,,,2.0,,2.0,1
1995.0,Да,,No,5.0,,Рак,,10.0,,1.0,Bachelors,915970722851,Pune,M,2.0,2012.0,2.0,1
1995.0,Да,Female,No,5.0,439.0,Рак,31.0,10.0,2.0,1.0,Bachelors,915970722851,Pune,M,2.0,2012.0,2.0,1
2002.0,Да,Female,No,,132.0,Козерог,23.0,4.0,3.0,,Masters,914933019735,,,5.0,2018.0,1.0,1
2002.0,,Female,No,1.0,132.0,,23.0,4.0,,0.0,Masters,914933019735,New Delhi,M,5.0,2018.0,,1
,Нет,Female,,4.0,113.0,Водолей,26.0,8.0,,1.0,Bachelors,913427750765,New Delhi,M,5.0,2013.0,4.0,0
1995.0,Да,Male,No,4.0,,Телец,30.0,10.0,1.0,0.0,Bachelors,911018720091,,S,14.0,2016.0,,1
,Да,,No,4.0,372.0,Телец,30.0,10.0,1.0,0.0,Bachelors,911018720091,Bangalore,S,14.0,2016.0,4.0,1
1990.0,Да,Male,No,4.0,60.0,Стрелец,37.0,0.0,3.0,0.0,Bachelors,918244623907,Bangalore,M,5.0,2012.0,2.0,1
1990.0,Да,Male,No,4.0,60.0,Стрелец,37.0,,3.0,,,918244623907,Bangalore,M,5.0,2012.0,2.0,1
1990.0,Да,Male,,,60.0,Стрелец,,0.0,3.0,0.0,Bachelors,918244623907,Bangalore,M,5.0,,2.0,1
1990.0,Да,Male,No,4.0,60.0,Стрелец,37.0,0.0,3.0,0.0,Bachelors,918244623907,Bangalore,M,5.0,2012.0,2.0,1
,Нет,Male,Yes,0.0,,Телец,,8.0,1.0,0.0,Bachelors,916926806412,Bangalore,L,5.0,,,0
1988.0,Нет,Female,,0.0,274.0,Водолей,38.0,5.0,3.0,0.0,,918272735994,Bangalore,XS,,2012.0,,0
1988.0,Нет,,No,0.0,274.0,Водолей,,5.0,3.0,0.0,Bachelors,918272735994,Bangalore,XS,9.0,2012.0,2.0,0
,Нет,Female,,0.0,274.0,Водолей,38.0,5.0,3.0,,Bachelors,918272735994,Bangalore,XS,9.0,2012.0,2.0,0
,Нет,Female,No,,274.0,Водолей,38.0,5.0,3.0,0.0,Bachelors,918272735994,,,9.0,,,0
,Да,Male,Yes,0.0,428.0,Лев,22.0,,2.0,1.0,,913835896933,New Delhi,,,2013.0,,1
2005.0,Да,Male,Yes,,428.0,Лев,22.0,1.0,2.0,1.0,Masters,913835896933,New Delhi,,5.0,,2.0,1
2005.0,Нет,Female,No,0.0,,,22.0,9.0,1.0,1.0,Bachelors,913327915687,Pune,S,1.0,2015.0,3.0,1
,Нет,Female,No,,135.0,Стрелец,22.0,9.0,1.0,,,913327915687,Pune,,1.0,2015.0,3.0,1
2005.0,,Female,No,0.0,135.0,Стрелец,,9.0,1.0,1.0,Bachelors,913327915687,Pune,S,1.0,2015.0,3.0,1
,Да,Female,No,,,Водолей,33.0,10.0,,0.0,Masters,911051076775,Pune,S,1.0,2015.0,3.0,1
,,Female,No,2.0,227.0,Водолей,33.0,10.0,2.0,0.0,Masters,911051076775,,S,1.0,,3.0,1
1993.0,,Female,No,2.0,,Водолей,,,2.0,0.0,Masters,911051076775,Pune,S,1.0,2015.0,3.0,1
1993.0,,Female,No,,227.0,,33.0,10.0,,,Masters,911051076775,Pune,S,1.0,,3.0,1
1993.0,,,,2.0,227.0,Водолей,33.0,10.0,2.0,0.0,,911051076775,Pune,S,1.0,2015.0,3.0,1
1995.0,Нет,,No,,490.0,Козерог,32.0,6.0,3.0,0.0,,917227174765,Bangalore,L,2.0,,,0
1995.0,Нет,Male,No,1.0,490.0,Козерог,32.0,6.0,3.0,0.0,Bachelors,917227174765,Bangalore,L,2.0,2015.0,1.0,0
1995.0,Нет,Male,No,1.0,490.0,Козерог,,,3.0,0.0,Bachelors,917227174765,Bangalore,,2.0,2015.0,1.0,0
1995.0,Нет,Male,No,1.0,,Козерог,32.0,6.0,3.0,0.0,,917227174765,Bangalore,L,2.0,2015.0,1.0,0
1991.0,Нет,,No,2.0,161.0,Козерог,34.0,10.0,2.0,1.0,,917268819172,Pune,M,9.0,2015.0,3.0,0
1991.0,Нет,Female,,2.0,161.0,Козерог,,10.0,2.0,1.0,Masters,917268819172,Pune,M,9.0,2015.0,3.0,0
1991.0,,,No,2.0,161.0,,34.0,10.0,,1.0,Masters,917268819172,,M,9.0,,3.0,0
1991.0,Нет,Female,,2.0,161.0,Козерог,34.0,,2.0,,Masters,917268819172,Pune,,9.0,,,0
,Нет,Female,No,2.0,161.0,Козерог,34.0,10.0,2.0,,,917268819172,Pune,,9.0,2015.0,3.0,0
,Нет,Female,,1.0,379.0,Лев,36.0,7.0,3.0,,,915484827532,Bangalore,M,0.0,2017.0,2.0,0
2005.0,Да,Female,,0.0,,Скорпион,22.0,9.0,3.0,,,918733614167,Pune,M,13.0,2013.0,2.0,1
1993.0,,,,2.0,343.0,Весы,34.0,,,1.0,Bachelors,911788538716,Bangalore,,11.0,2013.0,,0
1993.0,Нет,Female,Yes,2.0,343.0,Весы,34.0,2.0,3.0,1.0,Bachelors,911788538716,Bangalore,,11.0,2013.0,3.0,0
1993.0,Нет,Female,,2.0,343.0,Весы,,2.0,3.0,,Bachelors,911788538716,Bangalore,XL,,,,0
1993.0,Нет,,Yes,2.0,,Весы,34.0,2.0,3.0,1.0,Bachelors,911788538716,Bangalore,XL,11.0,2013.0,,0
1993.0,Нет,,,2.0,343.0,Весы,34.0,2.0,3.0,1.0,Bachelors,911788538716,,,11.0,2013.0,3.0,0
2002.0,,Male,No,1.0,346.0,Рыбы,23.0,10.0,2.0,1.0,Masters,918172818627,Pune,S,3.0,2017.0,4.0,1
,Да,Male,No,,,Рыбы,23.0,,2.0,1.0,Masters,918172818627,,S,3.0,,4.0,1
1990.0,Нет,,,4.0,,Скорпион,36.0,7.0,3.0,1.0,Bachelors,917627549813,Pune,L,8.0,2012.0,3.0,0
1990.0,,,No,,389.0,Скорпион,36.0,7.0,3.0,1.0,Bachelors,917627549813,Pune,,8.0,2012.0,3.0,0
1990.0,,Male,No,4.0,389.0,Скорпион,36.0,,,1.0,Bachelors,917627549813,Pune,L,8.0,,3.0,0
1990.0,Нет,Male,,4.0,389.0,Скорпион,36.0,,,1.0,Bachelors,917627549813,Pune,,8.0,2012.0,3.0,0
1990.0,Нет,,No,4.0,389.0,Скорпион,36.0,7.0,,1.0,Bachelors,917627549813,Pune,L,,,3.0,0
1999.0,Да,Male,No,4.0,446.0,Рыбы,28.0,,3.0,0.0,PHD,913310759767,New Delhi,L,,2018.0,3.0,1
1997.0,Нет,Male,No,,236.0,Овен,,4.0,3.0,0.0,PHD,919200033525,Bangalore,M,3.0,2013.0,2.0,0
,Нет,Male,No,4.0,236.0,Овен,28.0,,3.0,0.0,PHD,919200033525,Bangalore,M,3.0,2013.0,,0
1992.0,Нет,,No,,219.0,,33.0,4.0,,1.0,Bachelors,914989006714,Bangalore,L,1.0,2016.0,3.0,0
1992.0,Нет,Female,No,4.0,,Скорпион,33.0,4.0,3.0,1.0,Bachelors,914989006714,,L,1.0,2016.0,,0
1992.0,Нет,,No,4.0,219.0,Скорпион,33.0,4.0,3.0,,Bachelors,914989006714,,,1.0,2016.0,3.0,0
,Нет,Female,No,4.0,219.0,Скорпион,33.0,4.0,,1.0,,914989006714,Bangalore,L,1.0,2016.0,,0
1987.0,,,No,3.0,461.0,Козерог,39.0,3.0,3.0,0.0,,916988809452,,,9.0,,3.0,0
1987.0,Нет,Male,No,3.0,461.0,Козерог,39.0,3.0,3.0,0.0,,916988809452,Bangalore,M,9.0,2013.0,,0
1987.0,Нет,Male,,3.0,461.0,Козерог,39.0,,3.0,0.0,Bachelors,916988809452,Bangalore,M,,2013.0,3.0,0
1987.0,Нет,Male,No,3.0,461.0,,39.0,,3.0,0.0,Bachelors,916988809452,Bangalore,M,9.0,2013.0,3.0,0
1987.0,Нет,Male,No,3.0,461.0,Козерог,39.0,3.0,3.0,0.0,Bachelors,916988809452,Bangalore,M,9.0,2013.0,3.0,0
2001.0,Нет,,Yes,3.0,70.0,Лев,,5.0,3.0,1.0,,918733687155,New Delhi,M,4.0,2015.0,3.0,0
2001.0,Нет,Female,Yes,3.0,70.0,Лев,25.0,5.0,3.0,1.0,Bachelors,918733687155,New Delhi,,4.0,2015.0,3.0,0
1994.0,Нет,,,,462.0,,32.0,,3.0,1.0,Bachelors,911717594324,,,8.0,2014.0,2.0,0
2002.0,Да,Female,No,1.0,328.0,,,4.0,,1.0,Bachelors,911159160259,,M,13.0,2015.0,3.0,1
2002.0,Да,Female,No,1.0,328.0,Рыбы,,4.0,3.0,1.0,Bachelors,911159160259,Pune,M,13.0,2015.0,3.0,1
2002.0,Да,Female,No,1.0,328.0,Рыбы,23.0,,3.0,,Bachelors,911159160259,Pune,M,13.0,2015.0,3.0,1
2002.0,Да,Female,No,,328.0,Рыбы,23.0,4.0,3.0,1.0,Bachelors,911159160259,Pune,M,13.0,,3.0,1
2002.0,,Female,,1.0,328.0,Рыбы,23.0,4.0,3.0,1.0,Bachelors,911159160259,Pune,M,13.0,,3.0,1
2001.0,Да,Male,No,,454.0,Дева,24.0,10.0,2.0,0.0,Bachelors,914911511260,Pune,M,14.0,,,1
,Да,Male,,2.0,454.0,Дева,,10.0,2.0,,,914911511260,,M,14.0,,3.0,1
2001.0,Да,Male,No,2.0,454.0,Дева,24.0,10.0,,0.0,Bachelors,914911511260,,M,14.0,,3.0,1
2001.0,Да,,No,2.0,454.0,Дева,24.0,10.0,,,Bachelors,914911511260,Pune,M,14.0,2013.0,,1
2001.0,Да,Male,,2.0,,Дева,24.0,10.0,2.0,0.0,Bachelors,914911511260,Pune,M,14.0,2013.0,3.0,1
1991.0,Да,,,,,Рак,36.0,10.0,3.0,1.0,Bachelors,919565120937,Bangalore,M,10.0,2012.0,2.0,1
1985.0,Да,,No,4.0,200.0,,,2.0,3.0,1.0,Bachelors,913322531869,,M,5.0,2018.0,,1
1985.0,,Male,,4.0,200.0,,40.0,2.0,3.0,,Bachelors,913322531869,Bangalore,M,5.0,,,1
1985.0,Да,Male,No,4.0,200.0,Близнецы,40.0,2.0,3.0,1.0,Bachelors,913322531869,Bangalore,M,5.0,2018.0,5.0,1
1985.0,Да,Male,,4.0,,Близнецы,40.0,2.0,3.0,1.0,Bachelors,913322531869,Bangalore,M,5.0,2018.0,5.0,1
1985.0,Да,,No,,,,40.0,2.0,3.0,1.0,,913322531869,Bangalore,M,5.0,,5.0,1
1988.0,Нет,Female,No,,256.0,Стрелец,,9.0,,,Bachelors,916799605889,,M,,2012.0,,0
1988.0,Нет,Female,No,1.0,256.0,Стрелец,38.0,9.0,3.0,0.0,Bachelors,916799605889,New Delhi,M,13.0,2012.0,,0
1988.0,Нет,Female,No,1.0,256.0,,38.0,9.0,3.0,0.0,Bachelors,916799605889,New Delhi,M,13.0,2012.0,3.0,0
1989.0,Нет,Male,No,5.0,123.0,Рак,37.0,4.0,,,Bachelors,913984893667,Bangalore,,10.0,2012.0,1.0,0
1987.0,Да,,No,3.0,,,40.0,,3.0,0.0,,911484722360,Pune,L,5.0,2018.0,2.0,1
1987.0,Да,Male,No,3.0,136.0,Телец,40.0,6.0,,0.0,Bachelors,911484722360,Pune,L,5.0,2018.0,2.0,1
1987.0,Да,Male,No,3.0,136.0,,40.0,6.0,,0.0,,911484722360,Pune,L,5.0,2018.0,2.0,1
1987.0,Да,Male,No,3.0,136.0,Телец,40.0,6.0,3.0,0.0,Bachelors,911484722360,Pune,L,5.0,,2.0,1
1993.0,,,Yes,0.0,248.0,,32.0,3.0,3.0,1.0,Bachelors,917226330447,Bangalore,,2.0,,3.0,1
1993.0,,Male,Yes,0.0,248.0,Козерог,32.0,,3.0,1.0,Bachelors,917226330447,Bangalore,M,2.0,2018.0,3.0,1
,Нет,,No,0.0,172.0,,35.0,8.0,2.0,,Masters,918091702441,Bangalore,,11.0,2017.0,,0
1991.0,Нет,Female,,0.0,172.0,Лев,35.0,8.0,2.0,0.0,Masters,918091702441,,XS,11.0,2017.0,3.0,0
,Да,Male,No,,65.0,Близнецы,33.0,,,0.0,Bachelors,919105017353,Bangalore,M,11.0,2018.0,1.0,1
,Да,,No,4.0,65.0,Близнецы,33.0,2.0,3.0,0.0,,919105017353,Bangalore,M,11.0,2018.0,,1
,Нет,Female,No,5.0,154.0,,36.0,10.0,3.0,,Bachelors,914420424785,Pune,XS,10.0,,1.0,0
1989.0,Нет,Female,No,5.0,154.0,Рыбы,36.0,10.0,,1.0,Bachelors,914420424785,Pune,,10.0,,1.0,0
1989.0,Нет,Female,No,5.0,154.0,Рыбы,36.0,10.0,3.0,1.0,,914420424785,Pune,XS,10.0,2014.0,1.0,0
,Нет,Male,,4.0,84.0,Телец,35.0,3.0,1.0,1.0,,916925774469,Bangalore,M,3.0,2012.0,,0
1992.0,Нет,Male,No,4.0,84.0,Телец,35.0,3.0,,,Bachelors,916925774469,Bangalore,M,3.0,2012.0,1.0,0
1992.0,Нет,Male,No,4.0,,Телец,35.0,3.0,1.0,1.0,,916925774469,Bangalore,M,3.0,2012.0,1.0,0
,,Male,No,4.0,,,35.0,3.0,1.0,1.0,Bachelors,916925774469,Bangalore,M,3.0,2012.0,1.0,0
2000.0,Нет,,,,481.0,Рыбы,25.0,,,,PHD,915529198551,New Delhi,XL,,2012.0,4.0,0
2000.0,Нет,Male,,,,Рыбы,25.0,2.0,3.0,,PHD,915529198551,New Delhi,XL,0.0,2012.0,,0
2000.0,Нет,Male,No,3.0,481.0,Рыбы,25.0,2.0,3.0,1.0,PHD,915529198551,,XL,,2012.0,4.0,0
1998.0,Да,Male,No,,,Весы,29.0,8.0,2.0,1.0,Masters,912379950889,Bangalore,M,,2013.0,3.0,1
1998.0,Да,,No,1.0,214.0,Весы,,8.0,2.0,,Masters,912379950889,Bangalore,M,8.0,2013.0,3.0,1
1989.0,Нет,Female,No,3.0,206.0,Близнецы,,10.0,3.0,0.0,Bachelors,912831011304,,L,2.0,2012.0,5.0,0
,Нет,Female,No,3.0,,Близнецы,36.0,10.0,3.0,,Bachelors,912831011304,,L,2.0,2012.0,5.0,0
1989.0,,Female,,3.0,206.0,Близнецы,36.0,10.0,3.0,0.0,Bachelors,912831011304,Bangalore,L,,2012.0,5.0,0
,Нет,Female,,3.0,206.0,Близнецы,36.0,10.0,3.0,0.0,,912831011304,Bangalore,L,2.0,2012.0,5.0,0
1989.0,,Female,No,3.0,206.0,Близнецы,,10.0,,0.0,Bachelors,912831011304,Bangalore,L,2.0,,5.0,0
1988.0,,Female,No,4.0,421.0,,37.0,,2.0,1.0,Bachelors,918881862868,Pune,M,7.0,2017.0,3.0,1
1988.0,,Female,No,,421.0,Близнецы,37.0,8.0,2.0,,Bachelors,918881862868,Pune,M,,2017.0,,1
,Да,,No,4.0,421.0,,37.0,8.0,2.0,1.0,Bachelors,918881862868,Pune,M,7.0,2017.0,3.0,1
1988.0,,Female,No,4.0,421.0,Близнецы,37.0,,2.0,1.0,Bachelors,918881862868,Pune,M,7.0,2017.0,3.0,1
1992.0,Нет,Male,No,0.0,,Дева,34.0,5.0,3.0,0.0,Bachelors,913640474807,,M,15.0,2018.0,5.0,1
1992.0,Нет,Male,No,0.0,342.0,Дева,34.0,5.0,3.0,0.0,,913640474807,Pune,,15.0,2018.0,5.0,1
1992.0,Нет,Male,,0.0,,Дева,34.0,5.0,,0.0,Bachelors,913640474807,Pune,M,15.0,2018.0,5.0,1
2002.0,,,No,1.0,98.0,Рыбы,23.0,6.0,3.0,,,913439233062,Bangalore,XL,3.0,2012.0,3.0,1
2002.0,Да,Female,No,1.0,98.0,Рыбы,23.0,6.0,3.0,0.0,Bachelors,913439233062,Bangalore,XL,,2012.0,3.0,1
2003.0,,Male,No,1.0,471.0,Лев,23.0,2.0,3.0,0.0,,916875541757,Pune,XL,12.0,2017.0,1.0,0
,Нет,Male,No,1.0,471.0,,,2.0,3.0,0.0,Bachelors,916875541757,Pune,,12.0,2017.0,1.0,0
2003.0,Нет,,No,1.0,471.0,Лев,,2.0,3.0,,Bachelors,916875541757,,XL,,2017.0,1.0,0
2003.0,Нет,Male,No,1.0,471.0,Лев,23.0,2.0,,0.0,Bachelors,916875541757,Pune,,12.0,2017.0,1.0,0
2003.0,Нет,Male,,,471.0,Лев,23.0,2.0,3.0,0.0,Bachelors,916875541757,Pune,,12.0,2017.0,1.0,0
,Нет,,,,271.0,Рак,31.0,,1.0,,,911676670877,New Delhi,L,8.0,2012.0,5.0,0
1996.0,Нет,Female,No,3.0,271.0,,31.0,2.0,,0.0,,911676670877,,,8.0,,5.0,0
1986.0,Нет,,No,5.0,311.0,Лев,39.0,10.0,2.0,,,917765740832,New Delhi,L,1.0,2015.0,3.0,0
1986.0,Нет,Female,No,5.0,311.0,,39.0,10.0,2.0,0.0,PHD,917765740832,New Delhi,L,1.0,2015.0,3.0,0
1994.0,Да,Female,No,1.0,431.0,Телец,33.0,6.0,3.0,0.0,,915365116378,Bangalore,M,,,3.0,1
1994.0,Да,Female,No,1.0,431.0,Телец,33.0,,3.0,0.0,Bachelors,915365116378,Bangalore,M,0.0,2016.0,3.0,1
1994.0,Да,Female,No,1.0,431.0,Телец,33.0,6.0,3.0,,Bachelors,915365116378,Bangalore,M,,,3.0,1
1994.0,Да,Female,No,1.0,431.0,Телец,33.0,6.0,3.0,,,915365116378,Bangalore,M,0.0,2016.0,3.0,1
2004.0,Нет,Male,No,,349.0,Овен,23.0,,3.0,0.0,Bachelors,914209062018,Bangalore,L,8.0,2013.0,,0
1992.0,Нет,,No,4.0,286.0,Рыбы,34.0,,2.0,0.0,Masters,919624536202,,,1.0,2017.0,1.0,0
,Да,,No,,,Стрелец,37.0,4.0,2.0,1.0,Bachelors,913376342778,Pune,XS,,,2.0,1
1990.0,Да,Female,No,1.0,441.0,,37.0,4.0,2.0,1.0,Bachelors,913376342778,,XS,0.0,2015.0,2.0,1
1990.0,Да,,No,1.0,441.0,Стрелец,37.0,4.0,2.0,1.0,Bachelors,913376342778,Pune,,0.0,2015.0,2.0,1
2002.0,Нет,Male,,1.0,410.0,Лев,,9.0,3.0,1.0,Bachelors,916294611714,,M,,,1.0,0
2002.0,Нет,Male,,1.0,410.0,Лев,23.0,9.0,3.0,1.0,Bachelors,916294611714,,M,1.0,2012.0,1.0,0
2002.0,Нет,Male,No,,410.0,Лев,23.0,9.0,3.0,,,916294611714,Bangalore,M,,2012.0,1.0,0
2002.0,Нет,Male,No,1.0,410.0,,23.0,9.0,3.0,1.0,Bachelors,916294611714,Bangalore,,1.0,,1.0,0
2002.0,Нет,Male,No,1.0,410.0,,23.0,,3.0,1.0,Bachelors,916294611714,,,1.0,2012.0,1.0,0
1999.0,Да,,No,,451.0,Близнецы,26.0,9.0,2.0,0.0,Masters,915327183606,Pune,M,8.0,2015.0,,1
,Да,Female,No,4.0,451.0,Близнецы,,9.0,2.0,0.0,Masters,915327183606,Pune,,8.0,2015.0,1.0,1
1999.0,Да,Female,No,4.0,451.0,Близнецы,26.0,9.0,2.0,0.0,Masters,915327183606,,M,8.0,2015.0,1.0,1
1999.0,Да,Female,,4.0,,Близнецы,,9.0,2.0,,Masters,915327183606,Pune,M,8.0,2015.0,1.0,1
1993.0,,Female,,3.0,,Овен,33.0,1.0,3.0,1.0,Bachelors,914615153375,Bangalore,,6.0,2016.0,2.0,0
1996.0,Нет,,No,,249.0,Стрелец,31.0,7.0,3.0,1.0,,913365505954,Bangalore,S,,2014.0,3.0,0
1996.0,Нет,Male,No,,249.0,,31.0,7.0,3.0,1.0,Bachelors,913365505954,,S,3.0,2014.0,3.0,0
1992.0,Нет,Male,No,4.0,,Близнецы,33.0,1.0,,0.0,Bachelors,911958924923,,M,13.0,,,0
,Нет,,,4.0,299.0,Близнецы,,1.0,3.0,0.0,Bachelors,911958924923,Pune,M,,2017.0,3.0,0
1992.0,Нет,Male,No,4.0,299.0,,,1.0,,0.0,Bachelors,911958924923,Pune,,13.0,2017.0,3.0,0
1992.0,Нет,,No,4.0,299.0,Близнецы,,1.0,3.0,0.0,Bachelors,911958924923,,M,,2017.0,3.0,0
1997.0,Нет,Male,No,5.0,,Козерог,30.0,3.0,3.0,0.0,Bachelors,919923167952,New Delhi,,7.0,2015.0,1.0,0
1997.0,Нет,Male,No,5.0,392.0,Козерог,30.0,3.0,,0.0,Bachelors,919923167952,New Delhi,,7.0,2015.0,,0
1992.0,Да,,No,5.0,206.0,Скорпион,33.0,1.0,,0.0,,915182424442,New Delhi,L,0.0,2015.0,,1
1992.0,Да,Female,No,5.0,206.0,Скорпион,33.0,1.0,3.0,0.0,Bachelors,915182424442,New Delhi,L,,,1.0,1
1992.0,Да,Female,No,5.0,,Скорпион,33.0,1.0,3.0,0.0,Bachelors,915182424442,New Delhi,L,0.0,2015.0,1.0,1
1992.0,Да,Female,No,5.0,,,,1.0,,,Bachelors,915182424442,New Delhi,L,0.0,2015.0,1.0,1
1992.0,Да,Female,No,,206.0,,33.0,1.0,3.0,,Bachelors,915182424442,New Delhi,,0.0,2015.0,,1
1993.0,Да,Female,No,0.0,,,33.0,6.0,3.0,1.0,Masters,919733442754,,S,2.0,2017.0,,1
1993.0,,Female,No,,222.0,Близнецы,33.0,6.0,3.0,1.0,Masters,919733442754,New Delhi,S,2.0,2017.0,1.0,1
2004.0,Нет,Male,No,0.0,328.0,Овен,22.0,3.0,,0.0,,916873328127,Pune,S,10.0,2016.0,,0
,Нет,Male,,0.0,328.0,Овен,22.0,,3.0,0.0,Bachelors,916873328127,Pune,S,,2016.0,2.0,0
2004.0,Нет,Male,No,0.0,328.0,,,3.0,3.0,0.0,Bachelors,916873328127,Pune,S,10.0,,2.0,0
,Нет,Male,No,0.0,328.0,Овен,22.0,3.0,3.0,,Bachelors,916873328127,,S,10.0,2016.0,2.0,0
2004.0,Нет,Male,No,0.0,328.0,Овен,22.0,3.0,,0.0,Bachelors,916873328127,Pune,S,10.0,,2.0,0
1990.0,,,No,,,Рыбы,36.0,5.0,2.0,0.0,Bachelors,917219796338,New Delhi,M,3.0,2017.0,4.0,0
1990.0,,,No,,345.0,Рыбы,36.0,5.0,2.0,0.0,Bachelors,917219796338,New Delhi,M,3.0,,4.0,0
,,Female,,2.0,448.0,Стрелец,31.0,8.0,3.0,1.0,Bachelors,919931739917,Pune,S,,,1.0,0
1994.0,Нет,Female,No,2.0,,Стрелец,31.0,8.0,3.0,1.0,Bachelors,919931739917,Pune,S,1.0,2014.0,,0
1994.0,,Female,No,2.0,,,31.0,8.0,,1.0,Bachelors,919931739917,Pune,S,1.0,2014.0,1.0,0
1994.0,Нет,Female,No,2.0,448.0,,31.0,8.0,3.0,1.0,,919931739917,Pune,S,1.0,2014.0,1.0,0
1994.0,Нет,Female,No,,448.0,,31.0,8.0,3.0,,,919931739917,,S,1.0,,,0
2000.0,Да,Male,No,3.0,318.0,Рыбы,25.0,8.0,2.0,0.0,Bachelors,912886172232,Bangalore,XL,,2013.0,1.0,1
2000.0,,Male,No,3.0,318.0,,25.0,8.0,,0.0,Bachelors,912886172232,Bangalore,,12.0,2013.0,1.0,1
1995.0,Нет,Male,,4.0,,Дева,31.0,,1.0,1.0,Bachelors,918674746476,Pune,M,14.0,2012.0,1.0,0
1995.0,Нет,Male,No,4.0,,,,0.0,1.0,1.0,Bachelors,918674746476,Pune,M,,2012.0,1.0,0
1987.0,Нет,Female,No,0.0,,Козерог,39.0,5.0,2.0,,Masters,913720748940,Pune,S,4.0,,2.0,0
1987.0,,,No,0.0,362.0,Козерог,39.0,5.0,2.0,1.0,Masters,913720748940,,S,4.0,2015.0,2.0,0
,Нет,Female,,,362.0,Козерог,39.0,5.0,2.0,1.0,,913720748940,Pune,,,2015.0,2.0,0
,Нет,,No,3.0,347.0,,25.0,4.0,,0.0,Bachelors,918826189983,Bangalore,M,,2017.0,,1
2001.0,Нет,,No,3.0,347.0,Рак,25.0,,2.0,0.0,Bachelors,918826189983,Bangalore,,14.0,,1.0,1
2001.0,Нет,,No,3.0,347.0,Рак,25.0,4.0,2.0,0.0,Bachelors,918826189983,Bangalore,M,14.0,2017.0,1.0,1
2001.0,,Female,No,3.0,,Рак,25.0,4.0,2.0,0.0,Bachelors,918826189983,Bangalore,M,14.0,2017.0,,1
2001.0,Нет,,No,3.0,347.0,Рак,25.0,,,0.0,Bachelors,918826189983,,M,14.0,2017.0,,1
1990.0,Нет,,,0.0,447.0,,35.0,0.0,,0.0,Bachelors,916124805416,New Delhi,,5.0,2013.0,,0
,Нет,Male,,5.0,272.0,Овен,28.0,,2.0,,Bachelors,911881646580,Pune,L,3.0,2013.0,,0
1997.0,Нет,Male,No,5.0,272.0,Овен,,4.0,,1.0,Bachelors,911881646580,Pune,L,3.0,2013.0,3.0,0
1997.0,Нет,Male,No,5.0,272.0,Овен,28.0,4.0,2.0,1.0,Bachelors,911881646580,Pune,L,3.0,2013.0,,0
1997.0,,Male,No,5.0,272.0,Овен,,4.0,2.0,1.0,Bachelors,911881646580,Pune,L,3.0,2013.0,3.0,0
,Нет,,,,86.0,Дева,32.0,,3.0,0.0,Bachelors,911126259857,Bangalore,,7.0,2012.0,3.0,0
1995.0,Нет,,No,0.0,86.0,,32.0,,3.0,0.0,Bachelors,911126259857,,S,7.0,2012.0,3.0,0
1995.0,Нет,Female,No,0.0,86.0,,,,3.0,0.0,Bachelors,911126259857,Bangalore,S,7.0,2012.0,,0
1995.0,Нет,Female,No,0.0,86.0,,32.0,,3.0,,Bachelors,911126259857,Bangalore,,,2012.0,3.0,0
1995.0,Нет,Female,No,0.0,86.0,,,0.0,3.0,,Bachelors,911126259857,,,7.0,2012.0,3.0,0
2004.0,Да,Male,No,,,Дева,,6.0,2.0,1.0,,916581740116,New Delhi,M,4.0,2017.0,3.0,1
2004.0,,Male,No,0.0,,Дева,22.0,6.0,2.0,,Masters,916581740116,New Delhi,M,4.0,,3.0,1
2004.0,Да,Male,No,0.0,258.0,,22.0,6.0,2.0,,Masters,916581740116,New Delhi,M,4.0,2017.0,3.0,1
,Да,Male,No,0.0,258.0,Дева,22.0,6.0,2.0,1.0,Masters,916581740116,New Delhi,M,4.0,2017.0,3.0,1
1991.0,Да,Female,No,,133.0,,36.0,7.0,3.0,1.0,Bachelors,911050172596,,M,7.0,2014.0,1.0,1
1991.0,Да,Female,No,5.0,133.0,Близнецы,36.0,7.0,3.0,1.0,,911050172596,Pune,M,7.0,2014.0,1.0,1
1991.0,,Female,No,5.0,133.0,Близнецы,36.0,7.0,3.0,1.0,Bachelors,911050172596,,M,7.0,,1.0,1
1991.0,Да,,No,5.0,,Близнецы,36.0,7.0,3.0,1.0,,911050172596,Pune,M,,,1.0,1
1991.0,Да,Female,No,5.0,133.0,Близнецы,,,3.0,1.0,Bachelors,911050172596,,M,7.0,2014.0,1.0,1
1987.0,Нет,Female,No,,306.0,Водолей,39.0,4.0,,0.0,,918993000392,Bangalore,L,8.0,2014.0,5.0,0
1987.0,,Male,Yes,2.0,141.0,Дева,,0.0,3.0,1.0,,914419930222,Pune,L,13.0,2014.0,1.0,0
1987.0,Нет,,,2.0,141.0,Дева,38.0,0.0,3.0,1.0,,914419930222,Pune,L,,2014.0,,0
1987.0,Нет,Male,Yes,2.0,141.0,Дева,38.0,0.0,3.0,1.0,Masters,914419930222,Pune,,13.0,2014.0,1.0,0
1987.0,Нет,Male,Yes,,141.0,Дева,38.0,0.0,3.0,1.0,Masters,914419930222,,L,13.0,2014.0,,0
1992.0,Нет,Male,No,2.0,497.0,Водолей,,0.0,,,,911886375687,Bangalore,,5.0,2013.0,,0
1998.0,Да,Male,Yes,0.0,,Козерог,28.0,7.0,3.0,,,911974563231,Pune,,6.0,2018.0,,1
1998.0,,Male,Yes,0.0,393.0,Козерог,28.0,7.0,3.0,0.0,,911974563231,Pune,,6.0,,3.0,1
1998.0,Да,,Yes,0.0,393.0,Козерог,28.0,7.0,3.0,0.0,Bachelors,911974563231,,,,,3.0,1
1994.0,Нет,Male,Yes,,404.0,Весы,32.0,,3.0,1.0,Masters,919507451171,Pune,XL,11.0,2017.0,1.0,0
1994.0,Нет,Male,Yes,2.0,,,,10.0,3.0,1.0,Masters,919507451171,,XL,11.0,2017.0,1.0,0
1994.0,Нет,Male,Yes,2.0,,Весы,32.0,,,1.0,Masters,919507451171,Pune,XL,11.0,2017.0,,0
1993.0,,Male,No,0.0,77.0,Рыбы,33.0,10.0,3.0,1.0,PHD,911595342821,New Delhi,S,,2016.0,2.0,1
1993.0,Нет,Male,No,,164.0,Стрелец,,5.0,3.0,1.0,Bachelors,918514531522,New Delhi,L,0.0,,2.0,0
1991.0,Да,,No,2.0,471.0,Рак,35.0,9.0,2.0,1.0,Bachelors,911936192920,,L,11.0,2012.0,3.0,1
1991.0,Да,,No,2.0,,Рак,35.0,9.0,2.0,1.0,Bachelors,911936192920,,,11.0,2012.0,3.0,1
1991.0,,Female,No,2.0,,Рак,35.0,9.0,2.0,1.0,,911936192920,Pune,,11.0,2012.0,,1
1991.0,Да,,No,2.0,471.0,Рак,35.0,9.0,2.0,1.0,Bachelors,911936192920,Pune,,11.0,2012.0,3.0,1
1987.0,Нет,Male,No,1.0,492.0,Овен,40.0,5.0,3.0,1.0,PHD,919422189965,Bangalore,M,6.0,,3.0,0
,Нет,Male,,1.0,492.0,Овен,40.0,5.0,3.0,1.0,PHD,919422189965,Bangalore,,6.0,2013.0,3.0,0
1987.0,Нет,Male,No,1.0,492.0,Овен,40.0,,3.0,,,919422189965,,,6.0,,3.0,0
,,Male,No,1.0,492.0,Овен,40.0,5.0,,1.0,PHD,919422189965,Bangalore,M,6.0,2013.0,3.0,0
1993.0,Нет,,No,4.0,61.0,Близнецы,,3.0,2.0,1.0,Bachelors,917217860711,New Delhi,,2.0,2017.0,4.0,0
1993.0,Нет,Female,No,4.0,61.0,,34.0,3.0,2.0,1.0,Bachelors,917217860711,New Delhi,XS,2.0,,4.0,0
1993.0,,Female,No,4.0,61.0,Близнецы,34.0,,2.0,,,917217860711,New Delhi,XS,,2017.0,4.0,0
,Нет,Female,No,4.0,61.0,Близнецы,34.0,,2.0,1.0,Bachelors,917217860711,New Delhi,XS,2.0,2017.0,,0
1993.0,,Female,,,61.0,Близнецы,34.0,3.0,2.0,1.0,Bachelors,917217860711,New Delhi,XS,2.0,2017.0,,0
,Нет,Female,No,0.0,448.0,Скорпион,39.0,5.0,3.0,0.0,,912337300554,,M,14.0,2016.0,4.0,0
1987.0,Нет,Female,No,0.0,,Скорпион,39.0,5.0,3.0,,Bachelors,912337300554,New Delhi,M,14.0,,4.0,0
1987.0,Нет,Female,No,0.0,448.0,Скорпион,39.0,5.0,,0.0,Bachelors,912337300554,New Delhi,,14.0,2016.0,4.0,0
1998.0,Нет,Male,No,4.0,496.0,Лев,29.0,,3.0,,Bachelors,917610016061,Bangalore,M,10.0,2013.0,2.0,0
,Нет,Male,,4.0,496.0,Лев,29.0,3.0,3.0,0.0,,917610016061,Bangalore,M,,2013.0,2.0,0
,Нет,Male,No,4.0,496.0,Лев,29.0,3.0,3.0,0.0,Bachelors,917610016061,Bangalore,M,10.0,2013.0,2.0,0
1998.0,,Male,No,4.0,496.0,Лев,29.0,,3.0,0.0,Bachelors,917610016061,Bangalore,M,10.0,,2.0,0
,Да,Female,,1.0,383.0,Весы,23.0,3.0,2.0,0.0,Bachelors,919040624331,Pune,L,9.0,2015.0,2.0,1
2003.0,Да,Female,Yes,,383.0,,23.0,3.0,2.0,0.0,Bachelors,919040624331,Pune,L,9.0,2015.0,2.0,1
1993.0,Нет,Male,No,,5.0,Весы,32.0,,,0.0,Bachelors,913295183254,Pune,,10.0,2015.0,,0
1993.0,Нет,Male,No,0.0,5.0,Весы,32.0,4.0,,0.0,,913295183254,Pune,S,10.0,2015.0,,0
1993.0,Нет,Male,No,0.0,,Весы,32.0,4.0,3.0,,Bachelors,913295183254,,,10.0,2015.0,3.0,0
1998.0,Нет,Male,,4.0,477.0,Дева,28.0,4.0,,,Bachelors,911361325517,Pune,M,5.0,2014.0,4.0,0
1998.0,Нет,Male,,,477.0,Дева,28.0,4.0,3.0,1.0,,911361325517,Pune,M,5.0,2014.0,,0
,,Male,,4.0,,,28.0,4.0,3.0,1.0,,911361325517,Pune,M,5.0,2014.0,4.0,0
1993.0,Да,Male,Yes,2.0,62.0,Водолей,32.0,,,0.0,Masters,919984419045,New Delhi,L,9.0,2013.0,2.0,1
1993.0,Да,Male,Yes,2.0,62.0,Водолей,32.0,10.0,2.0,0.0,,919984419045,New Delhi,L,9.0,2013.0,,1
1993.0,Да,Male,Yes,,,Водолей,,10.0,2.0,,,919984419045,New Delhi,L,9.0,2013.0,2.0,1
1993.0,Да,Male,Yes,,62.0,Водолей,32.0,,2.0,0.0,Masters,919984419045,New Delhi,,9.0,2013.0,,1
,Нет,Female,No,0.0,53.0,Стрелец,32.0,,3.0,1.0,Bachelors,915058618687,,M,5.0,2012.0,1.0,0
1995.0,,Male,,5.0,402.0,Стрелец,30.0,10.0,3.0,,PHD,915316639256,Pune,,6.0,2017.0,5.0,0
1995.0,,Male,No,,402.0,,30.0,10.0,3.0,0.0,PHD,915316639256,,L,6.0,2017.0,5.0,0
1995.0,Нет,Male,,5.0,,Стрелец,30.0,10.0,,0.0,PHD,915316639256,Pune,L,6.0,2017.0,5.0,0
1995.0,Нет,,No,5.0,402.0,Стрелец,,10.0,3.0,,PHD,915316639256,,L,6.0,2017.0,5.0,0
1995.0,Нет,Male,No,3.0,6.0,Весы,31.0,0.0,,,,919004230452,New Delhi,L,1.0,,3.0,0
,Нет,Male,No,3.0,6.0,Весы,31.0,0.0,,1.0,PHD,919004230452,New Delhi,L,,,,0
,Нет,Male,No,3.0,6.0,Весы,,,3.0,1.0,PHD,919004230452,New Delhi,L,1.0,,3.0,0
,,,,3.0,6.0,Весы,31.0,0.0,3.0,1.0,PHD,919004230452,New Delhi,,1.0,,,0
1995.0,Нет,Male,No,3.0,6.0,Весы,31.0,0.0,3.0,1.0,,919004230452,New Delhi,,1.0,,3.0,0
1990.0,Нет,,,4.0,361.0,,37.0,0.0,3.0,,Bachelors,912881118829,Bangalore,XS,7.0,2013.0,5.0,0
1990.0,,Female,No,4.0,361.0,Стрелец,37.0,0.0,3.0,0.0,Bachelors,912881118829,Bangalore,XS,7.0,2013.0,5.0,0
1990.0,Нет,Female,No,4.0,361.0,Стрелец,37.0,0.0,3.0,0.0,Bachelors,912881118829,Bangalore,XS,7.0,2013.0,,0
1990.0,Нет,Female,No,4.0,361.0,Стрелец,37.0,0.0,3.0,0.0,Bachelors,912881118829,,XS,7.0,2013.0,,0
2005.0,Да,Female,No,0.0,,Дева,,8.0,2.0,0.0,Bachelors,916606232910,Pune,L,,2015.0,1.0,1
2005.0,Да,Female,No,0.0,,Дева,22.0,,2.0,0.0,Bachelors,916606232910,Pune,L,8.0,2015.0,1.0,1
2005.0,Да,Female,No,,,Дева,22.0,8.0,,0.0,Bachelors,916606232910,Pune,L,8.0,2015.0,1.0,1
,Нет,Male,No,5.0,243.0,Близнецы,,3.0,1.0,0.0,,914447996706,,S,,,3.0,0
1989.0,Нет,,No,5.0,243.0,Близнецы,38.0,3.0,,0.0,PHD,914447996706,,,,2015.0,3.0,0
1989.0,,Male,No,5.0,,Близнецы,38.0,,1.0,0.0,PHD,914447996706,,S,14.0,2015.0,3.0,0
1989.0,Нет,Male,No,5.0,243.0,Близнецы,38.0,3.0,1.0,,PHD,914447996706,New Delhi,S,14.0,2015.0,3.0,0
1989.0,Нет,Male,No,,243.0,Близнецы,38.0,3.0,1.0,0.0,PHD,914447996706,New Delhi,S,14.0,2015.0,3.0,0
2001.0,Да,Female,No,,,Лев,26.0,5.0,,,Bachelors,911356076502,New Delhi,S,,2016.0,2.0,1
1995.0,,Male,No,4.0,141.0,Скорпион,31.0,,2.0,,Masters,918454147449,New Delhi,L,7.0,,4.0,0
1995.0,Нет,Male,No,4.0,141.0,,,9.0,2.0,1.0,Masters,918454147449,New Delhi,L,7.0,,,0
,Нет,Male,,,141.0,Скорпион,,9.0,2.0,1.0,Masters,918454147449,New Delhi,,7.0,,4.0,0
1995.0,Нет,Male,No,4.0,141.0,Скорпион,31.0,9.0,2.0,1.0,Masters,918454147449,New Delhi,L,,2017.0,4.0,0
1995.0,Нет,Male,No,4.0,141.0,,31.0,9.0,,1.0,,918454147449,New Delhi,,7.0,2017.0,4.0,0
1999.0,Нет,Male,No,5.0,106.0,Стрелец,28.0,,3.0,0.0,Masters,911378207345,New Delhi,,,2014.0,2.0,0
1999.0,Нет,Male,,,106.0,Стрелец,28.0,10.0,3.0,0.0,Masters,911378207345,New Delhi,L,13.0,2014.0,2.0,0
1992.0,Нет,Female,No,3.0,108.0,Скорпион,34.0,,,1.0,PHD,918838789277,New Delhi,,4.0,,1.0,0
1996.0,Нет,Male,No,2.0,,Телец,31.0,9.0,,1.0,Masters,919433123427,,M,,,,0
1996.0,Нет,Male,No,2.0,433.0,,31.0,9.0,3.0,1.0,Masters,919433123427,Bangalore,M,6.0,2013.0,2.0,0
1996.0,Нет,Male,No,2.0,,,31.0,9.0,,1.0,Masters,919433123427,Bangalore,M,,2013.0,2.0,0
1986.0,Да,Female,No,1.0,371.0,Козерог,40.0,1.0,,1.0,Bachelors,919930623527,,,4.0,2013.0,,1
1993.0,Да,Female,No,1.0,258.0,,32.0,10.0,,1.0,Bachelors,914576182203,Pune,M,1.0,2018.0,,1
1994.0,Да,,No,2.0,121.0,Лев,31.0,7.0,3.0,1.0,Masters,915263036613,New Delhi,L,,2013.0,4.0,1
1994.0,Да,,No,2.0,121.0,Лев,31.0,7.0,3.0,,Masters,915263036613,New Delhi,L,5.0,2013.0,4.0,1
1994.0,Да,Male,,2.0,121.0,,31.0,7.0,3.0,,,915263036613,New Delhi,L,,2013.0,4.0,1
1996.0,Нет,,No,5.0,422.0,Рак,31.0,5.0,3.0,1.0,Bachelors,911275258741,,,5.0,2014.0,,0
1996.0,Нет,,No,5.0,422.0,Рак,31.0,5.0,3.0,1.0,,911275258741,Bangalore,M,5.0,2014.0,4.0,0
,Нет,,No,0.0,88.0,Дева,22.0,7.0,3.0,0.0,Bachelors,916750170833,Pune,L,6.0,2015.0,1.0,0
2003.0,Нет,Male,No,0.0,88.0,Дева,22.0,7.0,3.0,,,916750170833,Pune,L,6.0,2015.0,1.0,0
,Нет,Male,No,0.0,88.0,,,7.0,3.0,0.0,Bachelors,916750170833,,L,6.0,2015.0,1.0,0
,Нет,,No,0.0,88.0,Дева,22.0,,3.0,0.0,Bachelors,916750170833,Pune,,6.0,2015.0,1.0,0
1987.0,Да,Female,No,5.0,119.0,Близнецы,38.0,,3.0,1.0,PHD,914844259635,,,6.0,2018.0,3.0,1
1987.0,Да,Female,No,5.0,119.0,Близнецы,38.0,2.0,3.0,1.0,,914844259635,,XL,6.0,2018.0,3.0,1
2004.0,Нет,Male,Yes,1.0,244.0,Дева,23.0,5.0,3.0,0.0,,912411408150,Bangalore,XL,4.0,2015.0,1.0,0
2004.0,Нет,,,,244.0,Дева,23.0,5.0,3.0,0.0,Bachelors,912411408150,Bangalore,XL,,,1.0,0
2004.0,Нет,Male,,,244.0,Дева,23.0,5.0,3.0,0.0,Bachelors,912411408150,Bangalore,XL,,2015.0,1.0,0
2004.0,,Male,Yes,1.0,244.0,Дева,23.0,,3.0,0.0,Bachelors,912411408150,Bangalore,,4.0,2015.0,,0
1991.0,,,No,1.0,437.0,Лев,34.0,,3.0,0.0,Bachelors,916802582442,Bangalore,XL,,2016.0,,0
1991.0,Нет,,No,1.0,437.0,,34.0,1.0,3.0,0.0,Bachelors,916802582442,Bangalore,XL,6.0,2016.0,1.0,0
1990.0,Да,Female,No,1.0,,Рак,,,3.0,,Bachelors,918065210119,Pune,M,15.0,2015.0,2.0,1
1990.0,Да,Female,No,1.0,,Рак,37.0,2.0,3.0,0.0,Bachelors,918065210119,,M,15.0,2015.0,2.0,1
1990.0,Да,Female,,,305.0,,37.0,,3.0,,,918065210119,Pune,M,,2015.0,2.0,1
1990.0,Да,Female,,1.0,305.0,Рак,37.0,,3.0,0.0,Bachelors,918065210119,Pune,M,,2015.0,2.0,1
2003.0,Нет,,No,1.0,438.0,Козерог,23.0,4.0,3.0,1.0,PHD,913493848764,New Delhi,,11.0,2013.0,,0
2003.0,Нет,,No,1.0,438.0,Козерог,23.0,,,1.0,PHD,913493848764,New Delhi,XL,11.0,2013.0,2.0,0
2003.0,Нет,Male,,1.0,309.0,,,3.0,,,,915577303114,,M,13.0,2014.0,2.0,0
2003.0,Нет,Male,No,1.0,,,23.0,,3.0,1.0,Bachelors,915577303114,New Delhi,M,13.0,2014.0,2.0,0
,,Male,No,1.0,309.0,Козерог,23.0,3.0,3.0,1.0,Bachelors,915577303114,New Delhi,,13.0,2014.0,,0
2003.0,Нет,Male,No,1.0,309.0,Козерог,23.0,3.0,,1.0,Bachelors,915577303114,New Delhi,M,13.0,2014.0,2.0,0
,Нет,Male,No,1.0,309.0,,23.0,3.0,3.0,1.0,,915577303114,,M,13.0,2014.0,2.0,0
1999.0,Да,,,,315.0,Рак,28.0,0.0,2.0,1.0,Bachelors,919943079522,Pune,M,9.0,2018.0,5.0,1
1999.0,,Female,No,4.0,315.0,Рак,28.0,0.0,2.0,,Bachelors,919943079522,Pune,M,9.0,2018.0,,1
1999.0,Да,Female,No,4.0,,Рак,28.0,0.0,2.0,1.0,Bachelors,919943079522,,M,9.0,2018.0,,1
1999.0,Да,,No,4.0,315.0,Рак,28.0,0.0,2.0,,Bachelors,919943079522,Pune,M,9.0,2018.0,5.0,1
1999.0,,,No,4.0,315.0,,28.0,0.0,2.0,1.0,Bachelors,919943079522,,,9.0,,5.0,1
1993.0,,,No,3.0,,Весы,33.0,2.0,3.0,1.0,Bachelors,913434447575,Pune,M,11.0,2014.0,3.0,0
,Нет,Male,No,3.0,43.0,Весы,33.0,,3.0,,,913434447575,Pune,M,,2014.0,,0
1993.0,Нет,,No,3.0,43.0,Весы,33.0,2.0,,1.0,Bachelors,913434447575,Pune,M,11.0,2014.0,3.0,0
1993.0,Нет,,No,3.0,43.0,Весы,33.0,2.0,3.0,,,913434447575,Pune,M,11.0,2014.0,3.0,0
1990.0,Да,Female,No,2.0,214.0,Овен,35.0,4.0,,0.0,Bachelors,911141260972,Bangalore,S,,2018.0,1.0,1
1990.0,Да,Female,No,2.0,214.0,Овен,35.0,4.0,3.0,0.0,,911141260972,Bangalore,S,1.0,2018.0,1.0,1
1995.0,Нет,Female,Yes,,75.0,Козерог,30.0,5.0,3.0,0.0,Bachelors,919402305166,New Delhi,S,15.0,2012.0,2.0,0
1995.0,,Female,Yes,1.0,75.0,Козерог,30.0,5.0,3.0,0.0,Bachelors,919402305166,New Delhi,S,15.0,2012.0,2.0,0
2003.0,Нет,Male,Yes,0.0,433.0,Овен,22.0,,3.0,1.0,Bachelors,915173081976,Bangalore,L,6.0,2015.0,2.0,0
2003.0,Нет,Male,Yes,0.0,433.0,Овен,22.0,,3.0,1.0,Bachelors,915173081976,Bangalore,L,6.0,2015.0,,0
1986.0,Нет,Male,No,4.0,276.0,Лев,39.0,1.0,3.0,,Bachelors,918904061940,Pune,S,,2014.0,1.0,0
1986.0,Нет,Male,No,4.0,276.0,,39.0,,3.0,0.0,Bachelors,918904061940,Pune,,15.0,2014.0,1.0,0
1986.0,Нет,Male,No,4.0,,Лев,39.0,1.0,3.0,0.0,Bachelors,918904061940,Pune,S,15.0,2014.0,1.0,0
1986.0,Нет,Male,,,276.0,Лев,,1.0,3.0,0.0,Bachelors,918904061940,Pune,S,15.0,2014.0,1.0,0
,Нет,Male,No,,276.0,Лев,39.0,1.0,3.0,0.0,Bachelors,918904061940,Pune,S,15.0,,,0
,Нет,Male,No,5.0,377.0,Весы,38.0,2.0,1.0,1.0,PHD,912140605863,Bangalore,XL,13.0,2012.0,,0
2003.0,Да,Female,No,,,Лев,,,3.0,0.0,Bachelors,911185744891,,,,2014.0,3.0,1
2003.0,Да,Female,No,0.0,371.0,Лев,,,3.0,0.0,Bachelors,911185744891,Bangalore,M,,2014.0,3.0,1
1991.0,,Female,No,5.0,205.0,Рыбы,,6.0,3.0,,Bachelors,916474295035,New Delhi,XS,14.0,2014.0,,0
1991.0,Нет,,No,5.0,205.0,Рыбы,,6.0,3.0,0.0,Bachelors,916474295035,New Delhi,XS,14.0,2014.0,1.0,0
1991.0,Нет,Female,No,5.0,205.0,Рыбы,36.0,6.0,,0.0,,916474295035,New Delhi,XS,14.0,,,0
1991.0,Нет,Female,,5.0,205.0,Рыбы,36.0,6.0,3.0,0.0,Bachelors,916474295035,,XS,14.0,,1.0,0
1995.0,,Male,No,2.0,,Рак,32.0,,1.0,,Bachelors,911392728920,Pune,L,,2016.0,2.0,0
1995.0,,Male,No,2.0,273.0,Рак,,,,1.0,Bachelors,911392728920,Pune,L,7.0,2016.0,,0
1995.0,Нет,Male,No,2.0,,Рак,32.0,3.0,1.0,1.0,,911392728920,Pune,L,7.0,2016.0,,0
1995.0,Нет,Male,No,2.0,273.0,Рак,32.0,,1.0,1.0,Bachelors,911392728920,Pune,L,,2016.0,2.0,0
1995.0,Нет,,No,2.0,,Рак,32.0,3.0,1.0,1.0,Bachelors,911392728920,Pune,L,7.0,2016.0,2.0,0
1988.0,,Female,No,,,Скорпион,39.0,9.0,2.0,0.0,Bachelors,915888618427,New Delhi,M,7.0,,2.0,0
1988.0,Нет,Female,,2.0,119.0,Скорпион,39.0,9.0,2.0,0.0,Bachelors,915888618427,New Delhi,M,7.0,2017.0,2.0,0
1988.0,Нет,,No,2.0,119.0,Скорпион,39.0,9.0,2.0,0.0,Bachelors,915888618427,New Delhi,M,7.0,2017.0,2.0,0
1988.0,,Female,No,2.0,119.0,Скорпион,39.0,9.0,2.0,0.0,Bachelors,915888618427,,M,7.0,2017.0,,0
1988.0,,Female,No,2.0,119.0,Скорпион,39.0,9.0,2.0,,Bachelors,915888618427,New Delhi,M,7.0,,2.0,0
1990.0,,,,5.0,174.0,,36.0,6.0,,1.0,Bachelors,911631687938,Pune,XL,12.0,2015.0,2.0,0
,Нет,Male,No,5.0,,Лев,36.0,,,1.0,Bachelors,911631687938,,XL,12.0,2015.0,,0
1993.0,Да,Male,Yes,,,Скорпион,34.0,4.0,3.0,0.0,Bachelors,914631181151,,L,1.0,2018.0,3.0,1
1993.0,Да,Male,Yes,5.0,62.0,Скорпион,34.0,4.0,3.0,0.0,Bachelors,914631181151,Bangalore,,1.0,2018.0,,1
1993.0,Да,,Yes,5.0,62.0,Скорпион,34.0,4.0,3.0,0.0,Bachelors,914631181151,,L,1.0,2018.0,3.0,1
1989.0,Да,Female,Yes,1.0,465.0,Рак,36.0,1.0,3.0,0.0,Bachelors,911415507323,Bangalore,,5.0,2018.0,1.0,1
1989.0,Да,Female,Yes,1.0,465.0,,36.0,,3.0,0.0,Bachelors,911415507323,Bangalore,M,,2018.0,1.0,1
1989.0,Да,Female,Yes,,,Рак,36.0,1.0,3.0,0.0,,911415507323,Bangalore,M,5.0,2018.0,1.0,1
2005.0,Нет,Female,No,0.0,355.0,Козерог,22.0,9.0,3.0,1.0,PHD,915249681181,,XS,8.0,2015.0,2.0,0
2005.0,Нет,Female,No,0.0,355.0,,22.0,9.0,3.0,,PHD,915249681181,New Delhi,,8.0,2015.0,,0
1999.0,,Female,No,5.0,325.0,Весы,28.0,2.0,,0.0,Bachelors,918805522472,New Delhi,M,12.0,,5.0,0
1999.0,Нет,,No,5.0,325.0,Весы,28.0,2.0,1.0,0.0,Bachelors,918805522472,,,12.0,,5.0,0
1988.0,Нет,,No,4.0,331.0,Дева,39.0,9.0,,0.0,Bachelors,918185768913,Bangalore,M,10.0,2014.0,,0
,Нет,Female,No,4.0,331.0,Дева,39.0,,1.0,0.0,Bachelors,918185768913,Bangalore,,,2014.0,5.0,0
1995.0,Нет,Male,No,3.0,282.0,,31.0,5.0,,0.0,Bachelors,911348226198,Bangalore,XXL,15.0,2012.0,3.0,0
1995.0,Нет,Male,No,3.0,282.0,Скорпион,31.0,5.0,3.0,,Bachelors,911348226198,Bangalore,XXL,15.0,,3.0,0
,Нет,,No,,282.0,Скорпион,,5.0,3.0,0.0,,911348226198,,XXL,,,3.0,0
1994.0,Да,Female,,,249.0,,33.0,,,0.0,,911886194165,Pune,XL,2.0,2015.0,1.0,1
1994.0,Да,Female,No,2.0,249.0,Водолей,33.0,,,0.0,Bachelors,911886194165,Pune,XL,2.0,2015.0,,1
1994.0,,Female,No,2.0,249.0,Водолей,33.0,4.0,2.0,0.0,Bachelors,911886194165,Pune,XL,2.0,,1.0,1
1988.0,Да,Female,No,1.0,17.0,Весы,38.0,9.0,2.0,,Bachelors,917345833562,Pune,M,11.0,2017.0,5.0,1
1989.0,Нет,Male,No,2.0,120.0,Водолей,38.0,10.0,,,Bachelors,916588213837,Pune,M,1.0,2014.0,2.0,0
1989.0,Нет,Male,No,2.0,,Водолей,38.0,,3.0,,Bachelors,916588213837,Pune,M,1.0,,2.0,0
1989.0,Нет,Male,,2.0,,Водолей,38.0,10.0,3.0,1.0,Bachelors,916588213837,Pune,M,1.0,2014.0,,0
1989.0,Нет,,No,2.0,,,38.0,10.0,3.0,1.0,Bachelors,916588213837,,M,1.0,2014.0,2.0,0
1989.0,Нет,Male,No,2.0,120.0,Водолей,38.0,,3.0,,Bachelors,916588213837,Pune,M,1.0,2014.0,2.0,0
1993.0,,Female,No,2.0,,Близнецы,33.0,,2.0,0.0,Masters,914554050813,Pune,,10.0,2017.0,3.0,0
,,Male,Yes,1.0,353.0,Стрелец,36.0,2.0,3.0,,Bachelors,917906669227,Pune,M,15.0,2018.0,3.0,1
1991.0,Да,Male,Yes,1.0,,Стрелец,,2.0,3.0,1.0,Bachelors,917906669227,Pune,M,15.0,2018.0,3.0,1
,Да,Male,,1.0,353.0,Стрелец,36.0,,3.0,1.0,,917906669227,,M,,,,1
1991.0,Да,Male,Yes,1.0,353.0,Стрелец,,2.0,3.0,,Bachelors,917906669227,Pune,,15.0,2018.0,3.0,1
1985.0,,Female,No,,122.0,,,1.0,2.0,,Bachelors,913212633934,New Delhi,M,8.0,2017.0,5.0,0
1985.0,Нет,Female,,5.0,122.0,Телец,40.0,1.0,2.0,,Bachelors,913212633934,New Delhi,M,8.0,2017.0,5.0,0
,Нет,,No,5.0,122.0,Телец,,1.0,,1.0,Bachelors,913212633934,New Delhi,M,8.0,2017.0,5.0,0
1985.0,Нет,Female,No,5.0,122.0,Телец,40.0,1.0,2.0,1.0,Bachelors,913212633934,New Delhi,M,8.0,2017.0,5.0,0
,,Female,No,4.0,,Водолей,31.0,,,1.0,Masters,918194469110,,XL,3.0,2012.0,4.0,0
1994.0,Нет,,No,4.0,388.0,Водолей,31.0,10.0,,1.0,Masters,918194469110,Bangalore,,,,,0
,Нет,,No,4.0,388.0,Водолей,31.0,10.0,3.0,1.0,Masters,918194469110,Bangalore,XL,,2012.0,4.0,0
1999.0,Да,Female,No,1.0,,Рак,28.0,0.0,3.0,1.0,Bachelors,913199416762,New Delhi,XS,12.0,2017.0,2.0,1
1999.0,Да,Female,,1.0,331.0,Рак,28.0,0.0,3.0,1.0,Bachelors,913199416762,New Delhi,XS,12.0,2017.0,,1
1999.0,Да,Female,No,,331.0,Рак,28.0,0.0,3.0,1.0,Bachelors,913199416762,New Delhi,,12.0,,2.0,1
1999.0,,Female,No,1.0,331.0,Рак,28.0,,3.0,1.0,Bachelors,913199416762,,XS,12.0,2017.0,2.0,1
1999.0,Да,Female,No,1.0,331.0,,,0.0,,1.0,Bachelors,913199416762,,,12.0,2017.0,2.0,1
1989.0,,Male,Yes,5.0,,,38.0,8.0,,0.0,Bachelors,914621219863,Bangalore,L,3.0,2014.0,2.0,0
1989.0,Нет,Male,Yes,5.0,,Телец,38.0,,,,Bachelors,914621219863,Bangalore,,3.0,,2.0,0
1989.0,Нет,,Yes,5.0,47.0,Телец,38.0,,3.0,,Bachelors,914621219863,Bangalore,L,,2014.0,2.0,0
1989.0,Нет,Male,,5.0,47.0,,,,3.0,0.0,Bachelors,914621219863,Bangalore,L,3.0,2014.0,2.0,0
1989.0,Нет,,Yes,5.0,47.0,Телец,38.0,8.0,,0.0,Bachelors,914621219863,Bangalore,L,3.0,2014.0,,0
1996.0,Нет,Male,,0.0,10.0,Рак,31.0,,,0.0,Masters,916011486473,,,,,3.0,0
2000.0,,Male,No,,75.0,Козерог,25.0,5.0,2.0,0.0,Bachelors,911794602078,Pune,S,14.0,2015.0,,1
2000.0,Да,Male,No,3.0,75.0,Козерог,25.0,5.0,2.0,0.0,Bachelors,911794602078,Pune,,,2015.0,5.0,1
2000.0,,Male,No,3.0,75.0,Козерог,25.0,5.0,,0.0,Bachelors,911794602078,Pune,S,,2015.0,5.0,1
2000.0,Да,Male,No,,75.0,Козерог,25.0,5.0,2.0,,Bachelors,911794602078,Pune,,14.0,2015.0,5.0,1
1987.0,Нет,,No,1.0,500.0,Рыбы,40.0,,3.0,,Bachelors,914596714421,Bangalore,,7.0,2017.0,2.0,0
1987.0,Нет,Male,No,1.0,500.0,Рыбы,,1.0,,0.0,,914596714421,Bangalore,L,7.0,2017.0,,0
,Нет,Male,No,1.0,500.0,Рыбы,40.0,1.0,3.0,0.0,Bachelors,914596714421,Bangalore,L,7.0,2017.0,,0
1987.0,Нет,Male,No,1.0,500.0,Рыбы,40.0,1.0,3.0,0.0,Bachelors,914596714421,Bangalore,L,7.0,2017.0,,0
1987.0,Нет,,No,1.0,500.0,Рыбы,40.0,1.0,3.0,0.0,Bachelors,914596714421,,L,7.0,,2.0,0
1993.0,Нет,Male,No,0.0,272.0,Водолей,32.0,1.0,3.0,0.0,,914459301002,Bangalore,,0.0,2016.0,1.0,0
1992.0,Да,Male,No,3.0,85.0,Телец,,,3.0,1.0,,917364666118,Bangalore,L,8.0,2015.0,1.0,1
,Нет,Male,,,450.0,Овен,36.0,,3.0,,Bachelors,919841012049,New Delhi,L,14.0,2012.0,4.0,0
1997.0,Нет,Female,No,4.0,146.0,Водолей,30.0,8.0,3.0,0.0,Bachelors,914702782010,,S,2.0,2013.0,4.0,0
1997.0,,Female,,4.0,,Водолей,,8.0,3.0,0.0,Bachelors,914702782010,Bangalore,,2.0,2013.0,,0
1997.0,Нет,Female,,4.0,,Водолей,30.0,8.0,3.0,0.0,,914702782010,Bangalore,S,2.0,2013.0,,0
,Нет,Female,No,4.0,146.0,Водолей,30.0,8.0,3.0,0.0,Bachelors,914702782010,Bangalore,S,2.0,2013.0,4.0,0
1997.0,,Female,,4.0,146.0,Водолей,30.0,8.0,,0.0,Bachelors,914702782010,Bangalore,S,2.0,2013.0,4.0,0
2003.0,Нет,Male,,1.0,72.0,Рыбы,23.0,10.0,3.0,0.0,Bachelors,911906835790,Bangalore,L,1.0,2012.0,1.0,0
1994.0,Нет,,No,2.0,,,31.0,,2.0,,Masters,911616295490,Pune,M,15.0,2015.0,2.0,0
,Нет,Female,No,2.0,94.0,Рыбы,31.0,9.0,2.0,,,911616295490,Pune,M,15.0,,2.0,0
2001.0,Нет,,Yes,3.0,,Стрелец,,8.0,3.0,,Bachelors,911560240417,Bangalore,L,13.0,2014.0,,0
2001.0,Нет,Male,Yes,3.0,362.0,Стрелец,25.0,8.0,,0.0,Bachelors,911560240417,Bangalore,L,13.0,2014.0,1.0,0
1997.0,Нет,,No,2.0,,Водолей,28.0,2.0,3.0,0.0,,912375559176,Bangalore,,14.0,2017.0,4.0,0
1997.0,Нет,,,2.0,33.0,Водолей,28.0,2.0,3.0,0.0,Bachelors,912375559176,,M,14.0,2017.0,4.0,0
1997.0,Нет,,No,2.0,33.0,Водолей,28.0,2.0,3.0,0.0,Bachelors,912375559176,Bangalore,M,,2017.0,,0
2003.0,Да,Female,Yes,2.0,237.0,,24.0,6.0,,1.0,Masters,915645983651,New Delhi,L,6.0,2018.0,2.0,1
,Да,Female,Yes,2.0,,Близнецы,24.0,6.0,3.0,1.0,Masters,915645983651,,L,,2018.0,2.0,1
2003.0,Да,Female,Yes,2.0,237.0,Близнецы,24.0,6.0,3.0,,Masters,915645983651,New Delhi,L,,2018.0,2.0,1
2002.0,Нет,Male,,3.0,432.0,,25.0,2.0,2.0,1.0,Bachelors,911149014849,Pune,L,,2017.0,1.0,0
2002.0,Да,Female,No,2.0,,Весы,24.0,8.0,2.0,1.0,Bachelors,917245899639,Pune,L,5.0,2018.0,3.0,1
2002.0,Да,Female,No,,440.0,,24.0,8.0,2.0,,Bachelors,917245899639,Pune,,5.0,2018.0,3.0,1
,Да,Female,,,440.0,Весы,24.0,8.0,2.0,1.0,Bachelors,917245899639,Pune,L,5.0,2018.0,3.0,1
2002.0,Да,Female,No,2.0,440.0,Весы,24.0,8.0,2.0,1.0,Bachelors,917245899639,Pune,L,5.0,2018.0,3.0,1
2002.0,Да,Female,No,2.0,,Весы,,8.0,2.0,1.0,Bachelors,917245899639,Pune,,5.0,2018.0,3.0,1
,Нет,Female,No,,424.0,,28.0,5.0,2.0,0.0,,912417980806,New Delhi,L,8.0,,2.0,0
1998.0,Нет,Female,No,1.0,424.0,Водолей,28.0,5.0,2.0,0.0,,912417980806,New Delhi,,8.0,2017.0,2.0,0
1998.0,Нет,Female,No,,,,28.0,5.0,,,Masters,912417980806,New Delhi,L,8.0,2017.0,,0
1998.0,Нет,Female,No,1.0,,Водолей,,5.0,,0.0,Masters,912417980806,New Delhi,L,8.0,2017.0,,0
1998.0,Нет,Female,No,1.0,424.0,Водолей,,,,,Masters,912417980806,New Delhi,L,8.0,2017.0,,0
1999.0,Нет,Female,No,5.0,273.0,Весы,27.0,5.0,1.0,1.0,Bachelors,915150254594,New Delhi,S,15.0,2013.0,5.0,0
1999.0,Нет,Female,,5.0,395.0,Стрелец,27.0,8.0,2.0,0.0,Bachelors,914243320667,New Delhi,M,7.0,2017.0,,0
,Нет,,No,,,,,8.0,,0.0,Bachelors,914243320667,New Delhi,M,7.0,,1.0,0
1999.0,Нет,Female,No,5.0,395.0,,,8.0,2.0,0.0,,914243320667,New Delhi,M,,2017.0,1.0,0
1999.0,Нет,Female,,5.0,395.0,Стрелец,,8.0,2.0,,Bachelors,914243320667,New Delhi,M,7.0,2017.0,1.0,0
1999.0,Нет,Female,No,5.0,395.0,Стрелец,27.0,8.0,2.0,,Bachelors,914243320667,New Delhi,M,7.0,2017.0,1.0,0
1999.0,Да,Female,No,5.0,244.0,,27.0,6.0,2.0,1.0,Bachelors,914103337681,,S,9.0,2016.0,4.0,1
1999.0,Да,Female,No,,244.0,Лев,27.0,6.0,2.0,1.0,Bachelors,914103337681,Pune,S,,2016.0,4.0,1
1999.0,Да,Female,No,5.0,244.0,Лев,,6.0,2.0,1.0,Bachelors,914103337681,Pune,S,9.0,2016.0,4.0,1
1999.0,Да,Female,No,5.0,244.0,Лев,27.0,6.0,2.0,1.0,Bachelors,914103337681,,,9.0,2016.0,4.0,1
1999.0,Да,Female,No,5.0,244.0,Лев,27.0,,2.0,1.0,,914103337681,Pune,,9.0,2016.0,4.0,1
2002.0,Да,Male,No,2.0,,Скорпион,24.0,6.0,3.0,1.0,Masters,918672570730,Bangalore,,10.0,2018.0,3.0,1
2002.0,Да,Male,No,,306.0,Скорпион,24.0,6.0,,1.0,,918672570730,,,,2018.0,3.0,1
2002.0,Да,Male,No,2.0,306.0,Скорпион,,6.0,3.0,1.0,Masters,918672570730,Bangalore,XL,10.0,2018.0,3.0,1
2001.0,Нет,Male,,4.0,3.0,,26.0,1.0,1.0,1.0,,911915872208,Pune,L,,2012.0,1.0,0
2001.0,Нет,,No,,3.0,Лев,26.0,1.0,1.0,,Bachelors,911915872208,Pune,L,,2012.0,1.0,0
2001.0,Нет,,,4.0,3.0,Лев,26.0,1.0,1.0,,,911915872208,Pune,L,4.0,2012.0,1.0,0
2001.0,Нет,Male,,4.0,3.0,Лев,26.0,1.0,1.0,1.0,Bachelors,911915872208,Pune,L,4.0,2012.0,,0
1998.0,Нет,Male,,5.0,77.0,Близнецы,27.0,4.0,,,Masters,919446487834,New Delhi,L,4.0,2016.0,,0
1998.0,,Male,No,5.0,77.0,Близнецы,,4.0,1.0,,Masters,919446487834,,L,,2016.0,4.0,0
1998.0,Нет,Male,,5.0,77.0,Близнецы,27.0,4.0,1.0,1.0,Masters,919446487834,New Delhi,,,2016.0,4.0,0
1998.0,Нет,Male,No,5.0,,Близнецы,27.0,4.0,1.0,,,919446487834,New Delhi,L,4.0,,,0
1999.0,Нет,Female,No,4.0,394.0,,,,3.0,1.0,Bachelors,918686254464,New Delhi,L,3.0,,1.0,0
1999.0,Нет,Female,,4.0,,,26.0,2.0,3.0,,Bachelors,918686254464,New Delhi,L,3.0,2015.0,1.0,0
,Нет,Female,No,4.0,394.0,Лев,26.0,2.0,3.0,1.0,Bachelors,918686254464,New Delhi,L,3.0,,1.0,0
1999.0,Нет,Female,,4.0,394.0,Лев,26.0,2.0,,1.0,,918686254464,New Delhi,L,,2015.0,1.0,0
2000.0,Нет,Male,Yes,5.0,24.0,Близнецы,27.0,5.0,3.0,1.0,Bachelors,918137128382,Bangalore,,,2012.0,4.0,0
2000.0,Нет,Male,Yes,5.0,24.0,Близнецы,27.0,5.0,3.0,1.0,,918137128382,,,8.0,2012.0,4.0,0
2000.0,,,Yes,,24.0,Близнецы,27.0,5.0,3.0,1.0,Bachelors,918137128382,Bangalore,M,,,,0
,Нет,Male,Yes,5.0,24.0,,27.0,5.0,3.0,1.0,Bachelors,918137128382,,M,8.0,2012.0,,0
2001.0,Да,Male,Yes,,474.0,Рыбы,,8.0,3.0,0.0,Bachelors,911846444875,,L,,2013.0,3.0,1
2001.0,Да,Male,Yes,,474.0,Рыбы,24.0,8.0,3.0,,Bachelors,911846444875,Bangalore,L,15.0,2013.0,,1
2001.0,Да,Male,Yes,2.0,474.0,,24.0,8.0,3.0,0.0,Bachelors,911846444875,,,15.0,2013.0,3.0,1
2000.0,Да,Female,No,4.0,,Телец,26.0,5.0,3.0,,,911735942888,Bangalore,,5.0,2018.0,,1
2000.0,Да,Female,,4.0,476.0,Телец,26.0,5.0,,1.0,Bachelors,911735942888,Bangalore,M,5.0,,,1
2000.0,Да,Female,No,4.0,476.0,Телец,26.0,5.0,3.0,1.0,,911735942888,Bangalore,M,5.0,,,1
2000.0,Да,,No,,,Телец,26.0,,,1.0,Bachelors,911735942888,,M,5.0,,3.0,1
2000.0,,Female,No,,,Лев,26.0,10.0,2.0,,Masters,912251948932,Pune,S,0.0,2017.0,2.0,1
2000.0,,Female,No,,119.0,Лев,,10.0,,,Masters,912251948932,Pune,S,,,2.0,1
,Да,,No,,119.0,Лев,26.0,,,0.0,,912251948932,,S,0.0,,,1
2000.0,Да,Female,No,4.0,119.0,Лев,26.0,10.0,,0.0,Masters,912251948932,Pune,,0.0,2017.0,,1
1997.0,Нет,,,,,Стрелец,28.0,10.0,,1.0,Masters,912881093977,New Delhi,M,,2017.0,,0
1997.0,Нет,Female,No,,394.0,,,10.0,2.0,1.0,Masters,912881093977,New Delhi,M,6.0,2017.0,4.0,0
2000.0,Нет,Male,No,3.0,342.0,Дева,25.0,3.0,3.0,0.0,Masters,914628661472,New Delhi,M,11.0,2013.0,1.0,0
1997.0,Да,Female,Yes,1.0,415.0,Козерог,,,,1.0,Bachelors,917438325479,Bangalore,M,4.0,2018.0,,1
2000.0,Да,Female,No,,284.0,Водолей,27.0,3.0,,,Bachelors,917404006632,,,2.0,2013.0,3.0,1
2000.0,Да,,No,5.0,284.0,Водолей,27.0,3.0,,0.0,,917404006632,Pune,S,2.0,,3.0,1
2000.0,Да,Female,No,5.0,,Водолей,27.0,3.0,3.0,,,917404006632,Pune,S,2.0,2013.0,,1
2000.0,Да,Female,,5.0,284.0,Водолей,27.0,,3.0,0.0,,917404006632,Pune,S,2.0,2013.0,3.0,1
1998.0,Нет,Male,No,1.0,430.0,Стрелец,28.0,1.0,3.0,0.0,Bachelors,913371833529,,XL,,2014.0,4.0,0
1998.0,Нет,Male,No,1.0,430.0,Стрелец,28.0,1.0,3.0,0.0,Bachelors,913371833529,,XL,9.0,,4.0,0
1998.0,Нет,Male,No,1.0,430.0,Стрелец,28.0,1.0,3.0,0.0,Bachelors,913371833529,Bangalore,XL,9.0,2014.0,4.0,0
,Нет,,,3.0,416.0,Близнецы,28.0,8.0,3.0,,Bachelors,914806423515,New Delhi,,5.0,,3.0,0
1997.0,Нет,Male,,,85.0,Овен,28.0,4.0,2.0,1.0,Masters,913661719985,New Delhi,M,1.0,2017.0,4.0,0
1997.0,Нет,Male,,,85.0,Овен,,,,1.0,Masters,913661719985,New Delhi,M,1.0,2017.0,4.0,0
1997.0,Нет,,Yes,2.0,,Овен,28.0,4.0,,,Masters,913661719985,New Delhi,M,1.0,2017.0,4.0,0
,Нет,Male,No,4.0,496.0,Скорпион,26.0,8.0,,,Masters,912558082195,New Delhi,M,7.0,2017.0,,0
,,Male,No,4.0,,Скорпион,26.0,8.0,3.0,0.0,Masters,912558082195,,,,2017.0,1.0,0
1999.0,Нет,Male,,4.0,496.0,Скорпион,,8.0,3.0,0.0,Masters,912558082195,New Delhi,M,7.0,2017.0,,0
2002.0,Да,Female,,3.0,284.0,Водолей,25.0,2.0,,1.0,,916652099114,Pune,M,10.0,2015.0,4.0,1
1999.0,,Male,No,5.0,101.0,Рыбы,27.0,4.0,3.0,0.0,,916363602244,,M,3.0,2013.0,3.0,0
2001.0,Нет,,,2.0,,Козерог,,,3.0,0.0,PHD,915852309502,Bangalore,M,,2014.0,3.0,0
1999.0,Нет,Female,No,5.0,,Скорпион,27.0,10.0,2.0,1.0,Masters,913002334704,New Delhi,L,8.0,,2.0,0
1999.0,,Female,No,5.0,464.0,Скорпион,27.0,10.0,,1.0,Masters,913002334704,,L,8.0,,,0
1999.0,Нет,Female,No,5.0,464.0,,27.0,10.0,2.0,,Masters,913002334704,New Delhi,L,8.0,2017.0,2.0,0
1999.0,Нет,Female,No,,464.0,Скорпион,,10.0,2.0,1.0,Masters,913002334704,,L,8.0,2017.0,2.0,0
,,,No,5.0,,Скорпион,27.0,10.0,,,Masters,913002334704,New Delhi,L,8.0,2017.0,2.0,0
2001.0,,Male,,4.0,432.0,Телец,26.0,,3.0,0.0,Bachelors,919726558292,Bangalore,,,,3.0,0
2001.0,Нет,,No,4.0,432.0,Телец,26.0,,3.0,0.0,,919726558292,Bangalore,L,,2012.0,3.0,0
2001.0,Нет,Male,,4.0,432.0,Телец,,4.0,3.0,0.0,Bachelors,919726558292,Bangalore,L,,2012.0,3.0,0
,Нет,,,,432.0,Телец,26.0,4.0,3.0,0.0,Bachelors,919726558292,Bangalore,L,,2012.0,3.0,0
1998.0,Да,Female,No,5.0,311.0,,27.0,8.0,3.0,0.0,Masters,914565682445,Pune,S,2.0,2015.0,3.0,1
2003.0,,Male,No,2.0,214.0,,24.0,,,1.0,Bachelors,914737332361,Bangalore,M,0.0,2016.0,3.0,0
2003.0,Нет,Male,No,2.0,214.0,Лев,24.0,3.0,,1.0,Bachelors,914737332361,Bangalore,M,0.0,2016.0,3.0,0
2001.0,Нет,Female,No,3.0,,,25.0,,2.0,,Masters,911265855989,,M,14.0,,,0
,,Female,No,3.0,386.0,Весы,25.0,7.0,2.0,1.0,,911265855989,,M,14.0,2017.0,2.0,0
1997.0,,Male,No,1.0,,Телец,28.0,5.0,2.0,1.0,,913342070321,New Delhi,S,10.0,2017.0,1.0,0
,,,No,,323.0,Близнецы,27.0,7.0,3.0,,Bachelors,915045796798,New Delhi,M,,2012.0,3.0,0
2000.0,Нет,Female,,5.0,,Близнецы,27.0,7.0,3.0,0.0,,915045796798,New Delhi,M,1.0,,,0
,Нет,Female,No,,,Близнецы,,7.0,3.0,0.0,Bachelors,915045796798,New Delhi,M,1.0,2012.0,3.0,0
2000.0,Нет,Female,,5.0,323.0,Близнецы,27.0,7.0,,,Bachelors,915045796798,New Delhi,M,1.0,,3.0,0
2000.0,,Female,No,5.0,,Близнецы,27.0,7.0,3.0,,Bachelors,915045796798,New Delhi,M,1.0,,3.0,0
2001.0,,Female,Yes,4.0,164.0,Рак,26.0,6.0,3.0,1.0,,914695825753,Bangalore,S,3.0,,,1
2001.0,Да,Female,,4.0,164.0,Рак,26.0,,,1.0,Bachelors,914695825753,,,3.0,2015.0,4.0,1
1998.0,Нет,Male,No,2.0,340.0,Лев,28.0,,3.0,0.0,Bachelors,917326623883,Pune,,10.0,2014.0,,0
1998.0,,Male,,2.0,340.0,Лев,28.0,,3.0,,Bachelors,917326623883,Pune,XL,10.0,2014.0,,0
1998.0,Нет,Male,No,2.0,,Лев,28.0,2.0,,0.0,Bachelors,917326623883,Pune,,10.0,,1.0,0
,Нет,Male,No,2.0,340.0,Лев,28.0,,3.0,0.0,Bachelors,917326623883,,XL,10.0,2014.0,1.0,0
1998.0,Нет,Male,No,2.0,,,28.0,,3.0,0.0,Bachelors,917326623883,Pune,XL,10.0,2014.0,,0
2001.0,Да,Female,,2.0,200.0,Телец,,7.0,3.0,0.0,Bachelors,914907381967,Bangalore,XL,8.0,2016.0,3.0,1
2001.0,,Female,,,200.0,Телец,,7.0,3.0,0.0,Bachelors,914907381967,Bangalore,XL,8.0,,3.0,1
2001.0,Да,Female,No,2.0,,Телец,24.0,,3.0,0.0,Bachelors,914907381967,Bangalore,XL,8.0,2016.0,3.0,1
1997.0,Нет,Male,No,,59.0,Телец,28.0,,3.0,0.0,Bachelors,915033668714,,XL,7.0,2012.0,5.0,0
1997.0,,Male,No,3.0,59.0,Телец,28.0,6.0,,0.0,Bachelors,915033668714,Bangalore,XL,7.0,2012.0,5.0,0
1997.0,Нет,Male,No,3.0,59.0,,28.0,6.0,,0.0,Bachelors,915033668714,Bangalore,XL,7.0,2012.0,5.0,0
1997.0,Нет,Male,No,3.0,59.0,Телец,,6.0,3.0,0.0,Bachelors,915033668714,,XL,7.0,2012.0,,0
1997.0,Нет,Male,No,3.0,59.0,,28.0,6.0,3.0,,Bachelors,915033668714,Bangalore,XL,,2012.0,5.0,0
1998.0,Нет,Male,No,5.0,,Стрелец,27.0,,3.0,,Bachelors,919747799675,Bangalore,M,,2012.0,5.0,0
,Нет,Male,No,,,Стрелец,,0.0,3.0,1.0,Bachelors,919747799675,Bangalore,M,,2012.0,,0
,Нет,Male,,,359.0,,27.0,,,1.0,Bachelors,919747799675,Bangalore,M,,2012.0,5.0,0
1998.0,Нет,Male,,5.0,359.0,Стрелец,27.0,,3.0,,Bachelors,919747799675,Bangalore,M,14.0,2012.0,,0
2000.0,Нет,Female,,5.0,218.0,Дева,,,3.0,0.0,Bachelors,919630138657,New Delhi,S,7.0,2014.0,2.0,0
2000.0,Нет,Female,Yes,5.0,218.0,Дева,27.0,,3.0,0.0,Bachelors,919630138657,New Delhi,S,7.0,2014.0,2.0,0
2001.0,Да,Female,Yes,4.0,492.0,Лев,26.0,2.0,3.0,0.0,Bachelors,916354120519,Pune,L,8.0,2015.0,5.0,1
2000.0,Да,Male,No,4.0,22.0,Близнецы,26.0,2.0,3.0,,,914482807957,New Delhi,,8.0,2014.0,1.0,1
2000.0,Да,Male,No,4.0,22.0,Близнецы,26.0,2.0,3.0,0.0,,914482807957,New Delhi,S,8.0,2014.0,1.0,1
,Да,Male,No,4.0,22.0,Близнецы,26.0,2.0,,,,914482807957,,S,8.0,2014.0,1.0,1
2001.0,Нет,Female,No,3.0,302.0,Скорпион,25.0,9.0,3.0,0.0,PHD,917925606869,New Delhi,L,9.0,2015.0,,0
2001.0,Нет,Female,No,3.0,302.0,Скорпион,25.0,9.0,3.0,0.0,PHD,917925606869,New Delhi,L,9.0,2015.0,1.0,0
,Нет,Male,No,,219.0,,27.0,,3.0,0.0,Bachelors,911305319300,Pune,XL,3.0,2012.0,3.0,0
,Нет,Female,No,2.0,223.0,,,,2.0,,Masters,918603145330,New Delhi,,5.0,2017.0,,0
2002.0,Нет,Female,No,2.0,223.0,Рак,,7.0,2.0,1.0,,918603145330,New Delhi,S,5.0,,1.0,0
,Нет,Female,,2.0,223.0,,24.0,7.0,2.0,1.0,Masters,918603145330,New Delhi,S,5.0,2017.0,,0
1998.0,,,,2.0,276.0,Козерог,28.0,1.0,3.0,0.0,Masters,919128693531,Pune,L,,2015.0,4.0,0
1998.0,Нет,Female,No,2.0,276.0,Козерог,28.0,,3.0,,Masters,919128693531,,L,13.0,2015.0,4.0,0
1998.0,,Female,No,2.0,276.0,Козерог,28.0,1.0,3.0,0.0,Masters,919128693531,Pune,L,,2015.0,,0
1998.0,Нет,Female,No,2.0,276.0,Козерог,28.0,,3.0,,,919128693531,Pune,L,13.0,,4.0,0
1998.0,Нет,,No,2.0,276.0,Козерог,28.0,,3.0,0.0,Masters,919128693531,,L,13.0,,,0
,Нет,Female,No,2.0,269.0,Козерог,24.0,,3.0,1.0,Bachelors,919370628637,Bangalore,M,,,1.0,0
2001.0,Нет,,,2.0,269.0,Козерог,24.0,5.0,3.0,1.0,Bachelors,919370628637,Bangalore,M,11.0,,1.0,0
2000.0,Нет,Male,No,3.0,338.0,Рыбы,,,3.0,1.0,Bachelors,914150522882,Pune,M,14.0,2017.0,,0
2000.0,Нет,,No,3.0,338.0,Рыбы,,5.0,3.0,,Bachelors,914150522882,Pune,M,14.0,2017.0,5.0,0
2000.0,Нет,Male,No,3.0,338.0,Рыбы,25.0,,3.0,1.0,Bachelors,914150522882,Pune,M,14.0,,5.0,0
2000.0,Нет,Male,No,3.0,351.0,Рыбы,,10.0,1.0,1.0,Bachelors,918307119960,Bangalore,,,2017.0,1.0,0
2001.0,Нет,,No,4.0,246.0,Козерог,26.0,8.0,3.0,0.0,Bachelors,914667436381,Pune,M,12.0,2017.0,2.0,0
,,Male,No,4.0,246.0,Козерог,26.0,8.0,3.0,0.0,Bachelors,914667436381,Pune,M,12.0,2017.0,2.0,0
2001.0,Да,Female,,3.0,82.0,Весы,,2.0,3.0,,Bachelors,912114926801,Pune,M,14.0,,2.0,1
,Да,Female,No,4.0,270.0,,26.0,,,1.0,,914634615195,,M,4.0,2018.0,2.0,1
1999.0,Нет,Male,,5.0,322.0,Рак,27.0,0.0,3.0,0.0,,918656994384,Bangalore,XL,14.0,2016.0,4.0,0
1999.0,Нет,,No,5.0,322.0,Рак,,0.0,3.0,0.0,Bachelors,918656994384,Bangalore,,14.0,2016.0,,0
,Нет,Male,No,5.0,322.0,Рак,27.0,0.0,3.0,0.0,Bachelors,918656994384,Bangalore,XL,,2016.0,4.0,0
1999.0,Нет,Male,No,5.0,322.0,Рак,,0.0,3.0,0.0,Bachelors,918656994384,Bangalore,XL,,2016.0,4.0,0
1999.0,Нет,Male,No,5.0,322.0,Рак,,,3.0,0.0,Bachelors,918656994384,Bangalore,XL,,2016.0,4.0,0
1998.0,Нет,,No,2.0,19.0,Весы,28.0,10.0,3.0,0.0,,914726833973,Bangalore,,,,5.0,0
1998.0,Нет,Female,No,,,Весы,28.0,10.0,3.0,0.0,Bachelors,914726833973,,M,13.0,2017.0,5.0,0
2003.0,Да,Female,No,2.0,432.0,,24.0,6.0,,1.0,Masters,917511581652,,S,6.0,2012.0,,1
2000.0,Нет,Female,Yes,4.0,475.0,Овен,,1.0,3.0,0.0,Bachelors,915628007192,New Delhi,M,13.0,2015.0,1.0,0
,Нет,Female,Yes,4.0,,,26.0,1.0,3.0,0.0,Bachelors,915628007192,,M,13.0,2015.0,,0
2000.0,Нет,Female,Yes,4.0,,Овен,26.0,,3.0,0.0,,915628007192,New Delhi,M,13.0,2015.0,,0
,Да,Male,Yes,3.0,244.0,Овен,25.0,0.0,3.0,0.0,,913865991416,,L,2.0,2018.0,,1
2002.0,Да,Male,Yes,3.0,,Овен,25.0,0.0,3.0,0.0,Bachelors,913865991416,Pune,,2.0,2018.0,2.0,1
2002.0,Да,Male,Yes,3.0,244.0,Овен,25.0,,3.0,0.0,Bachelors,913865991416,Pune,L,,,,1
2002.0,Да,Male,,3.0,244.0,,25.0,0.0,3.0,0.0,,913865991416,,L,2.0,,2.0,1
2002.0,Да,Male,Yes,3.0,244.0,,25.0,0.0,,0.0,Bachelors,913865991416,Pune,L,2.0,2018.0,2.0,1
2003.0,Нет,Male,No,2.0,263.0,,24.0,10.0,3.0,0.0,Masters,912615030777,New Delhi,M,13.0,2017.0,3.0,0
,Нет,Male,No,,,Скорпион,24.0,10.0,3.0,0.0,Masters,912615030777,,M,13.0,2017.0,3.0,0
2003.0,,Male,No,2.0,263.0,,24.0,10.0,3.0,0.0,Masters,912615030777,New Delhi,M,13.0,2017.0,3.0,0
2003.0,Нет,Male,No,2.0,263.0,,24.0,10.0,3.0,,Masters,912615030777,New Delhi,M,,2017.0,3.0,0
1997.0,,,No,,369.0,Телец,28.0,3.0,3.0,,,913921984719,,L,13.0,,1.0,1
2002.0,Нет,Male,No,2.0,211.0,,24.0,,,1.0,Bachelors,915848099086,Bangalore,XL,,2017.0,5.0,0
1997.0,Да,Female,,1.0,445.0,Стрелец,28.0,10.0,2.0,1.0,,919665853190,,L,14.0,2013.0,2.0,1
1997.0,Да,Female,No,1.0,445.0,Стрелец,,10.0,2.0,,Bachelors,919665853190,,L,14.0,2013.0,,1
1997.0,Да,Female,No,1.0,445.0,Стрелец,28.0,10.0,2.0,1.0,Bachelors,919665853190,Pune,L,14.0,,2.0,1
1997.0,Да,Female,No,1.0,,,,10.0,2.0,1.0,Bachelors,919665853190,Pune,L,,2013.0,,1
1997.0,,Female,No,1.0,,Стрелец,28.0,10.0,,1.0,,919665853190,Pune,L,14.0,2013.0,2.0,1
1999.0,Да,Female,,5.0,7.0,Телец,,8.0,2.0,1.0,Bachelors,912701948248,New Delhi,L,15.0,2015.0,5.0,1
1999.0,Да,Female,No,5.0,,,27.0,8.0,,1.0,Bachelors,912701948248,New Delhi,,15.0,2015.0,5.0,1
1999.0,Да,Female,No,5.0,7.0,Телец,27.0,8.0,2.0,1.0,Bachelors,912701948248,New Delhi,,15.0,2015.0,,1
2001.0,Да,Female,No,,,Телец,,7.0,3.0,,Bachelors,915815008740,Bangalore,M,,2018.0,,1
2003.0,Нет,Male,,2.0,224.0,,,2.0,3.0,1.0,Bachelors,912327922721,Bangalore,XL,4.0,2013.0,2.0,0
2003.0,,Male,Yes,2.0,224.0,Овен,24.0,2.0,,1.0,Bachelors,912327922721,Bangalore,,4.0,2013.0,2.0,0
,Нет,Male,,2.0,224.0,Овен,,2.0,3.0,1.0,Bachelors,912327922721,Bangalore,XL,4.0,2013.0,2.0,0
2003.0,Нет,,Yes,,224.0,Овен,24.0,,3.0,,,912327922721,,XL,4.0,2013.0,2.0,0
2003.0,Нет,Male,Yes,,224.0,Овен,,2.0,3.0,1.0,Bachelors,912327922721,Bangalore,XL,4.0,2013.0,2.0,0
2002.0,,Female,No,2.0,177.0,Весы,,7.0,3.0,0.0,Bachelors,914491281285,Bangalore,,11.0,2013.0,2.0,0
2002.0,Да,Female,No,2.0,275.0,,,10.0,3.0,,Bachelors,916534779786,Pune,S,10.0,2012.0,,1
2002.0,Да,Female,No,2.0,275.0,Рак,24.0,10.0,3.0,0.0,Bachelors,916534779786,Pune,S,10.0,2012.0,2.0,1
2002.0,,Female,No,2.0,275.0,,24.0,10.0,3.0,0.0,Bachelors,916534779786,,,10.0,2012.0,2.0,1
2002.0,Да,,No,2.0,,,24.0,10.0,3.0,,Bachelors,916534779786,Pune,S,10.0,2012.0,2.0,1
2002.0,,Female,No,,275.0,Рак,24.0,10.0,,,Bachelors,916534779786,Pune,,10.0,2012.0,2.0,1
2003.0,Да,Male,Yes,2.0,266.0,Лев,24.0,8.0,,,Bachelors,913486911562,Bangalore,XXL,15.0,2016.0,1.0,1
2003.0,Да,Male,Yes,2.0,266.0,Лев,24.0,8.0,3.0,0.0,Bachelors,913486911562,Bangalore,XXL,15.0,2016.0,1.0,1
2003.0,,Male,Yes,2.0,266.0,Лев,,,,0.0,,913486911562,Bangalore,XXL,15.0,2016.0,1.0,1
1998.0,Нет,Male,No,,336.0,Телец,27.0,10.0,2.0,1.0,,916495935101,New Delhi,S,3.0,2017.0,,0
1998.0,Нет,Male,,5.0,,Телец,,,,1.0,,916495935101,New Delhi,S,3.0,2017.0,,0
2000.0,Да,,No,5.0,241.0,Водолей,27.0,4.0,2.0,0.0,Bachelors,918809120263,,XS,,2012.0,3.0,1
2000.0,Да,Female,No,,241.0,Водолей,27.0,4.0,2.0,0.0,Bachelors,918809120263,Pune,XS,9.0,2012.0,3.0,1
1999.0,Нет,Male,,5.0,158.0,,27.0,8.0,2.0,,Masters,911723420798,Pune,L,14.0,,1.0,0
1999.0,Нет,Male,No,5.0,,Дева,,8.0,2.0,1.0,Masters,911723420798,Pune,L,14.0,2017.0,1.0,0
1999.0,,Male,,5.0,158.0,Дева,27.0,,2.0,,Masters,911723420798,Pune,L,14.0,2017.0,,0
2001.0,Да,,No,2.0,286.0,Весы,24.0,2.0,2.0,0.0,Bachelors,916867989035,Pune,XL,,2017.0,2.0,1
2001.0,Да,Male,No,2.0,,Весы,24.0,2.0,2.0,0.0,Bachelors,916867989035,Pune,XL,4.0,2017.0,2.0,1
2001.0,Да,,No,2.0,286.0,Весы,24.0,2.0,2.0,,Bachelors,916867989035,Pune,XL,4.0,2017.0,,1
,,Male,No,2.0,286.0,Весы,24.0,2.0,,0.0,,916867989035,Pune,XL,4.0,2017.0,,1
2001.0,,Female,No,4.0,122.0,Рак,,10.0,1.0,1.0,Bachelors,917427540259,Pune,M,2.0,2016.0,5.0,1
2001.0,,Female,No,4.0,122.0,Рак,,10.0,1.0,1.0,Bachelors,917427540259,,,2.0,2016.0,5.0,1
2001.0,Да,Female,,4.0,122.0,Рак,26.0,,1.0,1.0,Bachelors,917427540259,Pune,M,2.0,,5.0,1
2001.0,,Female,No,4.0,122.0,Рак,26.0,10.0,1.0,1.0,Bachelors,917427540259,Pune,M,2.0,,5.0,1
2001.0,Да,Female,,4.0,250.0,Козерог,26.0,1.0,3.0,0.0,Bachelors,913956763039,Pune,L,13.0,2015.0,1.0,1
2001.0,Да,,No,,250.0,Козерог,26.0,,3.0,0.0,Bachelors,913956763039,Pune,L,13.0,2015.0,1.0,1
2000.0,Нет,Male,No,4.0,434.0,Рак,26.0,10.0,,1.0,Bachelors,918025700522,Pune,S,11.0,2012.0,2.0,0
2000.0,Нет,Male,No,4.0,434.0,Рак,26.0,10.0,3.0,1.0,Bachelors,918025700522,Pune,S,11.0,2012.0,2.0,0
2000.0,Нет,Male,No,4.0,434.0,Рак,,10.0,3.0,1.0,Bachelors,918025700522,,S,11.0,,,0
,Нет,Male,No,4.0,434.0,,26.0,10.0,3.0,1.0,,918025700522,Pune,S,11.0,2012.0,2.0,0
2000.0,Нет,Male,No,4.0,434.0,Рак,26.0,10.0,3.0,1.0,Bachelors,918025700522,,,,2012.0,2.0,0
2000.0,Нет,Female,Yes,3.0,109.0,,,3.0,3.0,,Bachelors,911284307202,Bangalore,L,,2017.0,3.0,0
2001.0,,Male,No,4.0,411.0,Близнецы,26.0,1.0,,0.0,,916816155624,,M,,2017.0,,0
2001.0,Нет,Male,No,,411.0,,26.0,1.0,2.0,,Masters,916816155624,Pune,M,15.0,2017.0,2.0,0
,,Female,No,3.0,103.0,,25.0,9.0,,0.0,Masters,914651819800,Pune,S,,2015.0,,1
2002.0,,Female,No,,103.0,Водолей,25.0,9.0,2.0,0.0,Masters,914651819800,Pune,S,14.0,,1.0,1
2001.0,,,No,4.0,93.0,Лев,26.0,,,0.0,Bachelors,917787231226,New Delhi,S,,2017.0,,0
2001.0,Нет,Female,No,4.0,,,26.0,5.0,2.0,0.0,Bachelors,917787231226,New Delhi,S,5.0,,1.0,0
2001.0,Нет,Female,No,4.0,93.0,Лев,26.0,5.0,2.0,,Bachelors,917787231226,New Delhi,S,5.0,2017.0,1.0,0
1999.0,Нет,Female,No,,,Стрелец,27.0,7.0,,1.0,Bachelors,915491783055,New Delhi,L,5.0,2017.0,5.0,0
1999.0,Нет,Female,No,,,Стрелец,27.0,7.0,3.0,1.0,Bachelors,915491783055,New Delhi,L,5.0,2017.0,5.0,0
1999.0,Нет,Female,No,,39.0,Стрелец,27.0,7.0,3.0,1.0,Bachelors,915491783055,New Delhi,L,5.0,2017.0,5.0,0
1999.0,,Female,,5.0,39.0,Стрелец,27.0,7.0,3.0,1.0,Bachelors,915491783055,New Delhi,L,,2017.0,5.0,0
2001.0,Нет,Female,No,2.0,,,,,3.0,1.0,Bachelors,918352738215,,S,10.0,2015.0,5.0,0
2001.0,Нет,Female,,2.0,,,24.0,5.0,3.0,1.0,Bachelors,918352738215,New Delhi,S,10.0,2015.0,5.0,0
2001.0,Нет,,No,2.0,99.0,,24.0,,,,,918352738215,New Delhi,S,10.0,2015.0,5.0,0
1999.0,Да,Female,,4.0,96.0,Стрелец,26.0,5.0,1.0,,Masters,912402324317,Bangalore,S,5.0,2017.0,1.0,1
1999.0,Да,,,4.0,96.0,Стрелец,26.0,5.0,,1.0,Masters,912402324317,Bangalore,S,5.0,2017.0,1.0,1
1998.0,Нет,Female,No,2.0,336.0,Скорпион,28.0,8.0,1.0,0.0,Bachelors,918925560400,,,1.0,2017.0,4.0,0
1998.0,,Female,No,,336.0,Скорпион,28.0,8.0,1.0,0.0,Bachelors,918925560400,New Delhi,M,1.0,2017.0,4.0,0
1998.0,Нет,Female,,2.0,336.0,Скорпион,28.0,8.0,1.0,0.0,,918925560400,,M,1.0,2017.0,,0
1998.0,Нет,,No,2.0,336.0,Скорпион,28.0,8.0,1.0,0.0,Bachelors,918925560400,New Delhi,M,1.0,2017.0,4.0,0
2002.0,,Female,No,3.0,335.0,Скорпион,25.0,,3.0,0.0,Bachelors,911711287214,Bangalore,L,14.0,,5.0,0
,Нет,Female,,3.0,335.0,Скорпион,25.0,10.0,3.0,,,911711287214,Bangalore,L,14.0,2014.0,5.0,0
2002.0,Нет,Female,No,3.0,335.0,Скорпион,25.0,10.0,3.0,0.0,Bachelors,911711287214,Bangalore,L,14.0,2014.0,5.0,0
1997.0,,Male,No,,197.0,,28.0,0.0,,1.0,Bachelors,916304960236,,,8.0,2014.0,5.0,0
1997.0,Нет,Male,No,2.0,,Овен,28.0,0.0,3.0,1.0,,916304960236,Bangalore,L,8.0,2014.0,5.0,0
,Нет,Male,No,,197.0,Овен,28.0,0.0,3.0,1.0,,916304960236,,L,8.0,2014.0,5.0,0
1997.0,Нет,Male,No,2.0,,Овен,28.0,0.0,3.0,,Bachelors,916304960236,Bangalore,,8.0,2014.0,5.0,0
,,,No,2.0,197.0,Овен,28.0,,,1.0,,916304960236,,L,8.0,,5.0,0
1999.0,,,No,,356.0,Водолей,28.0,0.0,3.0,0.0,Bachelors,916847004668,Bangalore,M,13.0,2017.0,4.0,0
1999.0,Нет,Male,,3.0,356.0,,28.0,0.0,3.0,0.0,Bachelors,916847004668,Bangalore,M,13.0,2017.0,4.0,0
1999.0,,Male,No,3.0,356.0,,28.0,0.0,3.0,0.0,Bachelors,916847004668,Bangalore,M,13.0,2017.0,4.0,0
1999.0,,Male,No,3.0,356.0,Водолей,28.0,0.0,,0.0,Bachelors,916847004668,Bangalore,M,13.0,2017.0,,0
,Нет,Male,No,5.0,428.0,,27.0,10.0,1.0,1.0,Masters,916302792902,New Delhi,S,10.0,2015.0,4.0,0
2000.0,Нет,Male,No,5.0,428.0,Козерог,27.0,,1.0,1.0,,916302792902,,S,10.0,,4.0,0
2001.0,,Male,Yes,3.0,48.0,Стрелец,,3.0,3.0,0.0,,913660518087,Bangalore,L,4.0,2018.0,2.0,1
,Да,Male,Yes,3.0,,Стрелец,25.0,,,0.0,Masters,913660518087,,L,4.0,2018.0,2.0,1
1999.0,Нет,,,3.0,54.0,,28.0,3.0,3.0,1.0,Bachelors,915271697150,Bangalore,L,,2016.0,3.0,0
2001.0,Да,Female,Yes,4.0,200.0,,26.0,10.0,3.0,0.0,Bachelors,918357396135,,S,8.0,2018.0,,1
2001.0,Да,Female,Yes,4.0,200.0,,26.0,10.0,3.0,0.0,Bachelors,918357396135,New Delhi,S,8.0,2018.0,,1
2001.0,Да,,Yes,,200.0,Стрелец,26.0,10.0,3.0,0.0,,918357396135,New Delhi,S,8.0,,4.0,1
2001.0,Да,Female,,,200.0,,,10.0,,0.0,Bachelors,918357396135,New Delhi,S,8.0,2018.0,4.0,1
2001.0,Да,Female,Yes,4.0,200.0,Стрелец,26.0,10.0,3.0,0.0,,918357396135,,,8.0,2018.0,4.0,1
,,Female,,2.0,154.0,Телец,24.0,4.0,2.0,1.0,Bachelors,916836481717,Pune,S,11.0,,1.0,1
2001.0,Да,Female,No,2.0,154.0,Телец,,4.0,2.0,1.0,,916836481717,Pune,S,11.0,2015.0,1.0,1
,,Female,No,,154.0,Телец,24.0,4.0,2.0,1.0,Bachelors,916836481717,Pune,S,11.0,2015.0,1.0,1
2001.0,Да,Female,No,2.0,,Телец,24.0,4.0,2.0,1.0,Bachelors,916836481717,,S,11.0,,1.0,1
2001.0,Да,Female,No,,154.0,Телец,24.0,4.0,2.0,1.0,,916836481717,Pune,S,11.0,,,1
1999.0,,Male,,5.0,276.0,Лев,,2.0,3.0,0.0,Bachelors,918058169672,Bangalore,M,6.0,2017.0,2.0,0
1999.0,Нет,Male,Yes,5.0,,Лев,27.0,2.0,3.0,,Bachelors,918058169672,Bangalore,M,6.0,2017.0,2.0,0
1999.0,Нет,Male,,5.0,276.0,,27.0,2.0,3.0,0.0,Bachelors,918058169672,Bangalore,M,6.0,,,0
1999.0,Нет,Male,Yes,5.0,276.0,Лев,,2.0,3.0,,Bachelors,918058169672,Bangalore,M,,2017.0,2.0,0
1999.0,Нет,Male,,,276.0,Лев,27.0,2.0,3.0,,Bachelors,918058169672,Bangalore,M,,2017.0,2.0,0
2002.0,Нет,,No,2.0,309.0,Рак,24.0,,3.0,0.0,Bachelors,918696276092,Bangalore,L,7.0,2014.0,2.0,0
2002.0,Нет,,No,2.0,309.0,,24.0,2.0,3.0,0.0,,918696276092,Bangalore,L,7.0,2014.0,,0
,Нет,Male,No,2.0,309.0,Рак,,2.0,3.0,,Bachelors,918696276092,Bangalore,L,7.0,2014.0,2.0,0
1997.0,Нет,Male,No,,481.0,Рак,28.0,7.0,,0.0,Bachelors,914185039704,,XXL,8.0,,1.0,0
1997.0,,Male,No,2.0,,Рак,28.0,7.0,3.0,0.0,Bachelors,914185039704,Bangalore,XXL,,,1.0,0
1997.0,Нет,Male,No,2.0,,Рак,28.0,,,0.0,Bachelors,914185039704,Bangalore,XXL,,2016.0,1.0,0
2002.0,Да,Female,No,3.0,,Телец,25.0,1.0,,1.0,Bachelors,919788051174,,,10.0,2015.0,,1
2002.0,Да,Female,No,3.0,82.0,,,1.0,,1.0,Bachelors,919788051174,Pune,M,10.0,2015.0,4.0,1
2002.0,Да,Female,No,3.0,82.0,Телец,25.0,1.0,2.0,1.0,Bachelors,919788051174,,M,10.0,2015.0,4.0,1
2000.0,,Male,,5.0,348.0,Скорпион,27.0,,3.0,0.0,Bachelors,915114455940,Pune,L,10.0,2013.0,,0
2000.0,Нет,Male,,5.0,,Скорпион,27.0,7.0,3.0,0.0,Bachelors,915114455940,Pune,L,10.0,2013.0,1.0,0
,Нет,Male,,5.0,348.0,Скорпион,27.0,7.0,3.0,0.0,Bachelors,915114455940,Pune,L,10.0,2013.0,1.0,0
2000.0,,Male,No,5.0,348.0,Скорпион,27.0,7.0,3.0,,,915114455940,Pune,L,10.0,2013.0,1.0,0
1997.0,Нет,Male,No,2.0,85.0,Козерог,28.0,10.0,,0.0,,911710683179,Pune,L,,2015.0,5.0,0
,Да,Female,,2.0,,,24.0,0.0,2.0,,Bachelors,913782642845,New Delhi,M,,2014.0,,1
2001.0,Да,Female,No,,147.0,,,0.0,2.0,0.0,Bachelors,913782642845,New Delhi,M,6.0,2014.0,2.0,1
2001.0,Да,Female,No,2.0,147.0,Весы,24.0,0.0,2.0,0.0,Bachelors,913782642845,New Delhi,,6.0,,,1
2001.0,Нет,Male,,2.0,174.0,Рыбы,24.0,10.0,,1.0,Bachelors,912645746088,Bangalore,S,,2013.0,5.0,0
1998.0,,Male,Yes,,35.0,Телец,28.0,,3.0,0.0,,916909760362,Bangalore,L,10.0,2018.0,2.0,1
2001.0,,Male,No,4.0,,,26.0,5.0,2.0,,Bachelors,914708834026,Pune,XL,4.0,2014.0,5.0,0
2001.0,Нет,Male,No,3.0,74.0,Лев,25.0,,3.0,0.0,PHD,915643950675,Bangalore,,,2013.0,1.0,0
2001.0,Нет,Male,No,,74.0,Лев,25.0,9.0,,0.0,,915643950675,Bangalore,L,3.0,,1.0,0
1999.0,Нет,,No,1.0,265.0,Водолей,28.0,3.0,2.0,1.0,Bachelors,916670235382,New Delhi,M,11.0,2017.0,1.0,0
,Нет,Female,No,1.0,265.0,Водолей,28.0,3.0,2.0,1.0,Bachelors,916670235382,New Delhi,M,,,1.0,0
1999.0,Нет,Female,No,1.0,265.0,Водолей,28.0,3.0,2.0,1.0,Bachelors,916670235382,New Delhi,M,11.0,2017.0,1.0,0
1999.0,Нет,Female,No,,265.0,Водолей,,3.0,2.0,1.0,Bachelors,916670235382,New Delhi,,11.0,2017.0,1.0,0
1999.0,Да,Female,No,4.0,455.0,Стрелец,26.0,7.0,1.0,0.0,Bachelors,911886563485,Pune,M,9.0,2015.0,,1
1999.0,,,No,,455.0,,26.0,,,0.0,Bachelors,911886563485,,M,9.0,,3.0,1
1999.0,Да,Female,No,4.0,,Стрелец,,7.0,1.0,0.0,Bachelors,911886563485,Pune,M,,,3.0,1
,,,No,4.0,,Стрелец,,7.0,1.0,,Bachelors,911886563485,,M,9.0,2015.0,3.0,1
1999.0,Да,Female,No,4.0,455.0,Стрелец,26.0,7.0,1.0,0.0,Bachelors,911886563485,Pune,M,9.0,2015.0,3.0,1
2000.0,Да,Male,,4.0,,Рак,26.0,3.0,3.0,1.0,,915680643024,New Delhi,XL,13.0,2017.0,4.0,1
2000.0,Да,Male,,,223.0,,26.0,3.0,,1.0,Masters,915680643024,,XL,13.0,2017.0,,1
2000.0,Да,Male,,4.0,223.0,Рак,26.0,3.0,3.0,,Masters,915680643024,New Delhi,XL,13.0,2017.0,4.0,1
2003.0,Нет,Female,No,,477.0,,24.0,0.0,3.0,0.0,Bachelors,919326147243,New Delhi,,7.0,,3.0,0
,,Female,No,,,Рак,24.0,0.0,3.0,,,919326147243,New Delhi,M,,,3.0,0
2003.0,Нет,,No,2.0,,Рак,24.0,0.0,3.0,,Bachelors,919326147243,New Delhi,,7.0,2012.0,3.0,0
2003.0,,Female,No,2.0,477.0,Рак,24.0,,3.0,0.0,Bachelors,919326147243,New Delhi,,,2012.0,3.0,0
2001.0,Нет,Male,No,2.0,326.0,Козерог,24.0,8.0,2.0,1.0,Bachelors,915232332968,New Delhi,S,3.0,,,0
2001.0,,Male,No,2.0,326.0,Козерог,24.0,8.0,2.0,1.0,Bachelors,915232332968,New Delhi,S,3.0,2017.0,1.0,0
,Нет,Male,No,2.0,326.0,,24.0,8.0,2.0,1.0,Bachelors,915232332968,New Delhi,S,3.0,2017.0,1.0,0
2001.0,Нет,Male,No,2.0,326.0,Козерог,24.0,,2.0,1.0,,915232332968,New Delhi,S,3.0,2017.0,1.0,0
,Нет,Male,No,2.0,326.0,Козерог,24.0,8.0,,1.0,Bachelors,915232332968,New Delhi,S,3.0,,1.0,0
,Нет,Female,,4.0,266.0,Близнецы,26.0,4.0,3.0,0.0,Bachelors,913125134973,Bangalore,XS,6.0,2012.0,,0
1999.0,,Female,No,4.0,266.0,Близнецы,,4.0,,0.0,Bachelors,913125134973,,XS,6.0,,3.0,0
2001.0,,Male,No,3.0,92.0,Рак,25.0,,,,Masters,918732544166,,,,2014.0,2.0,0
2001.0,,,No,3.0,,Рак,25.0,7.0,3.0,0.0,Masters,918732544166,Pune,XL,2.0,2014.0,2.0,0
2001.0,Нет,Male,No,,92.0,,25.0,7.0,3.0,0.0,Masters,918732544166,Pune,XL,2.0,,,0
2001.0,Нет,Male,,3.0,92.0,Рак,25.0,7.0,3.0,0.0,Masters,918732544166,Pune,,2.0,2014.0,,0
,,Male,No,,307.0,Лев,24.0,4.0,3.0,0.0,Bachelors,914235425781,Pune,M,5.0,2016.0,,0
2001.0,,Male,No,2.0,307.0,Лев,24.0,4.0,3.0,0.0,,914235425781,Pune,M,,,2.0,0
1999.0,,Female,No,4.0,327.0,Овен,26.0,,,,,919815984280,,M,1.0,,5.0,0
1999.0,Нет,Female,No,4.0,327.0,,26.0,10.0,3.0,1.0,Bachelors,919815984280,,M,1.0,2016.0,,0
1999.0,Нет,Female,No,4.0,327.0,Овен,26.0,10.0,3.0,1.0,Bachelors,919815984280,Bangalore,M,1.0,2016.0,5.0,0
2000.0,Да,Female,Yes,,,Козерог,25.0,2.0,2.0,0.0,Bachelors,911442181263,Pune,S,15.0,,3.0,1
2000.0,Да,Female,Yes,3.0,176.0,,25.0,2.0,2.0,0.0,Bachelors,911442181263,Pune,S,15.0,2015.0,3.0,1
,Да,Female,Yes,3.0,,Козерог,,2.0,2.0,0.0,Bachelors,911442181263,Pune,S,15.0,2015.0,3.0,1
2000.0,Да,Female,Yes,,176.0,,25.0,2.0,2.0,0.0,Bachelors,911442181263,,S,15.0,2015.0,3.0,1
,Да,Male,,3.0,277.0,Козерог,25.0,1.0,2.0,,Masters,911592058073,New Delhi,,,,1.0,1
2002.0,Да,Male,,,277.0,Козерог,25.0,1.0,2.0,,Masters,911592058073,New Delhi,L,6.0,2013.0,,1
1999.0,Да,Female,Yes,4.0,67.0,Телец,26.0,0.0,,1.0,Bachelors,915608678742,Pune,S,0.0,2015.0,,1
1999.0,Да,,Yes,4.0,67.0,,,0.0,2.0,,Bachelors,915608678742,Pune,S,0.0,2015.0,1.0,1
1999.0,Да,Female,Yes,4.0,67.0,Телец,,0.0,2.0,1.0,Bachelors,915608678742,Pune,S,,2015.0,1.0,1
2000.0,Да,Female,No,4.0,24.0,Стрелец,26.0,2.0,,1.0,Masters,914646693649,Bangalore,S,5.0,2015.0,,1
2000.0,Да,Female,No,4.0,24.0,Стрелец,,,2.0,,Masters,914646693649,Bangalore,,5.0,2015.0,,1
,Да,,No,4.0,24.0,Стрелец,26.0,2.0,2.0,,Masters,914646693649,Bangalore,S,5.0,,4.0,1
2000.0,,Female,,4.0,24.0,Стрелец,26.0,,2.0,1.0,Masters,914646693649,,S,,,4.0,1
1998.0,Да,Female,No,,265.0,Рак,,7.0,,0.0,Bachelors,919266949994,Pune,M,12.0,2013.0,3.0,1
1998.0,Да,Female,No,5.0,265.0,Рак,27.0,7.0,2.0,,Bachelors,919266949994,Pune,M,,,3.0,1
,Да,Female,No,5.0,265.0,Рак,27.0,7.0,2.0,0.0,Bachelors,919266949994,Pune,M,12.0,2013.0,3.0,1
1998.0,Да,,No,,265.0,,27.0,,2.0,0.0,Bachelors,919266949994,Pune,M,,2013.0,,1
1998.0,Да,Female,No,5.0,,Рак,27.0,7.0,2.0,0.0,,919266949994,Pune,M,12.0,2013.0,3.0,1
,Да,Male,No,4.0,143.0,Телец,,3.0,2.0,0.0,Masters,911499683214,,M,,2017.0,,1
2002.0,Да,Male,Yes,3.0,459.0,Весы,25.0,6.0,,1.0,Bachelors,915182006270,,L,9.0,,2.0,1
2002.0,,Male,Yes,3.0,,Весы,25.0,6.0,2.0,1.0,Bachelors,915182006270,,L,9.0,2013.0,2.0,1
2002.0,Да,,,,459.0,,,6.0,,1.0,Bachelors,915182006270,Pune,,9.0,2013.0,2.0,1
2002.0,Да,,Yes,3.0,459.0,Весы,25.0,6.0,2.0,1.0,Bachelors,915182006270,Pune,L,9.0,2013.0,2.0,1
2002.0,Да,Male,Yes,3.0,459.0,Весы,25.0,6.0,2.0,1.0,Bachelors,915182006270,Pune,L,9.0,,2.0,1
1999.0,Нет,Female,Yes,4.0,416.0,Лев,26.0,1.0,3.0,1.0,Bachelors,914150744600,Pune,M,15.0,2013.0,3.0,0
1999.0,Нет,,Yes,,416.0,Лев,26.0,1.0,3.0,1.0,,914150744600,Pune,M,,2013.0,3.0,0
,Нет,,Yes,4.0,416.0,,26.0,1.0,3.0,1.0,Bachelors,914150744600,Pune,,15.0,2013.0,3.0,0
1999.0,,Female,,4.0,416.0,,26.0,,3.0,,Bachelors,914150744600,,M,15.0,2013.0,,0
1998.0,,,No,,354.0,Близнецы,27.0,3.0,3.0,0.0,Bachelors,918184924325,Bangalore,L,6.0,,2.0,1
2001.0,Да,Male,No,2.0,,Овен,,6.0,3.0,,Bachelors,919060834188,Bangalore,L,8.0,,2.0,1
1999.0,,Female,Yes,4.0,461.0,Скорпион,26.0,,,0.0,Bachelors,916061459993,New Delhi,S,11.0,2012.0,1.0,0
,,Female,Yes,,461.0,Скорпион,,,3.0,0.0,,916061459993,New Delhi,S,,,,0
1999.0,Нет,Female,Yes,4.0,461.0,Скорпион,26.0,1.0,,0.0,Bachelors,916061459993,New Delhi,S,11.0,2012.0,1.0,0
,,Female,Yes,4.0,461.0,Скорпион,26.0,1.0,3.0,0.0,Bachelors,916061459993,New Delhi,,,2012.0,1.0,0
2000.0,Да,Male,No,5.0,410.0,Весы,27.0,7.0,3.0,0.0,,913094978151,Bangalore,L,9.0,,3.0,1
,Да,Male,No,5.0,,Весы,27.0,7.0,3.0,0.0,Masters,913094978151,Bangalore,L,9.0,2014.0,3.0,1
2001.0,Нет,Male,No,4.0,196.0,Дева,26.0,,2.0,,,911263229978,New Delhi,L,12.0,2017.0,1.0,0
2001.0,Нет,,No,4.0,196.0,Дева,,5.0,2.0,,,911263229978,New Delhi,L,12.0,,1.0,0
,,Male,No,4.0,196.0,Дева,26.0,5.0,2.0,1.0,Masters,911263229978,New Delhi,L,,2017.0,1.0,0
2000.0,Нет,Male,,3.0,,Рак,25.0,2.0,3.0,1.0,Masters,915280624334,New Delhi,,1.0,2014.0,2.0,0
2000.0,Нет,,No,,338.0,Рак,,2.0,3.0,,Masters,915280624334,New Delhi,,1.0,2014.0,2.0,0
2000.0,Нет,,,5.0,233.0,Телец,27.0,6.0,2.0,0.0,Bachelors,911578847489,Bangalore,S,,2017.0,2.0,0
2000.0,,Male,,5.0,233.0,Телец,,,,,Bachelors,911578847489,Bangalore,S,4.0,2017.0,2.0,0
2000.0,Нет,Male,No,,233.0,Телец,27.0,6.0,2.0,0.0,,911578847489,Bangalore,S,4.0,2017.0,2.0,0
,Нет,Male,No,,233.0,Телец,27.0,6.0,2.0,0.0,Bachelors,911578847489,Bangalore,S,4.0,2017.0,2.0,0
2000.0,Нет,Male,No,5.0,,Телец,27.0,6.0,2.0,0.0,,911578847489,Bangalore,S,4.0,2017.0,2.0,0
,Да,Male,No,,345.0,Козерог,,,,0.0,Bachelors,916481494828,Bangalore,M,9.0,2014.0,5.0,1
,Да,Male,No,4.0,345.0,Козерог,,5.0,3.0,0.0,Bachelors,916481494828,Bangalore,,9.0,2014.0,5.0,1
2001.0,,Male,No,,345.0,,26.0,5.0,3.0,0.0,Bachelors,916481494828,Bangalore,M,,2014.0,5.0,1
,,Male,No,4.0,,Козерог,26.0,5.0,3.0,,Bachelors,916481494828,,M,9.0,2014.0,,1
1998.0,Нет,Male,No,5.0,465.0,Водолей,27.0,10.0,1.0,0.0,,916499462079,Bangalore,XL,0.0,2017.0,3.0,0
1998.0,,Male,No,5.0,465.0,Водолей,,10.0,1.0,0.0,,916499462079,Bangalore,XL,0.0,2017.0,3.0,0
1998.0,,Male,No,5.0,465.0,,27.0,10.0,1.0,,,916499462079,Bangalore,XL,,2017.0,3.0,0
1998.0,,,No,5.0,,Водолей,27.0,,1.0,0.0,Bachelors,916499462079,,XL,0.0,,3.0,0
1998.0,Нет,Male,,5.0,465.0,,,10.0,1.0,0.0,Bachelors,916499462079,Bangalore,XL,,2017.0,,0
1997.0,Нет,Male,No,3.0,453.0,Рыбы,28.0,10.0,3.0,0.0,Bachelors,916246821733,,,6.0,,4.0,0
1999.0,Нет,Male,No,5.0,271.0,,,10.0,3.0,0.0,Bachelors,914394663721,New Delhi,,7.0,2017.0,,0
1999.0,Нет,Male,No,5.0,271.0,Рыбы,27.0,10.0,3.0,,Bachelors,914394663721,New Delhi,S,7.0,2017.0,3.0,0
1999.0,Нет,Male,No,,,Рыбы,27.0,10.0,3.0,0.0,Bachelors,914394663721,New Delhi,S,7.0,2017.0,3.0,0
1999.0,,Male,,,,Рыбы,,10.0,3.0,0.0,Bachelors,914394663721,,S,7.0,2017.0,3.0,0
2001.0,,Female,No,,71.0,Рыбы,26.0,,2.0,,Masters,918536412641,New Delhi,M,,2017.0,3.0,1
,Да,Female,No,,71.0,Рыбы,26.0,9.0,2.0,,Masters,918536412641,New Delhi,M,0.0,2017.0,3.0,1
2001.0,Да,Female,No,,,,26.0,9.0,2.0,0.0,Masters,918536412641,New Delhi,M,,2017.0,,1
2001.0,,Female,,4.0,71.0,Рыбы,26.0,9.0,2.0,0.0,,918536412641,New Delhi,M,,2017.0,,1
1997.0,Нет,,No,3.0,195.0,Весы,28.0,10.0,,,,919765837998,Bangalore,L,,,3.0,0
1997.0,Нет,Male,,3.0,195.0,,28.0,10.0,3.0,0.0,Bachelors,919765837998,Bangalore,L,0.0,,3.0,0
1997.0,Нет,Male,No,3.0,195.0,Весы,28.0,10.0,3.0,0.0,Bachelors,919765837998,Bangalore,L,0.0,2014.0,3.0,0
1997.0,Нет,,No,,195.0,Весы,28.0,,3.0,0.0,Bachelors,919765837998,Bangalore,L,0.0,2014.0,3.0,0
1999.0,Да,Male,,1.0,81.0,Рак,28.0,7.0,3.0,0.0,Masters,915500470429,Bangalore,M,8.0,2017.0,,1
1999.0,,Male,No,1.0,81.0,Рак,28.0,7.0,3.0,,,915500470429,Bangalore,M,8.0,2017.0,4.0,1
1999.0,Да,Male,No,1.0,,Рак,28.0,7.0,3.0,0.0,,915500470429,Bangalore,,8.0,2017.0,4.0,1
1999.0,Да,,No,,,Рак,28.0,,,0.0,Masters,915500470429,Bangalore,M,,,,1
1999.0,Да,Male,No,1.0,81.0,Рак,28.0,7.0,,0.0,Masters,915500470429,Bangalore,M,8.0,2017.0,4.0,1
1999.0,Нет,,Yes,1.0,467.0,Водолей,28.0,1.0,,0.0,Bachelors,913581071562,Bangalore,,,2017.0,,0
1999.0,Нет,Male,,1.0,467.0,Водолей,28.0,1.0,3.0,,Bachelors,913581071562,Bangalore,,0.0,,2.0,0
1999.0,,Male,Yes,1.0,467.0,Водолей,28.0,1.0,3.0,0.0,Bachelors,913581071562,Bangalore,L,0.0,2017.0,,0
1999.0,Нет,Male,Yes,1.0,467.0,Водолей,28.0,1.0,3.0,0.0,,913581071562,Bangalore,L,0.0,2017.0,2.0,0
2002.0,Нет,Female,No,2.0,313.0,Весы,24.0,0.0,,,Bachelors,914859545324,Pune,M,0.0,2013.0,2.0,0
2002.0,Нет,Female,No,2.0,,Весы,24.0,0.0,,1.0,Bachelors,914859545324,Pune,M,0.0,2013.0,2.0,0
2000.0,Да,,No,3.0,,Козерог,25.0,7.0,3.0,,Bachelors,918473832890,New Delhi,L,7.0,2018.0,5.0,1
2000.0,Да,,No,3.0,17.0,Козерог,25.0,7.0,3.0,0.0,,918473832890,New Delhi,L,7.0,2018.0,5.0,1
,Нет,Female,,2.0,14.0,Овен,24.0,5.0,3.0,1.0,,913374229230,,S,1.0,2014.0,1.0,0
2002.0,Нет,Female,No,2.0,14.0,,,5.0,3.0,1.0,Bachelors,913374229230,Bangalore,,1.0,2014.0,1.0,0
2002.0,Нет,,No,2.0,14.0,Овен,24.0,5.0,3.0,1.0,Bachelors,913374229230,Bangalore,,1.0,2014.0,1.0,0
2002.0,,Female,,,14.0,,24.0,5.0,3.0,1.0,Bachelors,913374229230,Bangalore,S,,2014.0,1.0,0
,Нет,,,,138.0,,24.0,6.0,1.0,0.0,Masters,917397148207,New Delhi,S,6.0,2013.0,3.0,0
2003.0,,,No,2.0,,Близнецы,24.0,,1.0,,Masters,917397148207,,S,6.0,,3.0,0
2003.0,,Female,No,2.0,138.0,Близнецы,24.0,,,,Masters,917397148207,New Delhi,S,6.0,2013.0,,0
2001.0,,Male,Yes,,305.0,,24.0,9.0,1.0,0.0,,911199534832,New Delhi,L,,,4.0,1
,Да,Male,Yes,2.0,305.0,Скорпион,24.0,9.0,1.0,,,911199534832,,L,8.0,2013.0,4.0,1
2001.0,Да,Male,Yes,,305.0,Скорпион,24.0,9.0,1.0,,Masters,911199534832,,L,,,,1
2001.0,,Male,Yes,2.0,305.0,Скорпион,,9.0,1.0,,,911199534832,New Delhi,L,8.0,2013.0,,1
2001.0,Да,Female,,2.0,,Лев,24.0,0.0,3.0,,PHD,915382081472,New Delhi,S,13.0,2018.0,,1
2001.0,Да,Female,,2.0,295.0,Лев,24.0,0.0,3.0,,,915382081472,New Delhi,,13.0,2018.0,3.0,1
,,,No,2.0,295.0,Лев,24.0,0.0,,1.0,PHD,915382081472,New Delhi,S,13.0,2018.0,3.0,1
2001.0,Да,Female,No,2.0,295.0,Лев,24.0,0.0,3.0,,PHD,915382081472,,,13.0,2018.0,3.0,1
2001.0,Да,Female,No,,295.0,Лев,24.0,0.0,,1.0,PHD,915382081472,New Delhi,S,13.0,,3.0,1
,Нет,Male,No,1.0,233.0,Скорпион,28.0,1.0,,1.0,,913706364430,Pune,,5.0,2015.0,2.0,0
1999.0,Нет,Female,No,1.0,234.0,Телец,28.0,0.0,2.0,0.0,PHD,913877380278,,M,8.0,,3.0,0
2000.0,Да,Male,,3.0,44.0,Овен,25.0,2.0,3.0,0.0,Bachelors,912130143675,Bangalore,XL,12.0,,2.0,1
2000.0,,Male,Yes,3.0,44.0,Овен,25.0,,3.0,0.0,Bachelors,912130143675,Bangalore,XL,12.0,2018.0,2.0,1
2000.0,Да,Male,Yes,3.0,44.0,Овен,25.0,2.0,,0.0,Bachelors,912130143675,Bangalore,XL,12.0,2018.0,2.0,1
2000.0,Да,Female,No,5.0,93.0,Стрелец,27.0,,3.0,0.0,Bachelors,918542097045,Bangalore,,11.0,2015.0,1.0,1
,Да,,,,93.0,Стрелец,27.0,9.0,3.0,,Bachelors,918542097045,Bangalore,S,11.0,2015.0,1.0,1
2000.0,,Female,,5.0,93.0,,27.0,9.0,3.0,0.0,,918542097045,,S,11.0,2015.0,1.0,1
2000.0,,Female,No,5.0,93.0,Стрелец,27.0,9.0,3.0,,Bachelors,918542097045,Bangalore,S,11.0,2015.0,1.0,1
1997.0,,,No,2.0,128.0,Телец,28.0,1.0,3.0,0.0,Masters,912615943518,,L,6.0,2012.0,1.0,0
1997.0,Нет,,No,2.0,128.0,Телец,,1.0,3.0,0.0,Masters,912615943518,,L,6.0,2012.0,1.0,0
1999.0,Да,Female,No,5.0,243.0,Близнецы,,0.0,2.0,0.0,,912524733300,,L,12.0,2012.0,3.0,1
2001.0,Да,Female,No,3.0,55.0,Близнецы,25.0,5.0,3.0,,Bachelors,915138873219,Bangalore,M,1.0,2018.0,5.0,1
2001.0,Да,Female,No,3.0,,Близнецы,25.0,,,1.0,Bachelors,915138873219,Bangalore,M,1.0,2018.0,,1
2001.0,Да,Female,No,3.0,55.0,Близнецы,25.0,5.0,,1.0,,915138873219,Bangalore,M,1.0,2018.0,5.0,1
2001.0,Да,Female,No,3.0,55.0,Близнецы,25.0,5.0,3.0,1.0,,915138873219,Bangalore,M,1.0,2018.0,5.0,1
1998.0,Да,Male,No,5.0,3.0,,,,3.0,1.0,Masters,918464636398,Pune,M,6.0,,2.0,1
1998.0,,Male,No,5.0,3.0,Рыбы,27.0,7.0,3.0,1.0,Masters,918464636398,Pune,M,,2018.0,2.0,1
1998.0,Да,Male,,5.0,3.0,,27.0,7.0,,1.0,,918464636398,Pune,M,6.0,,,1
1998.0,Да,,No,5.0,3.0,,27.0,,3.0,1.0,Masters,918464636398,Pune,M,6.0,2018.0,2.0,1
1998.0,Да,Male,Yes,2.0,469.0,Скорпион,28.0,5.0,2.0,1.0,,911434020236,Bangalore,XL,,2017.0,2.0,1
1998.0,Да,Male,Yes,2.0,469.0,Скорпион,,5.0,2.0,1.0,Masters,911434020236,Bangalore,XL,2.0,2017.0,,1
1999.0,Нет,Female,No,1.0,72.0,Рак,,10.0,3.0,0.0,Bachelors,916130443558,Pune,S,,2017.0,1.0,0
1999.0,,Female,No,1.0,72.0,Рак,28.0,10.0,3.0,0.0,Bachelors,916130443558,Pune,S,5.0,2017.0,1.0,0
,Нет,Female,No,1.0,72.0,Рак,28.0,10.0,3.0,0.0,,916130443558,,S,,2017.0,,0
1999.0,,Female,,1.0,,Рак,28.0,10.0,3.0,0.0,,916130443558,,S,5.0,2017.0,1.0,0
2001.0,Нет,Female,No,4.0,499.0,Телец,,6.0,,0.0,Bachelors,917714038896,New Delhi,L,0.0,,1.0,0
2001.0,Нет,Female,No,4.0,499.0,Телец,26.0,6.0,3.0,,Bachelors,917714038896,New Delhi,,0.0,2014.0,1.0,0
2001.0,Нет,Female,No,,499.0,Телец,26.0,6.0,3.0,0.0,Bachelors,917714038896,New Delhi,L,0.0,,1.0,0
2001.0,Нет,Female,No,4.0,499.0,,26.0,,,0.0,Bachelors,917714038896,New Delhi,L,,2014.0,1.0,0
2001.0,,Female,No,4.0,499.0,,26.0,6.0,3.0,0.0,Bachelors,917714038896,New Delhi,L,0.0,2014.0,,0
2001.0,Нет,,No,4.0,,Рак,26.0,9.0,3.0,0.0,Bachelors,912747781495,New Delhi,XS,,2017.0,4.0,0
2000.0,Нет,Female,Yes,3.0,186.0,Рыбы,25.0,8.0,3.0,0.0,Bachelors,918778251391,Bangalore,S,,2012.0,2.0,0
2000.0,Нет,Female,Yes,3.0,186.0,,25.0,8.0,,,Bachelors,918778251391,Bangalore,S,,2012.0,,0
2000.0,,Male,Yes,3.0,447.0,Скорпион,,9.0,3.0,1.0,Bachelors,914987756472,Bangalore,M,7.0,,5.0,0
2000.0,Нет,Male,Yes,3.0,447.0,Скорпион,25.0,9.0,,,Bachelors,914987756472,,M,7.0,2017.0,,0
2000.0,Нет,,Yes,3.0,447.0,,,,,,Bachelors,914987756472,Bangalore,M,,2017.0,5.0,0
2000.0,Нет,,Yes,3.0,447.0,Скорпион,25.0,,3.0,1.0,Bachelors,914987756472,Bangalore,M,7.0,2017.0,5.0,0
1997.0,Да,Female,,,493.0,Стрелец,28.0,0.0,3.0,1.0,Bachelors,914822066919,Bangalore,M,9.0,2013.0,3.0,1
2001.0,Да,Female,No,,213.0,Весы,,4.0,3.0,1.0,Bachelors,915241380384,Pune,L,9.0,2013.0,1.0,1
2001.0,Да,Female,No,2.0,213.0,Весы,24.0,4.0,,1.0,Bachelors,915241380384,Pune,L,9.0,,1.0,1
,Да,Female,No,,213.0,Весы,24.0,4.0,3.0,,,915241380384,,,9.0,,1.0,1
2001.0,Да,Female,No,2.0,,Весы,,4.0,3.0,1.0,Bachelors,915241380384,Pune,L,,2013.0,1.0,1
,Да,Male,No,3.0,76.0,Козерог,25.0,,3.0,1.0,Masters,914944148626,,L,0.0,2017.0,,1
2002.0,Да,Male,No,3.0,76.0,,25.0,,,1.0,Masters,914944148626,New Delhi,L,0.0,,1.0,1
2002.0,Да,Male,No,3.0,76.0,Козерог,25.0,10.0,3.0,1.0,,914944148626,New Delhi,,0.0,2017.0,1.0,1
2002.0,,Male,No,3.0,76.0,Козерог,25.0,10.0,3.0,1.0,Masters,914944148626,New Delhi,L,0.0,2017.0,,1
1999.0,Нет,Male,No,3.0,453.0,,28.0,3.0,2.0,,Masters,918196068020,Pune,M,5.0,2017.0,4.0,0
1999.0,Нет,Male,No,,453.0,Дева,28.0,3.0,,0.0,Masters,918196068020,Pune,M,5.0,2017.0,,0
,,Male,,3.0,,Дева,28.0,3.0,,0.0,Masters,918196068020,Pune,M,,2017.0,4.0,0
2003.0,,Female,No,2.0,170.0,,24.0,2.0,2.0,1.0,,915244538468,Pune,M,2.0,2017.0,4.0,0
2003.0,Нет,Female,No,2.0,170.0,Стрелец,24.0,,,1.0,Masters,915244538468,Pune,M,2.0,2017.0,4.0,0
2003.0,Нет,Female,,2.0,170.0,Стрелец,24.0,2.0,2.0,1.0,Masters,915244538468,Pune,M,2.0,2017.0,,0
2000.0,Нет,Female,No,4.0,159.0,,,10.0,,1.0,Masters,913589112316,Pune,,0.0,2015.0,1.0,0
2000.0,Нет,Female,No,4.0,159.0,,26.0,10.0,1.0,,Masters,913589112316,Pune,,0.0,2015.0,1.0,0
2000.0,Нет,Female,No,4.0,159.0,,,10.0,1.0,1.0,Masters,913589112316,Pune,M,,,1.0,0
,Нет,Female,No,4.0,159.0,,26.0,10.0,1.0,1.0,,913589112316,Pune,M,0.0,2015.0,1.0,0
2000.0,Нет,Female,,4.0,159.0,Лев,26.0,10.0,1.0,,Masters,913589112316,Pune,M,0.0,2015.0,,0
2000.0,Нет,Male,No,,258.0,Рыбы,26.0,7.0,3.0,,Masters,911777381801,Pune,S,8.0,2013.0,2.0,0
,Нет,Male,No,4.0,258.0,Рыбы,26.0,7.0,3.0,1.0,Masters,911777381801,Pune,S,8.0,2013.0,,0
2000.0,Нет,Male,No,4.0,,Рыбы,26.0,7.0,3.0,1.0,Masters,911777381801,Pune,S,8.0,2013.0,,0
1999.0,Нет,Male,No,5.0,453.0,Телец,27.0,8.0,3.0,,PHD,911596698212,,,12.0,,4.0,0
,,Male,,,453.0,Телец,27.0,8.0,3.0,0.0,PHD,911596698212,Bangalore,,,2016.0,4.0,0
1999.0,Нет,,No,5.0,453.0,,27.0,8.0,3.0,0.0,,911596698212,Bangalore,,12.0,2016.0,,0
2001.0,Да,Female,No,3.0,159.0,,25.0,5.0,3.0,0.0,Masters,911907223819,New Delhi,S,6.0,2018.0,3.0,1
2001.0,Да,,No,,159.0,Стрелец,,5.0,3.0,,Masters,911907223819,New Delhi,S,6.0,,3.0,1
2001.0,Да,Female,No,3.0,159.0,,25.0,5.0,3.0,0.0,Masters,911907223819,New Delhi,S,,2018.0,3.0,1
2001.0,Да,Female,No,3.0,159.0,Стрелец,25.0,5.0,3.0,0.0,Masters,911907223819,New Delhi,S,6.0,2018.0,3.0,1
2000.0,Нет,Male,No,,140.0,Козерог,26.0,5.0,3.0,1.0,PHD,912781942954,New Delhi,,,2013.0,1.0,0
2000.0,,Male,,4.0,140.0,Козерог,26.0,5.0,3.0,1.0,PHD,912781942954,,XL,,2013.0,1.0,0
2000.0,,Male,No,,140.0,Козерог,26.0,5.0,,1.0,,912781942954,New Delhi,XL,7.0,,,0
,Нет,Male,No,4.0,140.0,Козерог,26.0,5.0,3.0,1.0,PHD,912781942954,New Delhi,XL,7.0,2013.0,1.0,0
1997.0,Нет,,No,3.0,192.0,Скорпион,,8.0,3.0,,Bachelors,918751401089,New Delhi,XS,,2015.0,2.0,0
1997.0,Нет,Female,No,3.0,192.0,,28.0,8.0,3.0,0.0,Bachelors,918751401089,,XS,,2015.0,2.0,0
1997.0,Нет,Female,No,3.0,192.0,,28.0,8.0,,,Bachelors,918751401089,New Delhi,XS,15.0,2015.0,2.0,0
,Нет,Female,No,3.0,192.0,Скорпион,28.0,8.0,,0.0,Bachelors,918751401089,New Delhi,,15.0,2015.0,2.0,0
,,Female,,,,Стрелец,26.0,6.0,1.0,0.0,,919915308807,New Delhi,,12.0,2018.0,,1
,Да,Female,No,4.0,,Стрелец,26.0,,1.0,0.0,Masters,919915308807,New Delhi,L,12.0,2018.0,2.0,1
,Да,Female,,4.0,75.0,Стрелец,26.0,6.0,1.0,0.0,,919915308807,New Delhi,,12.0,,2.0,1
2002.0,,Female,No,2.0,18.0,Дева,24.0,8.0,2.0,1.0,,918476652759,Pune,M,15.0,2013.0,4.0,1
2000.0,,Female,No,,380.0,Близнецы,25.0,7.0,1.0,,PHD,913992625613,Pune,,5.0,2016.0,1.0,1
2000.0,Да,Female,No,,380.0,,25.0,7.0,1.0,,PHD,913992625613,Pune,,5.0,2016.0,1.0,1
1999.0,,Male,,4.0,266.0,Весы,26.0,5.0,3.0,0.0,Bachelors,916180737443,Pune,,7.0,2014.0,4.0,1
1999.0,Да,Male,No,4.0,266.0,Весы,,5.0,3.0,0.0,Bachelors,916180737443,,S,7.0,2014.0,4.0,1
1999.0,Да,,No,4.0,266.0,,26.0,5.0,3.0,0.0,Bachelors,916180737443,,S,7.0,2014.0,4.0,1
,Да,,No,2.0,374.0,Овен,,9.0,3.0,1.0,Bachelors,918946371498,,,10.0,2013.0,2.0,1
,Да,Female,No,2.0,374.0,Овен,28.0,9.0,3.0,1.0,,918946371498,Pune,M,,2013.0,2.0,1
,Да,Female,No,2.0,,Овен,28.0,9.0,3.0,,Bachelors,918946371498,Pune,M,,2013.0,,1
1998.0,Да,Female,No,2.0,374.0,Овен,28.0,9.0,3.0,1.0,Bachelors,918946371498,Pune,M,10.0,2013.0,,1
,Нет,Female,,5.0,458.0,Стрелец,27.0,6.0,1.0,0.0,Bachelors,912584098686,Bangalore,L,15.0,2016.0,4.0,0
1999.0,Нет,,,5.0,,Стрелец,27.0,,1.0,,Bachelors,912584098686,Bangalore,L,,2016.0,,0
1999.0,Нет,Female,,5.0,458.0,,27.0,6.0,1.0,0.0,Bachelors,912584098686,Bangalore,L,15.0,2016.0,,0
2002.0,Нет,Male,No,2.0,47.0,Близнецы,,2.0,,1.0,Bachelors,915679513696,New Delhi,M,2.0,2014.0,2.0,0
,Нет,Male,No,2.0,47.0,Близнецы,24.0,2.0,3.0,1.0,Bachelors,915679513696,New Delhi,M,2.0,2014.0,,0
2002.0,Нет,Male,No,,,,,2.0,3.0,1.0,Bachelors,915679513696,New Delhi,M,2.0,,2.0,0
2001.0,Нет,Female,No,3.0,64.0,Весы,25.0,5.0,3.0,,Bachelors,918992422255,,XXL,8.0,,2.0,0
2001.0,Нет,,No,3.0,64.0,Весы,25.0,5.0,3.0,,Bachelors,918992422255,Bangalore,XXL,8.0,2015.0,2.0,0
,,Female,,3.0,64.0,Весы,25.0,5.0,3.0,0.0,,918992422255,Bangalore,,8.0,,2.0,0
1999.0,Да,Female,No,4.0,,Весы,26.0,6.0,,,Masters,918292214229,,M,6.0,,4.0,1
1999.0,Да,Female,No,4.0,382.0,Весы,26.0,6.0,,1.0,,918292214229,Bangalore,,6.0,2016.0,,1
2000.0,Нет,Male,Yes,4.0,346.0,Козерог,26.0,,3.0,0.0,Bachelors,917591331515,,XL,,2013.0,1.0,0
2000.0,Нет,Male,Yes,4.0,346.0,Козерог,26.0,2.0,,0.0,Bachelors,917591331515,Pune,XL,12.0,2013.0,1.0,0
,Нет,Female,No,5.0,450.0,Стрелец,28.0,1.0,3.0,0.0,Bachelors,911114025948,New Delhi,M,6.0,2016.0,4.0,0
1997.0,,,No,5.0,450.0,Стрелец,28.0,1.0,3.0,0.0,,911114025948,New Delhi,,6.0,2016.0,4.0,0
,Нет,Female,No,5.0,450.0,Стрелец,,,3.0,0.0,Bachelors,911114025948,New Delhi,M,6.0,2016.0,4.0,0
1997.0,Нет,Male,No,5.0,291.0,Рак,28.0,5.0,,1.0,,919483250366,,XL,10.0,2015.0,1.0,0
1997.0,Нет,Male,No,5.0,,Рак,,,3.0,1.0,Bachelors,919483250366,Bangalore,XL,,2015.0,1.0,0
1997.0,Нет,,No,5.0,291.0,Рак,28.0,5.0,3.0,,Bachelors,919483250366,Bangalore,XL,,,1.0,0
2000.0,,,No,4.0,,Стрелец,26.0,,3.0,1.0,Bachelors,911847090385,New Delhi,XS,3.0,,,0
2000.0,Нет,Female,,4.0,179.0,Стрелец,26.0,10.0,3.0,1.0,Bachelors,911847090385,New Delhi,,3.0,2013.0,2.0,0
1999.0,Нет,Female,No,,152.0,Весы,28.0,6.0,,,Masters,914313046835,New Delhi,XS,15.0,2017.0,,0
1999.0,Нет,Female,,,152.0,Весы,,,3.0,0.0,,914313046835,New Delhi,XS,15.0,2017.0,1.0,0
1999.0,,Female,,3.0,152.0,Весы,28.0,6.0,3.0,0.0,Masters,914313046835,New Delhi,XS,15.0,2017.0,1.0,0
1999.0,Нет,Female,No,,,Весы,28.0,6.0,,0.0,Masters,914313046835,New Delhi,XS,15.0,2017.0,1.0,0
2001.0,Да,Female,No,,175.0,Стрелец,24.0,,,0.0,Bachelors,913748190913,New Delhi,M,11.0,2012.0,,1
2001.0,Да,,No,,175.0,Стрелец,24.0,5.0,,,Bachelors,913748190913,,M,11.0,2012.0,,1
2001.0,,Female,No,2.0,175.0,,24.0,,3.0,0.0,Bachelors,913748190913,New Delhi,,11.0,2012.0,1.0,1
2003.0,Нет,Male,No,2.0,63.0,,24.0,6.0,1.0,,Masters,911471678723,Pune,S,9.0,2015.0,,0
2003.0,Нет,Male,,2.0,63.0,,24.0,,1.0,,Masters,911471678723,,S,9.0,2015.0,2.0,0
2003.0,Да,Female,No,2.0,,Стрелец,24.0,5.0,3.0,1.0,Bachelors,918274158242,,S,4.0,2017.0,3.0,1
2003.0,Да,Female,No,2.0,40.0,Стрелец,24.0,5.0,3.0,1.0,Bachelors,918274158242,New Delhi,,4.0,,,1
2003.0,Да,Female,No,2.0,,Стрелец,24.0,5.0,3.0,1.0,Bachelors,918274158242,,,4.0,2017.0,3.0,1
,Да,Female,,2.0,40.0,Стрелец,,5.0,3.0,1.0,Bachelors,918274158242,New Delhi,,4.0,2017.0,3.0,1
,,,No,1.0,221.0,,28.0,5.0,3.0,0.0,Bachelors,914419378889,Bangalore,M,12.0,2014.0,,1
1998.0,Да,,,1.0,221.0,Рак,28.0,5.0,3.0,,Bachelors,914419378889,,M,12.0,,1.0,1
1998.0,,Male,No,1.0,,Рак,28.0,5.0,3.0,0.0,Bachelors,914419378889,Bangalore,M,12.0,2014.0,1.0,1
1998.0,Да,Male,No,1.0,,Рак,28.0,5.0,,0.0,,914419378889,Bangalore,M,,2014.0,1.0,1
1998.0,,Male,,1.0,221.0,Рак,28.0,,3.0,0.0,Bachelors,914419378889,,M,12.0,,1.0,1
,Да,,No,2.0,,Скорпион,,,3.0,0.0,,918830670038,,,0.0,2015.0,1.0,1
2001.0,Да,Male,No,2.0,178.0,Скорпион,24.0,0.0,3.0,0.0,Masters,918830670038,New Delhi,,0.0,,1.0,1
2001.0,Да,Male,,,178.0,Скорпион,24.0,0.0,3.0,0.0,Masters,918830670038,New Delhi,XL,0.0,2015.0,1.0,1
2001.0,Да,Male,No,2.0,178.0,,24.0,0.0,3.0,0.0,,918830670038,,XL,0.0,2015.0,1.0,1
2003.0,,,No,2.0,288.0,Весы,,5.0,1.0,1.0,Bachelors,918081161417,Bangalore,M,5.0,2017.0,3.0,0
2003.0,Нет,Male,No,2.0,,,24.0,,1.0,1.0,Bachelors,918081161417,,M,5.0,2017.0,3.0,0
2000.0,Да,Female,No,5.0,468.0,,27.0,0.0,3.0,1.0,,917223300798,New Delhi,,,2014.0,5.0,1
2000.0,Да,,No,5.0,468.0,Лев,,0.0,3.0,1.0,Bachelors,917223300798,New Delhi,M,2.0,,5.0,1
2000.0,Да,Female,No,5.0,,Лев,27.0,,3.0,1.0,,917223300798,New Delhi,M,2.0,,5.0,1
1998.0,Да,Female,No,,110.0,Близнецы,27.0,8.0,,,,911443374308,,S,9.0,2013.0,,1
1998.0,Да,,No,5.0,110.0,Близнецы,27.0,,1.0,1.0,Bachelors,911443374308,Pune,S,9.0,,1.0,1
1998.0,Да,Female,No,5.0,110.0,Близнецы,,,,1.0,Bachelors,911443374308,Pune,S,9.0,2013.0,1.0,1
,Да,Female,No,5.0,,Близнецы,27.0,8.0,1.0,1.0,,911443374308,Pune,S,9.0,2013.0,,1
1998.0,,Female,No,1.0,,Скорпион,28.0,,3.0,1.0,Bachelors,913540189959,,S,9.0,2014.0,4.0,0
,Нет,,No,,113.0,Скорпион,28.0,6.0,3.0,1.0,Bachelors,913540189959,Bangalore,,,2014.0,4.0,0
1998.0,Нет,Female,No,1.0,113.0,Скорпион,28.0,6.0,3.0,1.0,Bachelors,913540189959,,S,9.0,2014.0,4.0,0
1998.0,,,No,1.0,113.0,Скорпион,28.0,,,1.0,Bachelors,913540189959,Bangalore,S,9.0,,,0
,,Female,No,1.0,113.0,,28.0,6.0,3.0,1.0,Bachelors,913540189959,Bangalore,S,9.0,2014.0,4.0,0
2002.0,Да,Male,Yes,,84.0,Водолей,24.0,0.0,3.0,1.0,,912645756000,,M,8.0,2015.0,,1
,Да,Male,Yes,2.0,84.0,Водолей,24.0,0.0,3.0,1.0,Bachelors,912645756000,Bangalore,M,8.0,2015.0,4.0,1
2001.0,Да,,No,3.0,445.0,Овен,25.0,2.0,2.0,1.0,Masters,917821305454,Pune,L,7.0,2017.0,1.0,1
2001.0,Да,,,3.0,445.0,Овен,25.0,2.0,,,Masters,917821305454,,L,7.0,2017.0,,1
2001.0,,Female,No,3.0,445.0,Овен,25.0,2.0,,1.0,,917821305454,Pune,L,7.0,2017.0,1.0,1
2001.0,Да,Female,,,445.0,Овен,,,,,Masters,917821305454,Pune,L,7.0,2017.0,1.0,1
2001.0,Да,Female,No,,445.0,Овен,,2.0,2.0,1.0,Masters,917821305454,Pune,L,7.0,2017.0,1.0,1
,Да,Male,No,3.0,216.0,Лев,28.0,4.0,3.0,,Bachelors,912483351048,Bangalore,L,9.0,,4.0,1
,Да,Male,,3.0,216.0,Лев,28.0,,3.0,,,912483351048,Bangalore,L,9.0,2016.0,4.0,1
1997.0,Да,,No,3.0,216.0,,28.0,4.0,,0.0,Bachelors,912483351048,,L,,2016.0,4.0,1
1997.0,,Male,No,3.0,,Лев,28.0,4.0,3.0,0.0,,912483351048,Bangalore,L,,,4.0,1
1998.0,Нет,Male,No,4.0,335.0,Рак,28.0,9.0,,1.0,Bachelors,919006446623,Bangalore,L,1.0,2015.0,1.0,0
1998.0,Нет,Male,,4.0,335.0,Рак,28.0,9.0,3.0,1.0,Bachelors,919006446623,Bangalore,L,,2015.0,1.0,0
,Да,,No,,292.0,Рыбы,26.0,9.0,,,,914440079558,,,5.0,2014.0,3.0,1
1999.0,Да,Male,No,,,Рыбы,26.0,9.0,3.0,1.0,Masters,914440079558,Pune,XXL,5.0,2014.0,3.0,1
,Да,,No,2.0,36.0,Телец,24.0,3.0,,1.0,,913504255898,New Delhi,,7.0,2013.0,3.0,1
2003.0,Да,Female,No,2.0,36.0,Телец,24.0,3.0,1.0,1.0,Masters,913504255898,New Delhi,L,7.0,,3.0,1
2003.0,Да,Female,No,2.0,36.0,Телец,24.0,3.0,1.0,1.0,Masters,913504255898,New Delhi,L,7.0,2013.0,3.0,1
2003.0,Да,Female,,2.0,36.0,,24.0,3.0,1.0,1.0,Masters,913504255898,New Delhi,,7.0,2013.0,3.0,1
2003.0,Да,Female,No,,36.0,Телец,24.0,3.0,1.0,1.0,Masters,913504255898,New Delhi,L,7.0,2013.0,3.0,1
1997.0,Да,Female,No,4.0,,Близнецы,28.0,5.0,,0.0,,913860041828,Pune,,3.0,,5.0,1
1997.0,Да,,No,,247.0,Близнецы,28.0,5.0,2.0,0.0,Bachelors,913860041828,Pune,S,3.0,2016.0,5.0,1
,Да,Female,No,4.0,247.0,Близнецы,28.0,,,0.0,Bachelors,913860041828,Pune,S,3.0,,5.0,1
1997.0,Да,Female,No,,,,28.0,5.0,2.0,0.0,Bachelors,913860041828,Pune,S,3.0,,5.0,1
1997.0,Да,Female,No,,,Близнецы,28.0,5.0,2.0,0.0,,913860041828,,,3.0,2016.0,5.0,1
1999.0,,Male,No,1.0,74.0,Овен,,5.0,3.0,1.0,Bachelors,911077280123,Bangalore,L,14.0,2012.0,1.0,0
1999.0,Нет,Male,No,1.0,,Овен,28.0,5.0,3.0,1.0,Bachelors,911077280123,Bangalore,L,,2012.0,1.0,0
1999.0,Нет,Male,No,,,Овен,28.0,5.0,3.0,1.0,Bachelors,911077280123,Bangalore,L,14.0,2012.0,,0
2000.0,Нет,Female,No,3.0,416.0,Близнецы,25.0,1.0,3.0,,,913386319751,,M,,2017.0,2.0,0
2000.0,Нет,Female,No,3.0,416.0,Близнецы,25.0,1.0,,0.0,,913386319751,New Delhi,M,7.0,2017.0,2.0,0
2000.0,,Female,No,5.0,252.0,,27.0,10.0,,,Bachelors,916162976368,,L,9.0,2012.0,,1
2002.0,Нет,Female,,3.0,,Рак,25.0,,3.0,1.0,,915062576428,Bangalore,M,11.0,2013.0,2.0,1
2002.0,Нет,,No,3.0,95.0,Рак,25.0,,3.0,1.0,Bachelors,915062576428,,M,11.0,,,1
2002.0,Нет,Female,No,3.0,95.0,Рак,25.0,9.0,3.0,,Bachelors,915062576428,,M,11.0,,2.0,1
2002.0,Нет,Female,No,3.0,95.0,,25.0,,3.0,1.0,Bachelors,915062576428,Bangalore,,11.0,2013.0,,1
2002.0,Нет,Female,,3.0,95.0,Рак,25.0,,,1.0,Bachelors,915062576428,Bangalore,,11.0,2013.0,2.0,1
1999.0,Нет,Male,Yes,4.0,446.0,Дева,28.0,1.0,,0.0,Bachelors,916737715906,Bangalore,M,2.0,2016.0,,0
1999.0,Нет,Male,Yes,4.0,446.0,Дева,28.0,1.0,3.0,0.0,Bachelors,916737715906,Bangalore,M,2.0,2016.0,5.0,0
1999.0,Нет,Male,Yes,4.0,446.0,Дева,28.0,1.0,3.0,0.0,Bachelors,916737715906,Bangalore,M,2.0,2016.0,5.0,0
2001.0,Нет,Female,No,4.0,12.0,,,4.0,3.0,1.0,Bachelors,915618695012,Bangalore,,,2014.0,4.0,0
2001.0,,Female,No,4.0,12.0,Рак,,,3.0,1.0,,915618695012,Bangalore,,,2014.0,4.0,0
,Нет,Male,No,4.0,120.0,Рыбы,26.0,6.0,,1.0,Bachelors,914495809913,New Delhi,L,4.0,,,0
,,Female,,5.0,,Близнецы,,3.0,3.0,0.0,Bachelors,912911791963,Bangalore,XS,9.0,2014.0,,1
2000.0,,,,5.0,142.0,Близнецы,,3.0,3.0,,Bachelors,912911791963,Bangalore,,9.0,2014.0,2.0,1
2000.0,Да,Female,,5.0,,Близнецы,27.0,3.0,3.0,,,912911791963,Bangalore,XS,9.0,2014.0,,1
2000.0,Да,Female,Yes,5.0,142.0,Близнецы,27.0,3.0,3.0,,Bachelors,912911791963,,XS,9.0,2014.0,,1
2002.0,Нет,,No,2.0,,Телец,24.0,9.0,2.0,1.0,PHD,918269141957,New Delhi,,7.0,2015.0,2.0,0
2002.0,,Female,No,2.0,371.0,Телец,24.0,9.0,2.0,1.0,PHD,918269141957,New Delhi,M,7.0,,2.0,0
2000.0,Да,Female,No,3.0,452.0,Рак,25.0,5.0,1.0,1.0,,914975833863,,XS,,,4.0,1
2000.0,Да,Female,No,3.0,452.0,Рак,25.0,5.0,1.0,,,914975833863,,XS,1.0,2015.0,4.0,1
,Да,Female,No,3.0,452.0,Рак,,5.0,1.0,1.0,PHD,914975833863,,XS,1.0,,4.0,1
2000.0,Да,Female,No,3.0,452.0,,25.0,5.0,1.0,1.0,PHD,914975833863,Pune,XS,1.0,,4.0,1
2000.0,Да,Female,No,,452.0,Рак,25.0,5.0,1.0,1.0,PHD,914975833863,Pune,XS,1.0,2015.0,4.0,1
2002.0,,,No,3.0,285.0,,,7.0,,0.0,Bachelors,914115924647,Bangalore,,5.0,,4.0,0
2002.0,Нет,Female,No,,285.0,Телец,25.0,7.0,,,Bachelors,914115924647,Bangalore,,5.0,,4.0,0
2002.0,Нет,,,3.0,,Телец,,7.0,,0.0,Bachelors,914115924647,,M,5.0,,4.0,0
,,Male,Yes,2.0,207.0,Весы,24.0,2.0,,0.0,Bachelors,914454568749,Bangalore,,9.0,2014.0,2.0,0
,Нет,,Yes,2.0,207.0,,24.0,,3.0,0.0,Bachelors,914454568749,Bangalore,S,9.0,2014.0,,0
2002.0,,,Yes,2.0,,Весы,24.0,2.0,3.0,,Bachelors,914454568749,Bangalore,,9.0,,2.0,0
,Нет,Male,Yes,2.0,207.0,Весы,24.0,2.0,3.0,0.0,Bachelors,914454568749,,S,,2014.0,2.0,0
2002.0,,,Yes,,207.0,Весы,24.0,2.0,3.0,0.0,Bachelors,914454568749,Bangalore,,9.0,2014.0,2.0,0
2000.0,,Male,Yes,,96.0,Водолей,26.0,0.0,3.0,1.0,,912111768258,New Delhi,,,2018.0,,1
2000.0,,Male,,4.0,96.0,Водолей,26.0,0.0,3.0,1.0,Masters,912111768258,New Delhi,M,15.0,2018.0,,1
,Нет,Male,Yes,2.0,270.0,Стрелец,28.0,,3.0,,,917714828596,,,10.0,2012.0,1.0,0
2000.0,Да,Female,,5.0,387.0,Лев,27.0,0.0,3.0,0.0,PHD,914957304420,New Delhi,M,0.0,2018.0,1.0,1
1999.0,Нет,Male,No,5.0,326.0,,,6.0,3.0,1.0,,914241489160,Bangalore,L,7.0,2012.0,3.0,0
,,Male,,5.0,,Весы,28.0,,3.0,,,914241489160,Bangalore,L,7.0,2012.0,3.0,0
1999.0,Нет,Male,,,326.0,Весы,28.0,6.0,,,,914241489160,Bangalore,L,7.0,2012.0,3.0,0
1999.0,Нет,Male,No,5.0,326.0,Весы,28.0,6.0,,1.0,,914241489160,,,7.0,2012.0,3.0,0
1999.0,Нет,Male,,,326.0,Весы,,6.0,,1.0,Bachelors,914241489160,Bangalore,,,2012.0,3.0,0
2001.0,Да,Male,No,2.0,317.0,Овен,,9.0,,0.0,,918240815364,,,13.0,2018.0,4.0,1
2001.0,Да,Male,No,2.0,317.0,Овен,,9.0,3.0,0.0,Masters,918240815364,Pune,S,13.0,2018.0,4.0,1
2001.0,,Male,No,2.0,,Овен,24.0,,,0.0,Masters,918240815364,Pune,S,,2018.0,4.0,1
2001.0,Да,Male,,,317.0,Овен,,9.0,3.0,0.0,Masters,918240815364,,,,2018.0,4.0,1
,Да,Male,,,317.0,Овен,24.0,9.0,3.0,0.0,Masters,918240815364,Pune,S,13.0,2018.0,,1
2000.0,Да,Female,,5.0,,Овен,27.0,7.0,2.0,0.0,Bachelors,913705718427,Pune,M,,2018.0,3.0,1
,Нет,Female,No,4.0,188.0,Овен,28.0,4.0,3.0,1.0,,917045464890,New Delhi,XS,3.0,2014.0,5.0,0
1999.0,Нет,Female,No,4.0,,Овен,,4.0,,1.0,,917045464890,New Delhi,XS,,2014.0,5.0,0
1999.0,Нет,Female,No,,188.0,Овен,28.0,4.0,3.0,1.0,,917045464890,New Delhi,XS,3.0,2014.0,,0
1999.0,Нет,Female,,,,Овен,28.0,4.0,3.0,1.0,Masters,917045464890,New Delhi,,,2014.0,,0
2002.0,,Female,,,318.0,Весы,25.0,3.0,,1.0,Masters,915181599498,New Delhi,,,2017.0,,0
,,Female,No,3.0,318.0,Весы,25.0,3.0,3.0,1.0,,915181599498,New Delhi,,,2017.0,,0
2002.0,Нет,,,3.0,,Весы,25.0,3.0,3.0,,Masters,915181599498,New Delhi,S,5.0,2017.0,1.0,0
2002.0,Нет,Female,No,3.0,318.0,Весы,25.0,3.0,3.0,1.0,Masters,915181599498,New Delhi,,5.0,2017.0,1.0,0
2000.0,Нет,Female,,,151.0,Скорпион,26.0,,,1.0,Masters,914424150967,Bangalore,M,13.0,2017.0,,0
2000.0,Нет,,,4.0,151.0,Скорпион,26.0,5.0,3.0,,Masters,914424150967,,,13.0,,2.0,0
2001.0,Нет,Female,,4.0,275.0,,26.0,10.0,1.0,0.0,Masters,915657643532,New Delhi,L,3.0,2017.0,1.0,0
,,Female,No,4.0,275.0,Близнецы,26.0,10.0,1.0,,Masters,915657643532,,L,,2017.0,1.0,0
1998.0,Нет,Male,No,,450.0,Козерог,28.0,3.0,3.0,0.0,Bachelors,913279869003,New Delhi,XL,,2012.0,2.0,0
1998.0,Нет,Male,,3.0,450.0,Козерог,28.0,3.0,3.0,0.0,Bachelors,913279869003,New Delhi,XL,11.0,2012.0,2.0,0
1998.0,Нет,Male,,3.0,450.0,,28.0,,3.0,0.0,Bachelors,913279869003,New Delhi,XL,,2012.0,2.0,0
1998.0,Да,Female,No,4.0,348.0,Дева,28.0,3.0,,0.0,Bachelors,918449225255,,M,9.0,2013.0,1.0,1
1998.0,Да,,No,4.0,348.0,Дева,28.0,3.0,3.0,0.0,,918449225255,,M,9.0,2013.0,1.0,1
1998.0,Да,,,4.0,348.0,Дева,28.0,3.0,3.0,0.0,,918449225255,Bangalore,M,9.0,2013.0,1.0,1
1998.0,Да,,,4.0,348.0,Дева,28.0,3.0,3.0,0.0,Bachelors,918449225255,Bangalore,,,2013.0,1.0,1
1998.0,Да,Female,,4.0,348.0,Дева,28.0,3.0,3.0,0.0,Bachelors,918449225255,,M,9.0,,1.0,1
1999.0,Да,Male,Yes,,46.0,Водолей,27.0,8.0,3.0,1.0,Masters,911560049933,New Delhi,,2.0,2012.0,,1
,,Male,Yes,5.0,46.0,,,8.0,3.0,1.0,Masters,911560049933,,,2.0,2012.0,2.0,1
1999.0,Да,Male,Yes,5.0,46.0,Водолей,27.0,,,1.0,Masters,911560049933,New Delhi,M,2.0,2012.0,2.0,1
1999.0,Да,Male,Yes,,46.0,,27.0,8.0,,1.0,Masters,911560049933,,M,2.0,2012.0,2.0,1
,Да,,,5.0,46.0,Водолей,27.0,8.0,3.0,1.0,Masters,911560049933,New Delhi,M,2.0,2012.0,2.0,1
,,Male,No,2.0,327.0,Близнецы,24.0,9.0,,0.0,Bachelors,916932197312,Pune,,,,,0
2003.0,,Male,No,2.0,327.0,Близнецы,,9.0,2.0,0.0,,916932197312,,L,,2017.0,,0
2003.0,,,No,2.0,,Близнецы,,9.0,2.0,0.0,,916932197312,Pune,L,1.0,2017.0,1.0,0
2003.0,Нет,Male,No,2.0,,Близнецы,,9.0,2.0,0.0,Bachelors,916932197312,,L,,2017.0,,0
2003.0,Нет,Male,,,327.0,Близнецы,,9.0,,0.0,,916932197312,,L,1.0,2017.0,1.0,0
2001.0,Да,Female,No,3.0,298.0,Близнецы,25.0,7.0,3.0,0.0,Masters,912938677363,New Delhi,M,7.0,,3.0,1
2001.0,,,No,3.0,298.0,Близнецы,25.0,7.0,3.0,0.0,Masters,912938677363,New Delhi,M,7.0,2017.0,3.0,1
2001.0,,Female,No,3.0,298.0,Близнецы,25.0,,3.0,0.0,,912938677363,New Delhi,M,,2017.0,3.0,1
2001.0,Да,Female,No,,298.0,,,7.0,3.0,0.0,Masters,912938677363,New Delhi,M,7.0,2017.0,3.0,1
2001.0,Да,Female,,3.0,298.0,Близнецы,25.0,7.0,3.0,0.0,Masters,912938677363,New Delhi,M,,,,1
2000.0,Да,Female,Yes,3.0,261.0,,25.0,,3.0,1.0,,917066119251,Bangalore,M,3.0,2018.0,4.0,1
,Нет,Male,No,,154.0,Рыбы,,5.0,3.0,0.0,Masters,917837493703,New Delhi,,3.0,2017.0,,0
1999.0,Нет,Male,No,,154.0,Рыбы,28.0,5.0,3.0,0.0,Masters,917837493703,New Delhi,XL,3.0,2017.0,1.0,0
1999.0,Нет,Male,,2.0,154.0,Рыбы,28.0,5.0,3.0,0.0,Masters,917837493703,New Delhi,XL,3.0,,1.0,0
2002.0,,Female,No,2.0,397.0,Водолей,24.0,0.0,3.0,0.0,,913294838507,Pune,,,2014.0,3.0,1
,Да,Female,,2.0,397.0,Водолей,,0.0,3.0,0.0,Bachelors,913294838507,Pune,,,,3.0,1
,Нет,,No,,290.0,,28.0,,3.0,,Bachelors,919653435368,,M,9.0,2015.0,1.0,0
,Нет,Female,No,3.0,,,28.0,,3.0,1.0,Bachelors,919653435368,Bangalore,M,9.0,2015.0,1.0,0
,,Male,No,3.0,308.0,,28.0,8.0,3.0,1.0,Bachelors,911795292668,Bangalore,L,6.0,2013.0,3.0,1
,Да,Male,,,,Весы,28.0,8.0,,1.0,Bachelors,911795292668,,,6.0,2013.0,,1
,Да,Female,No,,158.0,Рак,,10.0,2.0,1.0,Bachelors,916316784843,,M,15.0,,1.0,1
2002.0,Да,Female,No,,158.0,Рак,25.0,,2.0,1.0,Bachelors,916316784843,New Delhi,,15.0,2015.0,1.0,1
2002.0,Да,Female,,3.0,,Рак,25.0,10.0,2.0,1.0,Bachelors,916316784843,New Delhi,M,15.0,,1.0,1
,,Male,No,,354.0,Весы,26.0,4.0,3.0,0.0,Bachelors,919729834837,New Delhi,,2.0,2012.0,,0
1999.0,Нет,Male,,4.0,354.0,Весы,26.0,4.0,,,Bachelors,919729834837,New Delhi,L,,2012.0,,0
1999.0,Нет,,,0.0,429.0,Водолей,28.0,3.0,,1.0,Bachelors,912816044472,Bangalore,L,,2013.0,1.0,0
1999.0,Нет,Male,No,,429.0,Водолей,28.0,,,,,912816044472,Bangalore,,15.0,2013.0,1.0,0
1999.0,,Male,No,0.0,429.0,Водолей,28.0,3.0,3.0,1.0,,912816044472,Bangalore,L,,2013.0,1.0,0
1999.0,Нет,Male,No,,429.0,Водолей,,3.0,3.0,1.0,,912816044472,Bangalore,,,2013.0,1.0,0
1999.0,Нет,Male,,0.0,429.0,,28.0,3.0,3.0,,Bachelors,912816044472,Bangalore,L,,,1.0,0
1997.0,Нет,Male,,,428.0,Овен,,0.0,3.0,1.0,Bachelors,912710495969,Pune,M,,2012.0,5.0,0
1997.0,Нет,Male,No,,428.0,,28.0,0.0,,1.0,Bachelors,912710495969,Pune,,9.0,,5.0,0
,,Male,No,4.0,237.0,Козерог,26.0,,,1.0,Bachelors,912004540164,Bangalore,,13.0,2016.0,3.0,0
1999.0,Нет,Male,No,4.0,237.0,,26.0,,1.0,1.0,Bachelors,912004540164,Bangalore,XL,13.0,2016.0,3.0,0
1999.0,Да,,Yes,2.0,61.0,Лев,28.0,9.0,2.0,1.0,Masters,913111742529,New Delhi,L,13.0,2017.0,4.0,1
1999.0,,Female,Yes,2.0,61.0,Лев,28.0,9.0,2.0,1.0,,913111742529,New Delhi,L,13.0,2017.0,4.0,1
1999.0,Да,Female,Yes,,61.0,Лев,28.0,9.0,2.0,1.0,Masters,913111742529,New Delhi,L,13.0,2017.0,4.0,1
1999.0,Да,Female,Yes,2.0,,Лев,,9.0,2.0,1.0,,913111742529,New Delhi,L,,2017.0,4.0,1
2000.0,Да,Male,No,,,Стрелец,27.0,4.0,3.0,0.0,Bachelors,918645683127,Pune,L,,2014.0,4.0,1
2000.0,Да,,No,,271.0,Стрелец,27.0,4.0,3.0,0.0,Bachelors,918645683127,,L,1.0,2014.0,4.0,1
2000.0,Да,,No,5.0,271.0,Стрелец,27.0,4.0,3.0,0.0,Bachelors,918645683127,Pune,,1.0,,4.0,1
,,,,5.0,271.0,Стрелец,27.0,4.0,,0.0,,918645683127,,L,1.0,2014.0,,1
1999.0,Да,Female,No,4.0,241.0,Рыбы,26.0,,,,Bachelors,911127050978,,M,15.0,,1.0,1
1999.0,Да,,No,4.0,241.0,Рыбы,26.0,9.0,2.0,1.0,Bachelors,911127050978,Pune,M,,,1.0,1
1999.0,Да,Female,,4.0,241.0,Рыбы,26.0,9.0,2.0,1.0,Bachelors,911127050978,Pune,,,2016.0,1.0,1
1999.0,Да,Female,No,,241.0,Рыбы,26.0,9.0,2.0,1.0,Bachelors,911127050978,,M,15.0,2016.0,1.0,1
1998.0,Да,Female,Yes,5.0,406.0,,27.0,,3.0,0.0,Bachelors,916735614053,Bangalore,,5.0,2018.0,2.0,1
1998.0,Да,Female,,5.0,406.0,Рак,27.0,0.0,,0.0,Bachelors,916735614053,Bangalore,M,5.0,2018.0,2.0,1
1998.0,,Female,Yes,5.0,,Рак,27.0,0.0,3.0,0.0,Bachelors,916735614053,Bangalore,,5.0,2018.0,2.0,1
1998.0,,Female,,,406.0,Рак,27.0,,3.0,,Bachelors,916735614053,Bangalore,,5.0,2018.0,2.0,1
,Да,Female,Yes,5.0,406.0,Рак,27.0,,3.0,0.0,,916735614053,Bangalore,,5.0,2018.0,2.0,1
1998.0,Нет,Male,No,4.0,482.0,Близнецы,,6.0,3.0,0.0,Bachelors,912311059825,Pune,L,13.0,2012.0,3.0,0
1998.0,Нет,,No,4.0,482.0,Близнецы,,6.0,3.0,0.0,,912311059825,,L,13.0,2012.0,3.0,0
1998.0,Нет,Male,No,4.0,482.0,,28.0,6.0,3.0,0.0,Bachelors,912311059825,Pune,L,13.0,2012.0,3.0,0
1998.0,Нет,Male,No,4.0,482.0,Близнецы,28.0,6.0,,0.0,Bachelors,912311059825,,L,13.0,,,0
1998.0,Нет,Male,No,4.0,482.0,Близнецы,28.0,6.0,3.0,,,912311059825,Pune,,,2012.0,3.0,0
2000.0,,Female,No,,69.0,Стрелец,27.0,,,1.0,Bachelors,914109455678,New Delhi,S,15.0,2012.0,5.0,0
,Нет,Female,No,,69.0,Стрелец,27.0,,1.0,1.0,Bachelors,914109455678,New Delhi,S,15.0,,5.0,0
,Нет,,,2.0,230.0,Овен,24.0,7.0,3.0,1.0,Masters,912232533073,New Delhi,M,13.0,2012.0,2.0,0
,Нет,,No,2.0,230.0,Овен,,,3.0,1.0,Masters,912232533073,New Delhi,M,13.0,2012.0,2.0,0
2001.0,,Female,No,3.0,452.0,Скорпион,,7.0,2.0,1.0,Bachelors,917997645889,New Delhi,M,4.0,2013.0,2.0,1
2001.0,,,No,,452.0,Скорпион,25.0,7.0,,1.0,Bachelors,917997645889,,M,4.0,2013.0,2.0,1
2002.0,Да,Male,Yes,3.0,416.0,Близнецы,25.0,6.0,3.0,0.0,Masters,914983289671,,L,13.0,2013.0,3.0,1
2002.0,,Male,Yes,3.0,,Близнецы,25.0,6.0,3.0,0.0,Masters,914983289671,Pune,L,13.0,2013.0,,1
2002.0,Да,,Yes,3.0,,Близнецы,25.0,6.0,3.0,,,914983289671,,L,13.0,2013.0,,1
2003.0,Да,,No,2.0,446.0,Телец,24.0,9.0,,1.0,,919621608153,Pune,S,,2015.0,3.0,1
2001.0,Да,Female,No,4.0,40.0,Козерог,26.0,0.0,3.0,,Masters,918755839008,,XL,14.0,2012.0,,1
,,Female,,4.0,40.0,,,0.0,3.0,1.0,Masters,918755839008,New Delhi,XL,14.0,2012.0,4.0,1
2001.0,Да,Female,No,4.0,40.0,Козерог,26.0,0.0,3.0,1.0,Masters,918755839008,New Delhi,XL,14.0,2012.0,4.0,1
1997.0,Да,Female,No,0.0,102.0,Овен,,10.0,2.0,1.0,Bachelors,915475103835,,XS,9.0,2016.0,1.0,1
1997.0,Да,Female,No,0.0,102.0,,28.0,10.0,2.0,1.0,Bachelors,915475103835,Pune,XS,9.0,2016.0,1.0,1
1997.0,Да,Female,No,0.0,,,28.0,10.0,2.0,1.0,Bachelors,915475103835,Pune,XS,9.0,2016.0,,1
1997.0,,Female,No,0.0,,Овен,28.0,10.0,2.0,1.0,Bachelors,915475103835,,XS,9.0,,1.0,1
2002.0,Нет,Male,No,2.0,,Рак,24.0,4.0,3.0,0.0,Bachelors,917828682758,New Delhi,M,11.0,2012.0,3.0,0
2002.0,Нет,Male,No,2.0,397.0,Рак,24.0,4.0,3.0,0.0,Bachelors,917828682758,New Delhi,M,11.0,,3.0,0
2002.0,Нет,Male,No,2.0,397.0,Рак,24.0,,3.0,0.0,Bachelors,917828682758,New Delhi,M,11.0,2012.0,3.0,0
1997.0,,Male,No,1.0,24.0,Водолей,28.0,2.0,3.0,0.0,Bachelors,914476909388,New Delhi,L,13.0,2015.0,2.0,0
1997.0,,,No,1.0,24.0,Водолей,28.0,,3.0,0.0,Bachelors,914476909388,New Delhi,L,13.0,2015.0,2.0,0
1997.0,Нет,Male,No,1.0,,Водолей,28.0,2.0,3.0,0.0,Bachelors,914476909388,New Delhi,L,13.0,2015.0,,0
1997.0,Нет,Male,,1.0,24.0,Водолей,28.0,2.0,3.0,0.0,,914476909388,New Delhi,L,13.0,,2.0,0
1997.0,Нет,,No,1.0,24.0,Водолей,28.0,2.0,,0.0,Bachelors,914476909388,New Delhi,L,13.0,2015.0,,0
1998.0,,Female,No,4.0,,Телец,28.0,7.0,2.0,0.0,Masters,912584424304,Pune,L,8.0,,,0
1998.0,Нет,Female,No,4.0,39.0,,28.0,7.0,2.0,0.0,Masters,912584424304,Pune,,8.0,2017.0,2.0,0
1998.0,Нет,Female,No,4.0,39.0,Телец,,7.0,2.0,0.0,,912584424304,,,8.0,2017.0,2.0,0
1999.0,Нет,Female,,5.0,104.0,,,0.0,,1.0,,915236721701,Bangalore,M,11.0,2016.0,4.0,0
1999.0,,Female,No,5.0,104.0,Скорпион,,0.0,3.0,,Bachelors,915236721701,,M,11.0,2016.0,4.0,0
,,Female,No,5.0,361.0,Рак,28.0,3.0,3.0,1.0,Bachelors,913346264001,Bangalore,M,3.0,2015.0,1.0,0
,,Female,No,,,,28.0,3.0,3.0,1.0,Bachelors,913346264001,,M,3.0,2015.0,1.0,0
,Нет,Female,No,,361.0,,28.0,3.0,3.0,1.0,Bachelors,913346264001,Bangalore,,3.0,2015.0,1.0,0
1999.0,Нет,Female,,,,Рак,28.0,3.0,3.0,1.0,,913346264001,Bangalore,M,,,1.0,0
1999.0,Нет,Female,No,5.0,361.0,Рак,28.0,3.0,,1.0,Bachelors,913346264001,Bangalore,M,3.0,2015.0,,0
2001.0,Нет,Male,No,2.0,232.0,Близнецы,24.0,9.0,1.0,0.0,,912114307916,Bangalore,,2.0,,1.0,0
,Нет,Male,,2.0,232.0,,,9.0,,0.0,Bachelors,912114307916,Bangalore,M,2.0,2015.0,1.0,0
2001.0,Нет,Male,No,2.0,232.0,,24.0,9.0,1.0,,Bachelors,912114307916,Bangalore,,2.0,2015.0,1.0,0
,Да,Female,No,,490.0,Рак,28.0,0.0,3.0,0.0,Bachelors,911420464384,Pune,M,5.0,,4.0,1
2001.0,,Female,Yes,2.0,237.0,Дева,24.0,,2.0,0.0,Masters,916528033923,Bangalore,S,3.0,2017.0,2.0,1
2001.0,Да,Female,Yes,2.0,237.0,Дева,24.0,8.0,2.0,0.0,Masters,916528033923,Bangalore,S,3.0,2017.0,2.0,1
2001.0,Да,,Yes,2.0,237.0,Дева,24.0,8.0,2.0,0.0,,916528033923,Bangalore,S,3.0,2017.0,2.0,1
2001.0,Нет,Female,No,,305.0,Весы,26.0,7.0,3.0,,Bachelors,916803185085,New Delhi,M,2.0,2014.0,,1
1997.0,Да,Male,No,5.0,143.0,,28.0,6.0,2.0,0.0,,914454430728,Pune,L,,2013.0,5.0,1
1997.0,Да,,No,,,,28.0,,2.0,0.0,Masters,914454430728,Pune,,5.0,2013.0,5.0,1
1998.0,Да,Female,No,,299.0,,28.0,6.0,1.0,1.0,Bachelors,919248853865,New Delhi,M,9.0,2013.0,,1
,Да,Female,,5.0,299.0,Скорпион,28.0,6.0,,1.0,Bachelors,919248853865,New Delhi,M,9.0,2013.0,3.0,1
,Да,Female,No,5.0,299.0,,,6.0,1.0,1.0,Bachelors,919248853865,New Delhi,M,9.0,2013.0,3.0,1
1998.0,Да,,No,5.0,,Скорпион,28.0,6.0,,1.0,Bachelors,919248853865,New Delhi,M,9.0,2013.0,,1
1998.0,,Female,No,5.0,,Скорпион,28.0,6.0,1.0,1.0,,919248853865,New Delhi,M,,2013.0,3.0,1
,Нет,Male,,2.0,190.0,,28.0,5.0,3.0,0.0,Masters,911022842932,New Delhi,L,,,3.0,0
1998.0,,Male,No,2.0,190.0,Козерог,28.0,5.0,3.0,0.0,Masters,911022842932,New Delhi,L,3.0,2015.0,3.0,0
1999.0,Да,Female,No,5.0,165.0,Дева,27.0,8.0,3.0,,Bachelors,911238192175,Pune,M,7.0,2014.0,5.0,1
1999.0,Да,,No,,165.0,Дева,27.0,8.0,3.0,1.0,Bachelors,911238192175,,,7.0,2014.0,5.0,1
1999.0,Да,,,5.0,165.0,Дева,27.0,8.0,3.0,,Bachelors,911238192175,Pune,,7.0,2014.0,5.0,1
1999.0,Да,Female,No,5.0,,,27.0,8.0,3.0,1.0,,911238192175,,,7.0,2014.0,,1
,,Female,No,5.0,165.0,Дева,27.0,8.0,,1.0,Bachelors,911238192175,Pune,,,,5.0,1
2003.0,Да,Male,,2.0,128.0,Рыбы,,,3.0,1.0,Masters,915166658803,New Delhi,S,1.0,2018.0,4.0,1
2003.0,Да,,No,,128.0,Рыбы,24.0,5.0,,1.0,Masters,915166658803,New Delhi,S,1.0,2018.0,,1
2001.0,,,Yes,,105.0,Рак,26.0,,3.0,,Bachelors,913171023868,,S,12.0,,3.0,1
,,Male,Yes,,105.0,Рак,,5.0,3.0,0.0,Bachelors,913171023868,,S,12.0,,3.0,1
2001.0,,Male,Yes,,105.0,Рак,26.0,,3.0,0.0,Bachelors,913171023868,Bangalore,S,12.0,,3.0,1
2001.0,Нет,Female,No,2.0,77.0,Рак,24.0,8.0,3.0,,Masters,911377431149,New Delhi,M,14.0,,,0
,Нет,Female,No,2.0,77.0,Рак,24.0,8.0,3.0,0.0,Masters,911377431149,New Delhi,M,14.0,2017.0,1.0,0
2001.0,Нет,Female,No,,77.0,Рак,24.0,,3.0,0.0,Masters,911377431149,,M,14.0,2017.0,1.0,0
2002.0,Да,Male,Yes,,472.0,Овен,25.0,1.0,3.0,1.0,Bachelors,918972968656,Pune,,,2017.0,,1
2000.0,,,Yes,5.0,,Лев,,2.0,3.0,0.0,Bachelors,919904201085,Pune,M,1.0,2013.0,1.0,1
2000.0,Да,,,,427.0,Лев,27.0,2.0,3.0,0.0,Bachelors,919904201085,Pune,M,1.0,,1.0,1
2001.0,,,No,4.0,294.0,Рак,,10.0,3.0,0.0,Bachelors,914867331008,Bangalore,L,,2016.0,4.0,1
,,,No,4.0,294.0,Рак,,10.0,3.0,0.0,,914867331008,Bangalore,,,2016.0,4.0,1
2001.0,,Female,No,4.0,294.0,Рак,26.0,,3.0,0.0,Bachelors,914867331008,Bangalore,L,,,4.0,1
2001.0,Да,,No,,294.0,Рак,,10.0,3.0,,Bachelors,914867331008,Bangalore,L,0.0,2016.0,4.0,1
1999.0,Нет,Male,No,2.0,,Скорпион,28.0,7.0,2.0,,,912628605419,,M,,,1.0,0
1999.0,Нет,Male,No,2.0,432.0,,,7.0,2.0,0.0,Masters,912628605419,Bangalore,M,,2017.0,1.0,0
1999.0,Нет,,No,2.0,432.0,Скорпион,28.0,7.0,2.0,0.0,Masters,912628605419,,M,12.0,2017.0,,0
,Нет,Male,,2.0,432.0,Скорпион,28.0,7.0,2.0,0.0,Masters,912628605419,Bangalore,M,12.0,2017.0,1.0,0
1998.0,Нет,,No,,100.0,Дева,28.0,4.0,2.0,0.0,Masters,914029902173,New Delhi,L,11.0,2017.0,,0
1998.0,Нет,Male,,3.0,100.0,Дева,28.0,4.0,,0.0,Masters,914029902173,New Delhi,L,11.0,2017.0,,0
1998.0,Нет,Male,No,3.0,100.0,,28.0,4.0,2.0,0.0,Masters,914029902173,,L,11.0,2017.0,1.0,0
1998.0,Нет,Male,No,3.0,100.0,,28.0,4.0,2.0,,Masters,914029902173,New Delhi,L,11.0,2017.0,1.0,0
,,,,3.0,100.0,Дева,,4.0,2.0,0.0,Masters,914029902173,New Delhi,,11.0,2017.0,,0
1999.0,Нет,Female,Yes,,80.0,Водолей,,,3.0,,,918346329267,Bangalore,M,9.0,2015.0,5.0,0
,Нет,Female,Yes,4.0,80.0,Водолей,,5.0,3.0,,Bachelors,918346329267,,M,9.0,2015.0,5.0,0
1999.0,,,Yes,,80.0,Водолей,26.0,5.0,3.0,0.0,Bachelors,918346329267,Bangalore,M,9.0,2015.0,5.0,0
,,Male,No,,171.0,Рак,28.0,9.0,,0.0,Masters,915629375921,Pune,M,14.0,2018.0,3.0,1
2000.0,Нет,Male,No,5.0,90.0,Водолей,27.0,0.0,3.0,1.0,,915017211682,New Delhi,M,3.0,2016.0,2.0,0
2000.0,Нет,,No,5.0,90.0,,27.0,0.0,,1.0,PHD,915017211682,New Delhi,M,3.0,2016.0,2.0,0
,Нет,Female,No,2.0,71.0,Рак,,1.0,3.0,0.0,Bachelors,912181543753,New Delhi,,1.0,,1.0,0
1998.0,Нет,Female,No,,,Рак,28.0,1.0,3.0,,Bachelors,912181543753,,L,1.0,2015.0,,0
1998.0,,Female,No,2.0,71.0,Рак,28.0,1.0,3.0,,Bachelors,912181543753,New Delhi,,1.0,2015.0,1.0,0
1998.0,Нет,Female,No,,71.0,Рак,28.0,1.0,3.0,0.0,,912181543753,New Delhi,,1.0,2015.0,1.0,0
1998.0,Нет,Female,No,2.0,71.0,Рак,28.0,1.0,3.0,0.0,Bachelors,912181543753,New Delhi,L,1.0,2015.0,1.0,0
1999.0,Нет,Male,No,,292.0,Рак,28.0,6.0,3.0,1.0,PHD,916871816415,Pune,S,,2015.0,1.0,0
1999.0,Нет,Male,No,0.0,292.0,Рак,28.0,,3.0,1.0,PHD,916871816415,Pune,S,,2015.0,1.0,0
1999.0,Нет,Male,No,,292.0,Рак,,6.0,3.0,1.0,,916871816415,Pune,S,5.0,2015.0,1.0,0
1999.0,Нет,Male,No,0.0,292.0,Рак,28.0,6.0,3.0,1.0,PHD,916871816415,Pune,S,,2015.0,1.0,0
1999.0,Нет,Male,No,,292.0,,28.0,6.0,,1.0,PHD,916871816415,Pune,S,5.0,2015.0,1.0,0
,Нет,Male,No,5.0,165.0,Козерог,28.0,,3.0,1.0,Bachelors,918896257675,Bangalore,M,7.0,2016.0,3.0,0
1997.0,Нет,Male,No,5.0,165.0,Козерог,,,3.0,1.0,Bachelors,918896257675,Bangalore,M,7.0,2016.0,3.0,0
,Нет,Male,No,5.0,165.0,,28.0,0.0,3.0,1.0,Bachelors,918896257675,,M,7.0,2016.0,3.0,0
1997.0,Нет,Male,No,5.0,,Козерог,28.0,,3.0,1.0,Bachelors,918896257675,Bangalore,M,7.0,2016.0,3.0,0
1997.0,Нет,Male,No,5.0,165.0,Козерог,28.0,0.0,3.0,1.0,Bachelors,918896257675,Bangalore,M,,,3.0,0
1999.0,Нет,Male,No,,30.0,Рыбы,26.0,,,,Bachelors,912953066922,New Delhi,L,0.0,2014.0,3.0,0
1999.0,Нет,Male,,4.0,,Рыбы,26.0,,,1.0,Bachelors,912953066922,New Delhi,L,0.0,2014.0,3.0,0
1999.0,,Male,No,4.0,30.0,Рыбы,26.0,5.0,3.0,1.0,Bachelors,912953066922,New Delhi,L,0.0,2014.0,3.0,0
2003.0,,Male,,2.0,440.0,,24.0,8.0,3.0,1.0,Bachelors,919091354888,Pune,S,1.0,2016.0,2.0,0
1999.0,,Female,No,2.0,161.0,Рак,28.0,1.0,2.0,0.0,,919951566711,Pune,M,11.0,2013.0,,1
1999.0,Нет,Female,No,2.0,161.0,Рак,28.0,1.0,2.0,0.0,Bachelors,919951566711,Pune,M,11.0,2013.0,5.0,1
1999.0,Нет,Female,,2.0,161.0,Рак,28.0,1.0,2.0,,Bachelors,919951566711,Pune,M,11.0,2013.0,5.0,1
1999.0,Нет,Female,No,2.0,161.0,,28.0,1.0,,0.0,Bachelors,919951566711,Pune,,11.0,2013.0,5.0,1
1999.0,Нет,Female,No,2.0,161.0,Рак,28.0,1.0,2.0,0.0,,919951566711,Pune,M,11.0,,5.0,1
,Да,Male,No,,,,24.0,,2.0,1.0,,919120673828,Bangalore,L,12.0,2017.0,1.0,1
2002.0,,Female,No,,,Весы,24.0,4.0,2.0,1.0,Masters,911769433527,Pune,M,,,3.0,1
2002.0,Да,,No,2.0,133.0,Весы,24.0,,,1.0,Masters,911769433527,Pune,M,13.0,2015.0,3.0,1
2000.0,,Male,Yes,4.0,202.0,,26.0,,3.0,0.0,,917003729561,Pune,L,5.0,2018.0,2.0,1
2000.0,Да,Male,,4.0,202.0,Рак,26.0,0.0,3.0,0.0,,917003729561,Pune,L,5.0,2018.0,2.0,1
1999.0,Да,Male,,5.0,429.0,Скорпион,,0.0,,0.0,Bachelors,919776607819,Bangalore,,,2017.0,,1
1999.0,Да,,,5.0,,Скорпион,27.0,0.0,,,Bachelors,919776607819,Bangalore,L,3.0,2017.0,3.0,1
1999.0,,,No,5.0,429.0,,,0.0,3.0,,Bachelors,919776607819,,L,3.0,,3.0,1
1998.0,Да,Female,No,,492.0,Близнецы,,,,1.0,Bachelors,916707824757,New Delhi,S,4.0,,2.0,1
,Да,Female,No,5.0,492.0,Близнецы,28.0,,3.0,,Bachelors,916707824757,New Delhi,S,,2018.0,,1
1998.0,Да,Female,No,,492.0,Близнецы,28.0,3.0,3.0,1.0,,916707824757,New Delhi,S,4.0,2018.0,2.0,1
1998.0,Да,,,5.0,,Близнецы,,3.0,,1.0,Bachelors,916707824757,,S,4.0,2018.0,,1
1998.0,,Male,No,0.0,475.0,,28.0,6.0,,0.0,Bachelors,917763509919,Bangalore,L,15.0,2015.0,2.0,1
1998.0,Да,,,0.0,475.0,Близнецы,28.0,,3.0,0.0,Bachelors,917763509919,Bangalore,,15.0,2015.0,,1
1998.0,Да,Male,No,0.0,475.0,Близнецы,28.0,6.0,3.0,0.0,Bachelors,917763509919,,L,15.0,2015.0,2.0,1
1998.0,Да,Male,,0.0,,Близнецы,28.0,6.0,3.0,0.0,Bachelors,917763509919,Bangalore,,15.0,2015.0,,1
1998.0,Да,Male,,0.0,475.0,Близнецы,28.0,6.0,3.0,0.0,,917763509919,Bangalore,L,15.0,2015.0,2.0,1
1998.0,Нет,Female,No,3.0,348.0,Телец,,9.0,3.0,0.0,,919746901181,,S,,2016.0,3.0,0
1998.0,Нет,,No,3.0,348.0,,28.0,9.0,3.0,0.0,Bachelors,919746901181,New Delhi,S,11.0,2016.0,3.0,0
,,Male,No,2.0,,Весы,,1.0,3.0,,Masters,912288345894,New Delhi,S,,2018.0,2.0,1
1998.0,,Male,No,2.0,,,28.0,1.0,,1.0,Masters,912288345894,New Delhi,S,,2018.0,,1
1999.0,,Female,No,0.0,,Телец,28.0,10.0,2.0,0.0,Bachelors,917360950007,New Delhi,XL,,2017.0,2.0,0
1999.0,Нет,Female,,,,Телец,28.0,10.0,2.0,0.0,Bachelors,917360950007,New Delhi,XL,2.0,2017.0,,0
1999.0,Нет,,No,0.0,253.0,Телец,,10.0,,0.0,Bachelors,917360950007,,XL,2.0,2017.0,2.0,0
1999.0,Нет,Female,No,0.0,,,28.0,10.0,2.0,0.0,Bachelors,917360950007,New Delhi,XL,2.0,2017.0,2.0,0
1999.0,,Female,No,0.0,253.0,Телец,,10.0,2.0,0.0,Bachelors,917360950007,New Delhi,XL,,,2.0,0
1999.0,Нет,Male,,2.0,218.0,Водолей,28.0,7.0,3.0,1.0,Bachelors,916608570300,Bangalore,L,2.0,2012.0,4.0,0
2003.0,Нет,Male,No,2.0,225.0,Водолей,24.0,5.0,1.0,0.0,Bachelors,919080105058,,L,4.0,2016.0,3.0,0
2003.0,,Male,No,,225.0,,24.0,5.0,1.0,0.0,Bachelors,919080105058,Bangalore,L,4.0,,3.0,0
2003.0,,Male,No,2.0,225.0,Водолей,24.0,5.0,1.0,0.0,Bachelors,919080105058,Bangalore,L,4.0,2016.0,3.0,0
,,Male,No,,225.0,Водолей,24.0,5.0,,0.0,Bachelors,919080105058,Bangalore,L,,2016.0,3.0,0
,Нет,Male,No,2.0,225.0,Водолей,24.0,5.0,1.0,0.0,Bachelors,919080105058,Bangalore,L,4.0,2016.0,3.0,0
2000.0,Нет,Male,,5.0,456.0,Овен,27.0,7.0,3.0,1.0,Bachelors,916706480927,Pune,M,6.0,2016.0,1.0,0
2000.0,Нет,Male,No,5.0,456.0,Овен,27.0,7.0,3.0,1.0,Bachelors,916706480927,Pune,,6.0,2016.0,1.0,0
2001.0,Да,Female,,3.0,166.0,,25.0,5.0,,0.0,Bachelors,911945564771,Pune,,,2018.0,1.0,1
2001.0,Да,Female,No,3.0,166.0,,25.0,5.0,3.0,0.0,Bachelors,911945564771,Pune,,8.0,2018.0,1.0,1
,Да,Female,No,3.0,166.0,Козерог,25.0,5.0,3.0,,Bachelors,911945564771,Pune,XL,8.0,2018.0,1.0,1
2003.0,Нет,Male,Yes,2.0,,Водолей,24.0,9.0,3.0,1.0,Bachelors,916615293149,,M,10.0,2015.0,5.0,0
2003.0,Нет,Male,Yes,2.0,372.0,Водолей,,,3.0,1.0,Bachelors,916615293149,,,10.0,2015.0,,0
2001.0,Да,Female,No,2.0,112.0,Козерог,24.0,5.0,3.0,1.0,Bachelors,915781431373,,S,7.0,2013.0,1.0,1
2001.0,,Female,No,2.0,112.0,Козерог,24.0,5.0,3.0,1.0,Bachelors,915781431373,Bangalore,S,,2013.0,,1
2001.0,Да,Female,No,2.0,112.0,Козерог,24.0,5.0,3.0,,Bachelors,915781431373,Bangalore,S,7.0,2013.0,1.0,1
1997.0,Да,Male,,0.0,484.0,Телец,28.0,10.0,2.0,1.0,Bachelors,916379403673,Pune,L,8.0,,2.0,1
,Да,Male,Yes,0.0,484.0,Телец,,,2.0,1.0,,916379403673,Pune,L,8.0,,2.0,1
,Да,Male,No,2.0,118.0,Дева,28.0,4.0,,0.0,Masters,918121103252,Bangalore,L,7.0,2018.0,4.0,1
1997.0,Да,Male,No,2.0,,,28.0,,3.0,0.0,,918121103252,,L,7.0,2018.0,4.0,1
1997.0,Да,Male,No,2.0,118.0,Дева,28.0,4.0,3.0,,Masters,918121103252,,L,7.0,2018.0,4.0,1
1997.0,Да,Male,No,2.0,118.0,Дева,28.0,4.0,3.0,0.0,Masters,918121103252,Bangalore,L,,2018.0,4.0,1
,Нет,Male,No,0.0,360.0,Рак,28.0,1.0,3.0,0.0,Bachelors,912372103792,New Delhi,,7.0,2016.0,,0
,Нет,,,5.0,476.0,,,3.0,1.0,1.0,Bachelors,912385686580,Bangalore,XL,11.0,2012.0,,0
1999.0,Нет,Male,No,5.0,476.0,Овен,27.0,3.0,1.0,,Bachelors,912385686580,Bangalore,XL,,2012.0,3.0,0
1999.0,,Male,No,5.0,,Овен,27.0,3.0,1.0,,,912385686580,,XL,11.0,2012.0,3.0,0
,Нет,Male,No,5.0,,Овен,27.0,3.0,1.0,1.0,Bachelors,912385686580,,XL,11.0,2012.0,3.0,0
1999.0,Нет,Female,,5.0,454.0,Близнецы,28.0,,3.0,0.0,,911654584119,Bangalore,XXL,5.0,2017.0,3.0,0
1998.0,Да,Male,,0.0,171.0,Близнецы,28.0,,,0.0,Bachelors,917482236014,Pune,L,1.0,2017.0,4.0,1
1999.0,Да,Female,No,3.0,,,28.0,,2.0,,Bachelors,912725193974,Bangalore,M,,2015.0,4.0,1
1999.0,Да,Female,,3.0,,,28.0,6.0,2.0,1.0,Bachelors,912725193974,Bangalore,M,6.0,2015.0,4.0,1
1999.0,Да,Female,No,3.0,337.0,Козерог,28.0,6.0,2.0,1.0,Bachelors,912725193974,Bangalore,,6.0,2015.0,4.0,1
1999.0,,Female,No,3.0,337.0,Козерог,28.0,6.0,2.0,1.0,Bachelors,912725193974,,M,6.0,2015.0,4.0,1
2000.0,Да,Male,Yes,3.0,133.0,,25.0,0.0,3.0,0.0,Bachelors,914821733158,Bangalore,L,10.0,2013.0,4.0,1
,Да,Male,,3.0,133.0,Рак,,0.0,3.0,0.0,,914821733158,Bangalore,,,2013.0,,1
2000.0,Да,Male,Yes,3.0,133.0,Рак,,0.0,3.0,0.0,Bachelors,914821733158,Bangalore,L,10.0,,4.0,1
2000.0,Да,,Yes,3.0,133.0,Рак,25.0,0.0,3.0,,,914821733158,Bangalore,L,,2013.0,,1
2000.0,Да,Male,Yes,,133.0,Рак,25.0,,3.0,0.0,Bachelors,914821733158,Bangalore,L,10.0,2013.0,4.0,1
2000.0,Нет,Female,No,3.0,380.0,,25.0,,2.0,0.0,Masters,911235351261,Pune,M,,2017.0,4.0,0
,,Female,,3.0,,,25.0,4.0,,0.0,Masters,911235351261,Pune,,1.0,2017.0,4.0,0
2000.0,Нет,Male,,5.0,94.0,Скорпион,27.0,,3.0,0.0,,911479993749,Bangalore,,13.0,,2.0,0
2000.0,,Male,Yes,,94.0,Скорпион,27.0,9.0,3.0,0.0,Bachelors,911479993749,Bangalore,M,13.0,2014.0,2.0,0
2000.0,Нет,Male,Yes,5.0,94.0,,27.0,9.0,3.0,0.0,Bachelors,911479993749,Bangalore,M,,,2.0,0
2000.0,Нет,Male,Yes,5.0,94.0,Скорпион,27.0,9.0,3.0,0.0,Bachelors,911479993749,Bangalore,M,13.0,,2.0,0
,Да,Male,No,2.0,489.0,Близнецы,24.0,4.0,3.0,1.0,Bachelors,917464731235,Pune,,2.0,2018.0,2.0,1
2003.0,Да,Male,No,2.0,,Близнецы,24.0,4.0,3.0,1.0,Bachelors,917464731235,Pune,M,2.0,2018.0,2.0,1
2003.0,,Male,No,2.0,489.0,Близнецы,24.0,4.0,3.0,1.0,Bachelors,917464731235,Pune,,2.0,2018.0,2.0,1
1999.0,Да,Female,Yes,5.0,474.0,Весы,27.0,3.0,,,Bachelors,919987465533,,M,8.0,,2.0,1
1999.0,,Female,Yes,,474.0,Весы,27.0,,,1.0,Bachelors,919987465533,New Delhi,,8.0,2015.0,2.0,1
1999.0,Да,,No,5.0,,Близнецы,27.0,1.0,3.0,1.0,Masters,917359875155,,XL,2.0,2017.0,1.0,1
,,Female,No,5.0,301.0,Близнецы,27.0,1.0,,1.0,Masters,917359875155,New Delhi,XL,2.0,2017.0,1.0,1
1999.0,Да,Female,No,5.0,301.0,Близнецы,27.0,1.0,,1.0,Masters,917359875155,New Delhi,,,,1.0,1
1998.0,,Female,,5.0,402.0,Весы,,2.0,,0.0,Bachelors,912096560039,Pune,S,13.0,,1.0,1
1998.0,Да,Female,No,,402.0,Весы,27.0,2.0,3.0,,Bachelors,912096560039,,,,2018.0,,1
1998.0,Да,,,5.0,402.0,,27.0,2.0,3.0,,Bachelors,912096560039,Pune,S,13.0,2018.0,1.0,1
1998.0,Да,Female,No,5.0,402.0,Весы,27.0,2.0,,,Bachelors,912096560039,Pune,S,13.0,,,1
1998.0,Да,Female,No,,,,27.0,2.0,3.0,,Bachelors,912096560039,Pune,S,13.0,2018.0,,1
,Да,Female,No,,,Стрелец,27.0,7.0,3.0,1.0,PHD,918395803762,,S,1.0,2013.0,,1
1998.0,Нет,Male,Yes,5.0,90.0,Весы,27.0,0.0,,0.0,,912081310580,Pune,M,10.0,,2.0,0
,Нет,Male,Yes,5.0,90.0,Весы,27.0,0.0,3.0,,Bachelors,912081310580,Pune,M,10.0,2014.0,,0
1998.0,Нет,Male,,5.0,90.0,Весы,27.0,0.0,,,Bachelors,912081310580,Pune,M,10.0,2014.0,2.0,0
2000.0,,,No,4.0,,Телец,,,3.0,0.0,Masters,915399650325,Bangalore,S,,2013.0,3.0,1
,Да,,No,4.0,330.0,Телец,26.0,10.0,,0.0,,915399650325,,S,9.0,2013.0,3.0,1
2000.0,Да,Female,No,4.0,330.0,,,10.0,3.0,,Masters,915399650325,,S,9.0,,3.0,1
1997.0,Нет,Female,No,0.0,,Козерог,28.0,3.0,3.0,1.0,Bachelors,915631811704,,S,2.0,2017.0,5.0,0
1997.0,Нет,,No,0.0,494.0,Козерог,28.0,,,,Bachelors,915631811704,New Delhi,S,2.0,2017.0,,0
1997.0,Нет,Female,No,0.0,494.0,,28.0,,3.0,1.0,,915631811704,New Delhi,S,2.0,2017.0,,0
1997.0,Нет,Female,No,,494.0,,28.0,,3.0,1.0,Bachelors,915631811704,New Delhi,,2.0,2017.0,5.0,0
1999.0,Нет,Female,No,5.0,419.0,,27.0,,,1.0,PHD,914786626439,New Delhi,S,5.0,,1.0,0
,Нет,Female,No,5.0,419.0,Рыбы,27.0,7.0,3.0,1.0,PHD,914786626439,New Delhi,S,5.0,2016.0,1.0,0
,Да,Female,No,4.0,448.0,,28.0,8.0,3.0,1.0,Masters,916252251386,Bangalore,,15.0,2014.0,2.0,1
,,Female,No,,448.0,Рыбы,28.0,,,,Masters,916252251386,Bangalore,S,,2014.0,2.0,1
1999.0,Нет,Male,No,0.0,485.0,Рыбы,28.0,8.0,3.0,1.0,Masters,917051445083,New Delhi,XL,10.0,2015.0,1.0,0
1999.0,Нет,Male,No,0.0,485.0,Рыбы,28.0,8.0,3.0,1.0,Masters,917051445083,New Delhi,,,,1.0,0
1999.0,,,,0.0,485.0,,,8.0,3.0,1.0,Masters,917051445083,,XL,10.0,2015.0,1.0,0
1999.0,Нет,Male,,,485.0,Рыбы,28.0,8.0,3.0,1.0,Masters,917051445083,New Delhi,XL,10.0,,1.0,0
1999.0,Нет,Male,No,0.0,485.0,Рыбы,28.0,8.0,3.0,1.0,Masters,917051445083,New Delhi,XL,10.0,2015.0,1.0,0
,Да,Female,No,4.0,413.0,Козерог,26.0,5.0,1.0,0.0,Bachelors,919102018430,Pune,M,9.0,2013.0,1.0,1
,,Female,No,4.0,,Козерог,26.0,5.0,,,Bachelors,919102018430,Pune,M,9.0,2013.0,1.0,1
2000.0,Да,Female,No,4.0,413.0,Козерог,,5.0,,0.0,Bachelors,919102018430,Pune,,,2013.0,1.0,1
1997.0,Нет,Male,No,0.0,1.0,Водолей,28.0,8.0,,,Masters,914373797928,New Delhi,,,2017.0,1.0,0
1997.0,,Male,No,0.0,1.0,Водолей,28.0,8.0,3.0,,Masters,914373797928,New Delhi,L,,2017.0,1.0,0
,Нет,Male,,0.0,,Водолей,28.0,,3.0,,Masters,914373797928,New Delhi,L,7.0,,1.0,0
1997.0,Нет,Male,No,0.0,1.0,Водолей,28.0,8.0,3.0,,Masters,914373797928,,L,7.0,2017.0,1.0,0
1997.0,,,,,1.0,,28.0,8.0,3.0,1.0,Masters,914373797928,New Delhi,L,7.0,2017.0,1.0,0
,Нет,Female,No,1.0,491.0,Стрелец,28.0,5.0,3.0,,Bachelors,918438633535,Bangalore,S,9.0,2012.0,1.0,0
1997.0,Нет,Female,,,491.0,Стрелец,,5.0,,1.0,Bachelors,918438633535,Bangalore,S,9.0,2012.0,1.0,0
,Да,,No,2.0,224.0,Водолей,24.0,1.0,3.0,0.0,Bachelors,918163189407,New Delhi,S,2.0,2018.0,2.0,1
,Да,Male,,,,Стрелец,,,,0.0,Bachelors,918790235748,,M,4.0,2018.0,5.0,1
,,Male,,2.0,,Стрелец,,9.0,3.0,0.0,,918790235748,,M,4.0,,5.0,1
,Да,Male,,2.0,23.0,Стрелец,24.0,,3.0,,Bachelors,918790235748,Pune,M,,2018.0,5.0,1
2002.0,Да,Male,Yes,2.0,,,24.0,9.0,3.0,0.0,Bachelors,918790235748,Pune,M,4.0,2018.0,5.0,1
,Да,Female,No,5.0,,Скорпион,,7.0,2.0,1.0,Bachelors,919755168430,Pune,XL,13.0,2018.0,,1
1999.0,Да,Female,No,5.0,79.0,,28.0,7.0,2.0,,Bachelors,919755168430,Pune,XL,13.0,2018.0,3.0,1
1999.0,Да,Female,,,79.0,,28.0,7.0,2.0,1.0,Bachelors,919755168430,Pune,XL,13.0,2018.0,3.0,1
,Да,Female,No,5.0,79.0,Скорпион,,7.0,,1.0,Bachelors,919755168430,Pune,XL,13.0,2018.0,3.0,1
2003.0,,Male,No,2.0,463.0,,24.0,0.0,1.0,1.0,Bachelors,911525754896,Bangalore,,,2013.0,4.0,0
2003.0,Нет,Male,No,2.0,,Скорпион,24.0,0.0,1.0,1.0,Bachelors,911525754896,Bangalore,L,8.0,2013.0,,0
2003.0,Нет,Male,No,2.0,463.0,Скорпион,24.0,0.0,1.0,,,911525754896,,L,8.0,2013.0,4.0,0
2003.0,Нет,Male,,,463.0,Скорпион,24.0,,1.0,1.0,Bachelors,911525754896,Bangalore,L,8.0,2013.0,4.0,0
1998.0,Нет,Male,No,3.0,81.0,,28.0,2.0,1.0,1.0,Bachelors,917041798183,,,,2012.0,3.0,0
1998.0,Нет,Male,No,3.0,81.0,Козерог,28.0,2.0,1.0,1.0,Bachelors,917041798183,Bangalore,,8.0,2012.0,,0
1998.0,Нет,Male,No,3.0,,Козерог,28.0,2.0,1.0,1.0,Bachelors,917041798183,Bangalore,L,8.0,2012.0,3.0,0
1998.0,Да,,No,3.0,62.0,Лев,28.0,0.0,,0.0,Bachelors,915963695274,,,13.0,2016.0,2.0,1
1998.0,Да,Female,No,3.0,62.0,Лев,28.0,0.0,2.0,,Bachelors,915963695274,Pune,XS,,2016.0,,1
1998.0,Да,,No,3.0,62.0,,28.0,0.0,2.0,,,915963695274,Pune,XS,13.0,2016.0,2.0,1
1998.0,,Female,No,3.0,62.0,Лев,28.0,0.0,2.0,0.0,Bachelors,915963695274,Pune,XS,13.0,2016.0,,1
1999.0,Нет,,No,3.0,181.0,Близнецы,28.0,7.0,2.0,0.0,Bachelors,913906609183,,,14.0,,2.0,0
1999.0,Нет,Male,No,3.0,181.0,Близнецы,28.0,7.0,2.0,0.0,Bachelors,913906609183,Pune,M,14.0,,2.0,0
1999.0,,Male,No,3.0,181.0,Близнецы,28.0,7.0,2.0,,Bachelors,913906609183,Pune,M,14.0,2017.0,2.0,0
2001.0,,Female,No,,404.0,Овен,25.0,9.0,3.0,,Bachelors,916016451447,Bangalore,XS,13.0,2017.0,2.0,1
2001.0,Да,Female,No,,,Овен,25.0,,3.0,1.0,Bachelors,916016451447,Bangalore,XS,,2017.0,,1
2001.0,Да,,No,,404.0,Овен,25.0,9.0,3.0,1.0,Bachelors,916016451447,,,13.0,,2.0,1
2002.0,Да,Male,No,3.0,217.0,Близнецы,,,3.0,1.0,Masters,911076045415,,,7.0,2013.0,2.0,1
1998.0,Да,Male,No,1.0,,Рак,28.0,5.0,3.0,1.0,Bachelors,914421348015,Bangalore,,,2017.0,4.0,1
2003.0,Да,Female,No,2.0,306.0,Стрелец,,,,,Bachelors,915181396152,Pune,,5.0,2015.0,,1
2003.0,Да,Female,,2.0,306.0,Стрелец,24.0,10.0,1.0,,Bachelors,915181396152,Pune,,5.0,,,1
2003.0,Да,Female,No,2.0,306.0,,,10.0,1.0,1.0,,915181396152,Pune,L,5.0,2015.0,4.0,1
,Да,,Yes,2.0,268.0,Стрелец,24.0,,3.0,,Masters,917521434389,New Delhi,S,,2013.0,4.0,1
2002.0,Да,Female,Yes,2.0,268.0,Стрелец,24.0,8.0,,0.0,Masters,917521434389,New Delhi,S,,2013.0,4.0,1
2002.0,Да,,Yes,2.0,268.0,Стрелец,24.0,8.0,3.0,0.0,,917521434389,New Delhi,S,,2013.0,,1
,Да,,No,3.0,,Стрелец,,1.0,,,Bachelors,914834555533,Pune,,,2014.0,1.0,1
1997.0,Да,,No,3.0,464.0,Стрелец,28.0,1.0,2.0,0.0,,914834555533,Pune,,5.0,2014.0,1.0,1
1997.0,Да,Female,No,,464.0,Стрелец,28.0,1.0,2.0,0.0,Bachelors,914834555533,Pune,S,5.0,2014.0,1.0,1
1997.0,Да,Female,No,,464.0,Стрелец,28.0,1.0,2.0,0.0,Bachelors,914834555533,Pune,S,5.0,2014.0,1.0,1
1997.0,Да,Female,No,3.0,464.0,,28.0,1.0,2.0,0.0,,914834555533,Pune,S,5.0,2014.0,1.0,1
1997.0,Да,,No,,5.0,Лев,28.0,10.0,,1.0,Bachelors,918054538043,Pune,XS,3.0,2015.0,4.0,1
1997.0,,Female,No,5.0,5.0,Лев,,10.0,2.0,1.0,Bachelors,918054538043,Pune,XS,3.0,2015.0,4.0,1
1997.0,Да,Female,,5.0,5.0,Лев,28.0,10.0,,1.0,,918054538043,,XS,3.0,2015.0,4.0,1
1997.0,Да,Female,No,5.0,5.0,Лев,28.0,10.0,2.0,,Bachelors,918054538043,Pune,XS,3.0,2015.0,4.0,1
2000.0,Нет,Female,No,4.0,128.0,Весы,26.0,4.0,,,Bachelors,918890212454,New Delhi,M,15.0,2016.0,1.0,0
2000.0,Нет,,No,4.0,128.0,Весы,26.0,4.0,3.0,1.0,,918890212454,New Delhi,,,2016.0,,0
2000.0,Нет,Female,No,4.0,128.0,Весы,26.0,4.0,3.0,1.0,,918890212454,New Delhi,M,15.0,2016.0,1.0,0
1999.0,Нет,Male,No,5.0,248.0,Дева,27.0,1.0,1.0,0.0,Bachelors,914248098791,Bangalore,M,5.0,2015.0,1.0,0
2000.0,Да,Male,,4.0,106.0,Близнецы,26.0,,3.0,,PHD,915311425990,Pune,L,13.0,2018.0,4.0,1
2000.0,Да,Male,No,4.0,106.0,Близнецы,26.0,,3.0,1.0,,915311425990,Pune,L,13.0,2018.0,4.0,1
1998.0,,Male,No,,303.0,Лев,28.0,8.0,,0.0,Bachelors,919785284979,Bangalore,S,,2014.0,3.0,0
1998.0,Нет,Male,No,0.0,303.0,Лев,28.0,8.0,3.0,0.0,Bachelors,919785284979,Bangalore,S,1.0,2014.0,,0
1998.0,,Male,,0.0,303.0,Лев,28.0,8.0,3.0,0.0,Bachelors,919785284979,Bangalore,S,1.0,2014.0,3.0,0
1998.0,Нет,Male,,0.0,303.0,Лев,,8.0,3.0,0.0,Bachelors,919785284979,Bangalore,S,1.0,2014.0,3.0,0
,Нет,Female,No,,343.0,Стрелец,,7.0,,1.0,Masters,914830324138,Pune,L,9.0,2015.0,2.0,0
2000.0,Нет,Female,No,,343.0,,26.0,7.0,3.0,1.0,Masters,914830324138,,L,9.0,2015.0,2.0,0
2000.0,Нет,Female,No,,,Стрелец,,7.0,3.0,1.0,Masters,914830324138,,L,9.0,2015.0,2.0,0
2000.0,Нет,Female,No,4.0,,Стрелец,26.0,7.0,3.0,1.0,Masters,914830324138,Pune,,9.0,2015.0,2.0,0
1998.0,Нет,Female,Yes,5.0,93.0,Козерог,27.0,9.0,3.0,1.0,Bachelors,919480468876,,S,5.0,,1.0,0
1998.0,Нет,,Yes,,93.0,Козерог,27.0,9.0,3.0,,Bachelors,919480468876,Bangalore,S,5.0,2017.0,1.0,0
2001.0,Нет,Female,No,4.0,159.0,Рыбы,26.0,3.0,,,Masters,918858726965,New Delhi,L,9.0,2017.0,,1
,Нет,Female,No,4.0,159.0,Рыбы,26.0,3.0,1.0,1.0,,918858726965,New Delhi,L,9.0,,2.0,1
2001.0,Нет,Female,,4.0,159.0,Рыбы,26.0,3.0,1.0,1.0,Masters,918858726965,New Delhi,L,9.0,2017.0,2.0,1
2001.0,Нет,Female,No,4.0,159.0,Рыбы,26.0,3.0,1.0,1.0,Masters,918858726965,New Delhi,L,,2017.0,2.0,1
2001.0,Нет,,No,,159.0,Рыбы,26.0,3.0,1.0,1.0,Masters,918858726965,New Delhi,,,2017.0,2.0,1
,Нет,Female,,4.0,263.0,Рыбы,26.0,2.0,,1.0,Masters,911101126767,Bangalore,XS,13.0,,1.0,0
,Нет,Female,No,4.0,263.0,Рыбы,,2.0,2.0,1.0,Masters,911101126767,,XS,13.0,2017.0,1.0,0
1999.0,Нет,Female,No,4.0,263.0,Рыбы,26.0,2.0,,1.0,Masters,911101126767,Bangalore,XS,,2017.0,,0
1999.0,Нет,Female,,,263.0,Рыбы,26.0,2.0,2.0,1.0,Masters,911101126767,Bangalore,XS,,,1.0,0
,Нет,Female,No,,28.0,Рыбы,25.0,4.0,1.0,1.0,,915510993086,,S,4.0,2014.0,3.0,0
2001.0,,,,3.0,28.0,Рыбы,,4.0,1.0,1.0,Masters,915510993086,,S,,2014.0,3.0,0
2002.0,,,,3.0,94.0,Весы,,,3.0,0.0,Masters,917828002606,New Delhi,M,3.0,,,1
2002.0,Да,Male,No,3.0,94.0,Весы,25.0,6.0,,0.0,Masters,917828002606,New Delhi,M,,2012.0,3.0,1
2002.0,Да,Male,No,3.0,94.0,Весы,25.0,6.0,3.0,,,917828002606,New Delhi,M,,,3.0,1
2002.0,Да,Male,No,3.0,94.0,Весы,25.0,,3.0,,Masters,917828002606,New Delhi,M,3.0,,3.0,1
2002.0,Да,Male,,3.0,,Весы,25.0,6.0,3.0,0.0,Masters,917828002606,New Delhi,M,3.0,2012.0,3.0,1
2000.0,Нет,Male,No,,157.0,Лев,25.0,7.0,1.0,1.0,Bachelors,915475772331,Bangalore,M,1.0,2014.0,1.0,0
2000.0,Нет,Male,No,3.0,,Лев,25.0,7.0,1.0,1.0,Bachelors,915475772331,Bangalore,M,1.0,2014.0,1.0,0
1997.0,Нет,Male,No,0.0,,,28.0,7.0,3.0,1.0,Bachelors,916744204484,Pune,S,6.0,2013.0,2.0,0
1997.0,Нет,,,0.0,59.0,Овен,,7.0,3.0,1.0,Bachelors,916744204484,Pune,S,6.0,2013.0,2.0,0
1997.0,Нет,Male,No,0.0,59.0,Овен,28.0,7.0,,1.0,Bachelors,916744204484,,S,6.0,2013.0,2.0,0
1999.0,Да,Female,,,,Скорпион,28.0,9.0,1.0,0.0,,911965208266,Pune,L,14.0,2014.0,3.0,1
1999.0,Да,Female,No,,196.0,Скорпион,,,,0.0,Bachelors,911965208266,,L,14.0,2014.0,3.0,1
,Да,,No,3.0,196.0,Скорпион,28.0,9.0,1.0,,Bachelors,911965208266,Pune,L,14.0,,3.0,1
1999.0,Да,Female,,3.0,196.0,Скорпион,28.0,9.0,1.0,0.0,,911965208266,Pune,L,,,,1
,Да,Female,No,3.0,196.0,Скорпион,28.0,,1.0,0.0,Bachelors,911965208266,Pune,L,14.0,,3.0,1
1998.0,Нет,Female,No,2.0,184.0,Водолей,28.0,2.0,3.0,,Masters,918183425756,New Delhi,,,,1.0,0
1998.0,Нет,Female,No,2.0,184.0,Водолей,28.0,2.0,3.0,,Masters,918183425756,New Delhi,M,3.0,2013.0,1.0,0
1998.0,Нет,Female,No,2.0,184.0,Водолей,28.0,2.0,3.0,1.0,Masters,918183425756,New Delhi,M,3.0,,,0
1998.0,,Female,No,5.0,379.0,Скорпион,27.0,0.0,2.0,0.0,Masters,914899585535,Bangalore,S,,2017.0,2.0,1
1997.0,Нет,Female,No,3.0,272.0,,28.0,,2.0,0.0,Masters,915774787632,New Delhi,M,15.0,2017.0,2.0,0
1997.0,Нет,Female,No,3.0,272.0,,28.0,5.0,2.0,0.0,Masters,915774787632,,M,15.0,2017.0,2.0,0
1997.0,Нет,Female,No,3.0,272.0,Дева,28.0,5.0,,0.0,Masters,915774787632,,,15.0,2017.0,2.0,0
1998.0,Нет,Female,No,5.0,,,27.0,1.0,3.0,0.0,Masters,916624180001,Bangalore,,9.0,2015.0,1.0,0
1998.0,,Female,No,5.0,,Козерог,27.0,2.0,3.0,0.0,Masters,913309433062,Pune,XS,12.0,2017.0,1.0,1
1998.0,Да,Female,,,,Козерог,27.0,2.0,3.0,0.0,Masters,913309433062,Pune,,12.0,2017.0,1.0,1
1998.0,,,No,5.0,354.0,Козерог,,2.0,,0.0,,913309433062,Pune,XS,12.0,2017.0,1.0,1
1998.0,Да,Female,,3.0,444.0,Козерог,28.0,0.0,3.0,0.0,Masters,918710100745,Bangalore,M,6.0,2014.0,3.0,1
1998.0,,Female,,3.0,,Козерог,28.0,0.0,3.0,0.0,Masters,918710100745,Bangalore,M,6.0,2014.0,,1
1997.0,Да,Female,No,,385.0,Овен,28.0,8.0,2.0,1.0,Bachelors,913117744876,Pune,L,5.0,,1.0,1
1998.0,Да,Female,No,3.0,,Овен,28.0,8.0,3.0,1.0,Bachelors,911286912115,Bangalore,S,9.0,2017.0,2.0,1
1998.0,Да,Female,,3.0,401.0,Овен,,8.0,,,Bachelors,911286912115,,S,9.0,2017.0,2.0,1
,Да,Male,Yes,3.0,76.0,,,5.0,3.0,1.0,Bachelors,911391574488,Bangalore,L,4.0,2016.0,1.0,1
2000.0,Да,Male,Yes,3.0,76.0,Лев,25.0,5.0,3.0,1.0,Bachelors,911391574488,Bangalore,,,,,1
2003.0,Нет,Female,No,2.0,104.0,,,3.0,2.0,,Masters,914602224536,Bangalore,M,2.0,2017.0,5.0,0
2003.0,Нет,Female,No,,104.0,Рыбы,24.0,3.0,2.0,1.0,Masters,914602224536,,M,,,5.0,0
2003.0,,Female,No,,104.0,,24.0,3.0,2.0,1.0,Masters,914602224536,Bangalore,M,2.0,2017.0,5.0,0
2003.0,Нет,,No,2.0,104.0,Рыбы,24.0,3.0,,1.0,Masters,914602224536,,M,2.0,2017.0,5.0,0
2003.0,Нет,Female,No,2.0,,,24.0,,,1.0,Masters,914602224536,Bangalore,M,2.0,2017.0,5.0,0
2001.0,Нет,Female,,2.0,377.0,Овен,24.0,9.0,1.0,1.0,,911956334878,New Delhi,M,5.0,,2.0,0
,Нет,,No,2.0,,Овен,24.0,9.0,1.0,1.0,Masters,911956334878,New Delhi,M,5.0,2017.0,2.0,0
2001.0,Нет,Female,No,,377.0,Овен,24.0,9.0,1.0,1.0,Masters,911956334878,New Delhi,M,5.0,,2.0,0
,Нет,,No,2.0,,,24.0,9.0,,1.0,Masters,911956334878,New Delhi,M,,2017.0,,0
1999.0,Нет,,,0.0,364.0,Дева,28.0,5.0,3.0,1.0,Bachelors,919226727124,,XL,,2014.0,,0
1999.0,Нет,Male,No,0.0,364.0,Дева,28.0,5.0,3.0,1.0,,919226727124,,XL,,2014.0,2.0,0
1999.0,,Male,No,0.0,364.0,Дева,28.0,,3.0,1.0,Bachelors,919226727124,Pune,XL,1.0,2014.0,,0
,Нет,,No,0.0,364.0,Дева,28.0,5.0,,,Bachelors,919226727124,,XL,,2014.0,2.0,0
,Нет,Male,No,1.0,203.0,Овен,28.0,8.0,,1.0,Masters,915557071493,New Delhi,L,4.0,2013.0,2.0,0
,Нет,Male,No,,203.0,Овен,28.0,,,1.0,,915557071493,New Delhi,L,,2013.0,2.0,0
,Нет,Male,No,1.0,203.0,Овен,28.0,8.0,3.0,1.0,Masters,915557071493,New Delhi,,4.0,2013.0,,0
1997.0,Нет,,No,1.0,203.0,Овен,,8.0,3.0,1.0,Masters,915557071493,,,4.0,,2.0,0
,Нет,Male,No,1.0,,Овен,28.0,8.0,3.0,1.0,Masters,915557071493,New Delhi,L,4.0,2013.0,2.0,0
1998.0,Нет,Male,No,1.0,359.0,,28.0,,3.0,0.0,Bachelors,917539116746,Pune,L,1.0,2017.0,4.0,0
1998.0,Нет,Male,No,1.0,359.0,Козерог,28.0,10.0,3.0,0.0,Bachelors,917539116746,,L,1.0,2017.0,,0
1998.0,,,No,5.0,31.0,Близнецы,27.0,,3.0,1.0,PHD,912821287226,Bangalore,M,4.0,2018.0,3.0,1
1998.0,Да,Male,No,5.0,31.0,Близнецы,,,3.0,1.0,PHD,912821287226,Bangalore,M,4.0,,3.0,1
1998.0,Да,Male,No,5.0,31.0,,27.0,6.0,3.0,1.0,PHD,912821287226,Bangalore,M,,2018.0,,1
1998.0,,Male,No,,31.0,Близнецы,27.0,6.0,3.0,1.0,PHD,912821287226,Bangalore,M,4.0,2018.0,3.0,1
1998.0,,Male,,5.0,,Близнецы,27.0,6.0,3.0,1.0,,912821287226,,M,4.0,2018.0,3.0,1
2002.0,,Male,No,3.0,78.0,Рыбы,25.0,0.0,3.0,,Masters,911143553800,Pune,XXL,,2017.0,1.0,0
2002.0,Нет,Male,No,,78.0,Рыбы,25.0,,3.0,,Masters,911143553800,Pune,XXL,,2017.0,1.0,0
2002.0,Нет,Male,No,3.0,78.0,Рыбы,25.0,0.0,3.0,0.0,,911143553800,Pune,XXL,7.0,2017.0,,0
2002.0,Нет,,No,3.0,78.0,,25.0,0.0,3.0,0.0,Masters,911143553800,Pune,XXL,7.0,2017.0,1.0,0
2002.0,Нет,,,2.0,329.0,Водолей,24.0,,3.0,1.0,Bachelors,918322194557,New Delhi,,10.0,2017.0,4.0,0
2002.0,Нет,Female,No,2.0,329.0,Водолей,24.0,0.0,,1.0,Bachelors,918322194557,New Delhi,L,10.0,2017.0,4.0,0
2002.0,Нет,Female,No,2.0,329.0,Водолей,24.0,0.0,,1.0,,918322194557,,L,10.0,,4.0,0
2002.0,Нет,Female,,,,Водолей,24.0,0.0,3.0,1.0,Bachelors,918322194557,New Delhi,L,10.0,,,0
2002.0,Нет,Male,No,2.0,255.0,Скорпион,24.0,8.0,3.0,0.0,PHD,915676549142,,M,11.0,2014.0,2.0,0
2002.0,Нет,Female,No,2.0,300.0,Скорпион,24.0,0.0,3.0,1.0,PHD,913948304117,Bangalore,M,8.0,,1.0,0
2002.0,,Female,No,2.0,300.0,Скорпион,24.0,0.0,3.0,,PHD,913948304117,Bangalore,M,8.0,2017.0,1.0,0
2002.0,Да,Female,Yes,,401.0,Рыбы,25.0,4.0,2.0,,Masters,914723696368,New Delhi,S,7.0,,2.0,1
1999.0,Да,Female,No,2.0,,Козерог,28.0,6.0,3.0,0.0,Bachelors,915941748823,Pune,M,3.0,2016.0,3.0,1
1999.0,Да,Female,No,2.0,128.0,Козерог,,6.0,3.0,,Bachelors,915941748823,,M,3.0,,3.0,1
1999.0,Да,,No,2.0,128.0,Козерог,28.0,6.0,3.0,0.0,Bachelors,915941748823,Pune,M,,,3.0,1
2000.0,Нет,Male,No,4.0,442.0,Весы,26.0,9.0,,1.0,Masters,911297770063,New Delhi,M,6.0,2017.0,2.0,0
,Нет,Male,Yes,,58.0,Дева,26.0,3.0,,1.0,,918104405001,Pune,M,11.0,2013.0,2.0,0
2000.0,Нет,Male,Yes,4.0,58.0,Дева,,3.0,2.0,1.0,,918104405001,,M,11.0,2013.0,,0
2000.0,Нет,Male,Yes,4.0,58.0,Дева,26.0,3.0,2.0,1.0,Bachelors,918104405001,Pune,M,,,2.0,0
2000.0,Нет,Male,Yes,4.0,132.0,Рак,26.0,3.0,1.0,0.0,Bachelors,915650186006,,M,5.0,2018.0,,0
2000.0,Нет,Male,Yes,4.0,132.0,Рак,26.0,3.0,1.0,0.0,Bachelors,915650186006,Pune,M,,2018.0,1.0,0
2000.0,Нет,,Yes,4.0,132.0,Рак,26.0,3.0,,0.0,Bachelors,915650186006,Pune,M,5.0,,1.0,0
,Нет,Male,No,3.0,428.0,Овен,,7.0,3.0,,PHD,912568792691,,M,15.0,,,0
1998.0,,,No,3.0,428.0,Овен,28.0,7.0,3.0,0.0,PHD,912568792691,New Delhi,M,15.0,2017.0,,0
1998.0,Нет,Male,No,3.0,428.0,Овен,28.0,7.0,3.0,0.0,PHD,912568792691,,M,15.0,,,0
1998.0,Нет,Male,No,3.0,428.0,Овен,28.0,7.0,3.0,,PHD,912568792691,New Delhi,M,15.0,2017.0,1.0,0
1998.0,,Male,No,3.0,428.0,Овен,28.0,7.0,3.0,0.0,PHD,912568792691,New Delhi,M,15.0,2017.0,,0
,Да,Female,No,2.0,104.0,Водолей,24.0,2.0,2.0,,Bachelors,916016994896,New Delhi,,0.0,2017.0,4.0,1
2003.0,Да,Female,No,2.0,,Водолей,24.0,2.0,2.0,,Bachelors,916016994896,,,0.0,2017.0,4.0,1
2003.0,Да,Female,No,2.0,,Водолей,24.0,,2.0,,Bachelors,916016994896,,,0.0,2017.0,4.0,1
2003.0,Да,Female,No,2.0,104.0,Водолей,24.0,2.0,2.0,,Bachelors,916016994896,,XS,0.0,2017.0,4.0,1
1998.0,Нет,Female,No,,,Рак,28.0,7.0,2.0,1.0,Masters,918447348908,Pune,XS,10.0,2015.0,3.0,0
1998.0,Нет,Female,No,0.0,146.0,Рак,28.0,7.0,2.0,1.0,Masters,918447348908,Pune,XS,10.0,2015.0,3.0,0
2001.0,Нет,,Yes,,78.0,,,7.0,,,Bachelors,918486586976,,,10.0,2017.0,1.0,0
2001.0,Нет,,Yes,4.0,78.0,Лев,26.0,7.0,3.0,1.0,,918486586976,Pune,S,10.0,2017.0,1.0,0
2001.0,Нет,,,4.0,78.0,Лев,26.0,7.0,,,Bachelors,918486586976,Pune,S,10.0,,1.0,0
2001.0,Нет,Male,Yes,,78.0,Лев,26.0,7.0,3.0,1.0,Bachelors,918486586976,Pune,S,,2017.0,1.0,0
2001.0,Нет,Male,Yes,4.0,78.0,Лев,26.0,7.0,3.0,1.0,,918486586976,Pune,S,10.0,2017.0,1.0,0
2000.0,,Male,No,5.0,,Весы,27.0,7.0,3.0,0.0,Masters,914144932719,Pune,M,5.0,,1.0,1
2000.0,Да,,No,5.0,417.0,Весы,27.0,,3.0,,Masters,914144932719,Pune,M,5.0,2017.0,1.0,1
2000.0,Да,Male,No,5.0,417.0,Весы,27.0,7.0,3.0,0.0,Masters,914144932719,Pune,M,,2017.0,1.0,1
2000.0,Да,Male,No,,417.0,,27.0,7.0,3.0,0.0,Masters,914144932719,Pune,,5.0,,1.0,1
2000.0,Нет,Female,No,5.0,,,27.0,3.0,1.0,1.0,Bachelors,912830192813,Bangalore,L,13.0,2013.0,4.0,0
2000.0,Нет,,,5.0,498.0,Стрелец,27.0,3.0,1.0,1.0,Bachelors,912830192813,Bangalore,L,13.0,2013.0,4.0,0
2000.0,Нет,Female,No,5.0,498.0,Стрелец,27.0,3.0,1.0,1.0,Bachelors,912830192813,Bangalore,L,13.0,2013.0,4.0,0
2000.0,Нет,Female,,5.0,498.0,Стрелец,27.0,3.0,1.0,1.0,,912830192813,Bangalore,,13.0,2013.0,4.0,0
1999.0,Нет,Male,No,2.0,398.0,Рак,28.0,3.0,3.0,1.0,Bachelors,911135155785,Pune,M,8.0,2017.0,,0
1999.0,Нет,Male,No,2.0,398.0,Рак,28.0,3.0,3.0,1.0,Bachelors,911135155785,,M,8.0,2017.0,,0
,Нет,,No,2.0,398.0,Рак,28.0,3.0,3.0,1.0,Bachelors,911135155785,,M,8.0,2017.0,5.0,0
1999.0,Нет,,No,2.0,398.0,Рак,,3.0,3.0,1.0,Bachelors,911135155785,Pune,M,8.0,2017.0,5.0,0
1998.0,Нет,Male,No,1.0,369.0,Овен,28.0,9.0,3.0,1.0,Bachelors,915743278359,,XL,,2014.0,2.0,0
,Нет,Male,No,1.0,,Овен,28.0,9.0,,,Bachelors,915743278359,New Delhi,XL,4.0,2014.0,2.0,0
1998.0,,Male,No,1.0,,Овен,,9.0,3.0,1.0,Bachelors,915743278359,,,4.0,2014.0,2.0,0
1999.0,Нет,Female,No,2.0,137.0,,28.0,4.0,2.0,0.0,Bachelors,917710190515,New Delhi,M,9.0,2017.0,1.0,0
1999.0,Нет,,,2.0,137.0,Овен,28.0,4.0,2.0,0.0,Bachelors,917710190515,New Delhi,M,9.0,2017.0,1.0,0
1999.0,,,No,2.0,137.0,Овен,28.0,,2.0,0.0,Bachelors,917710190515,New Delhi,M,9.0,2017.0,1.0,0
1999.0,Нет,,No,2.0,137.0,,,4.0,2.0,0.0,Bachelors,917710190515,New Delhi,M,9.0,2017.0,1.0,0
2002.0,Нет,Male,No,,,Водолей,25.0,8.0,3.0,1.0,PHD,918703265087,New Delhi,M,14.0,2014.0,3.0,0
2002.0,Нет,Male,No,,,,25.0,8.0,3.0,,PHD,918703265087,,M,14.0,2014.0,3.0,0
,Нет,Male,No,3.0,,Водолей,25.0,8.0,3.0,1.0,PHD,918703265087,New Delhi,M,14.0,2014.0,3.0,0
2002.0,Нет,Male,No,3.0,95.0,,25.0,8.0,3.0,1.0,PHD,918703265087,New Delhi,M,14.0,2014.0,3.0,0
2002.0,,Male,No,,95.0,,25.0,8.0,3.0,1.0,,918703265087,New Delhi,M,,,3.0,0
,Да,Male,Yes,2.0,232.0,Овен,24.0,6.0,,0.0,Masters,917928720166,New Delhi,M,11.0,2017.0,5.0,1
2003.0,Да,,Yes,2.0,232.0,Овен,24.0,6.0,2.0,,,917928720166,New Delhi,M,11.0,2017.0,5.0,1
2000.0,Да,Female,,4.0,,Дева,26.0,7.0,,,Bachelors,919636707654,Bangalore,,4.0,2014.0,1.0,1
2000.0,,Female,No,4.0,146.0,Дева,26.0,7.0,2.0,0.0,,919636707654,Bangalore,S,4.0,2014.0,1.0,1
,Да,Female,,4.0,146.0,,,7.0,2.0,0.0,Bachelors,919636707654,Bangalore,S,4.0,,1.0,1
2000.0,Да,,No,4.0,146.0,,26.0,,,0.0,Bachelors,919636707654,,,4.0,2014.0,,1
2000.0,Да,Female,No,4.0,146.0,Дева,26.0,7.0,,0.0,Bachelors,919636707654,,S,4.0,2014.0,1.0,1
2000.0,Нет,Female,,5.0,500.0,Телец,27.0,7.0,3.0,0.0,Bachelors,913291411934,Pune,M,4.0,2016.0,1.0,0
,Нет,Female,No,,500.0,,27.0,7.0,,0.0,Bachelors,913291411934,Pune,M,4.0,,1.0,0
2000.0,Нет,Female,No,5.0,500.0,Телец,27.0,7.0,,0.0,Bachelors,913291411934,Pune,,4.0,,,0
1998.0,Да,Female,No,1.0,343.0,Водолей,28.0,2.0,2.0,1.0,Bachelors,913894051604,Pune,M,9.0,2014.0,4.0,1
1998.0,Да,Female,No,1.0,343.0,Водолей,,2.0,2.0,1.0,,913894051604,Pune,M,,2014.0,,1
1998.0,Да,Female,No,,343.0,Водолей,28.0,2.0,2.0,1.0,Bachelors,913894051604,Pune,,,2014.0,4.0,1
,,Female,No,,343.0,,,2.0,2.0,1.0,Bachelors,913894051604,Pune,M,9.0,2014.0,4.0,1
1998.0,Да,,No,1.0,343.0,Водолей,28.0,2.0,,1.0,Bachelors,913894051604,Pune,M,9.0,2014.0,4.0,1
1997.0,Да,Female,No,2.0,268.0,Козерог,28.0,6.0,2.0,,Bachelors,913560498206,Bangalore,XS,5.0,2017.0,3.0,1
,,Female,No,,295.0,,26.0,,,1.0,Bachelors,915893140792,New Delhi,M,3.0,2017.0,2.0,1
2001.0,Нет,Female,No,2.0,93.0,Близнецы,24.0,7.0,3.0,0.0,Bachelors,911093013295,Bangalore,,,2012.0,2.0,0
2001.0,Нет,Female,No,2.0,93.0,,24.0,7.0,3.0,0.0,Bachelors,911093013295,,XXL,12.0,2012.0,2.0,0
2001.0,Нет,Male,No,,50.0,,24.0,7.0,3.0,1.0,,915332178918,,L,,2015.0,5.0,0
1998.0,Нет,Female,Yes,2.0,86.0,,28.0,5.0,,0.0,Bachelors,916996706908,New Delhi,M,,2013.0,1.0,0
1998.0,,Female,Yes,,,Рак,,,3.0,0.0,Bachelors,916996706908,New Delhi,M,15.0,2013.0,1.0,0
1998.0,Нет,Female,Yes,2.0,86.0,Рак,28.0,5.0,3.0,0.0,Bachelors,916996706908,New Delhi,M,15.0,2013.0,1.0,0
1998.0,Нет,Female,,,86.0,Рак,28.0,,3.0,0.0,Bachelors,916996706908,New Delhi,M,15.0,,1.0,0
1999.0,Нет,Male,Yes,4.0,,,26.0,6.0,3.0,0.0,,917208366288,Bangalore,S,0.0,2017.0,,0
1999.0,Нет,Male,,,139.0,Стрелец,26.0,6.0,3.0,0.0,Bachelors,917208366288,Bangalore,S,0.0,,1.0,0
2000.0,,Male,,4.0,375.0,Стрелец,26.0,,,1.0,Bachelors,916647449091,Bangalore,S,15.0,2012.0,2.0,0
2000.0,Нет,Male,No,5.0,402.0,,27.0,4.0,2.0,0.0,Masters,912786549472,Bangalore,,14.0,2017.0,4.0,0
1999.0,,Female,No,,69.0,Рак,26.0,6.0,3.0,,Masters,918014720462,Bangalore,S,12.0,,2.0,1
1999.0,Да,Female,No,4.0,69.0,Рак,,6.0,3.0,1.0,Masters,918014720462,Bangalore,S,12.0,2015.0,2.0,1
,Да,,No,2.0,488.0,Козерог,24.0,3.0,,,Bachelors,915467565296,New Delhi,L,5.0,,4.0,1
2002.0,Да,Female,No,2.0,488.0,Козерог,24.0,3.0,2.0,1.0,Bachelors,915467565296,New Delhi,L,5.0,2015.0,4.0,1
2002.0,Да,Female,No,2.0,488.0,Козерог,,3.0,2.0,1.0,Bachelors,915467565296,New Delhi,L,5.0,2015.0,,1
,Да,Female,,2.0,488.0,Козерог,24.0,,2.0,1.0,Bachelors,915467565296,,L,5.0,2015.0,4.0,1
1999.0,Да,Female,No,5.0,,Рак,,6.0,2.0,0.0,Masters,913833844264,New Delhi,,12.0,2015.0,,1
2002.0,,Male,No,2.0,,Весы,24.0,3.0,3.0,0.0,PHD,914102317092,New Delhi,XL,6.0,2017.0,1.0,0
2002.0,Нет,Male,No,2.0,386.0,Весы,24.0,3.0,3.0,,PHD,914102317092,New Delhi,XL,,2017.0,1.0,0
2002.0,Нет,Male,,2.0,,Весы,24.0,,,0.0,PHD,914102317092,New Delhi,,6.0,2017.0,1.0,0
1998.0,Да,Male,No,,451.0,Близнецы,27.0,8.0,3.0,1.0,Masters,918343315956,Bangalore,S,14.0,,1.0,1
1998.0,Да,Male,,5.0,451.0,Близнецы,27.0,8.0,3.0,1.0,Masters,918343315956,Bangalore,S,14.0,2015.0,,1
1998.0,,Male,No,5.0,451.0,Близнецы,27.0,,3.0,1.0,Masters,918343315956,Bangalore,,14.0,2015.0,1.0,1
1998.0,Да,Male,No,5.0,451.0,,27.0,8.0,3.0,,Masters,918343315956,Bangalore,S,14.0,2015.0,1.0,1
1998.0,Да,Female,No,1.0,,Рак,28.0,10.0,2.0,1.0,Bachelors,917109007823,New Delhi,XS,12.0,2015.0,2.0,1
1998.0,Да,,No,1.0,,Рак,28.0,10.0,2.0,1.0,Bachelors,917109007823,New Delhi,,12.0,2015.0,2.0,1
1998.0,Да,Female,No,1.0,392.0,Рак,28.0,10.0,2.0,1.0,Bachelors,917109007823,New Delhi,XS,12.0,,2.0,1
,Да,Female,No,1.0,392.0,Рак,28.0,10.0,2.0,,,917109007823,New Delhi,XS,12.0,,2.0,1
1998.0,Да,Female,No,1.0,392.0,Рак,28.0,10.0,2.0,1.0,Bachelors,917109007823,New Delhi,,12.0,2015.0,2.0,1
1999.0,Да,Male,No,2.0,407.0,Овен,28.0,0.0,3.0,1.0,Bachelors,914108869791,,XL,11.0,2014.0,2.0,1
1998.0,Нет,Male,No,5.0,,Водолей,27.0,7.0,1.0,,Masters,911281867085,New Delhi,M,2.0,2017.0,1.0,0
1998.0,Нет,,,5.0,,Водолей,27.0,7.0,1.0,,Masters,911281867085,,M,2.0,2017.0,,0
1998.0,Нет,Male,No,5.0,,Водолей,27.0,7.0,1.0,,Masters,911281867085,New Delhi,M,2.0,,1.0,0
1998.0,,Male,No,5.0,10.0,Водолей,27.0,7.0,1.0,1.0,Masters,911281867085,New Delhi,,2.0,2017.0,1.0,0
1998.0,,Female,No,,243.0,Весы,28.0,2.0,3.0,,Bachelors,918729103157,,S,,2012.0,4.0,1
1998.0,Да,Female,No,1.0,243.0,Весы,28.0,2.0,3.0,,Bachelors,918729103157,,S,,2012.0,4.0,1
1998.0,Да,Female,No,1.0,243.0,Весы,28.0,2.0,3.0,,Bachelors,918729103157,Bangalore,S,8.0,,4.0,1
1998.0,Да,Female,No,1.0,243.0,Весы,,,3.0,,Bachelors,918729103157,Bangalore,S,8.0,,4.0,1
1998.0,Нет,,No,5.0,84.0,Весы,,8.0,3.0,1.0,Masters,914205259853,New Delhi,L,6.0,2012.0,1.0,0
2000.0,,Male,No,,465.0,Стрелец,26.0,,3.0,1.0,Masters,911797679635,,M,11.0,2014.0,,0
2000.0,Нет,,No,4.0,465.0,Стрелец,26.0,9.0,,1.0,Masters,911797679635,New Delhi,M,,,,0
,Нет,Male,No,4.0,,Стрелец,26.0,9.0,3.0,1.0,,911797679635,New Delhi,M,11.0,2014.0,3.0,0
,Нет,Male,Yes,2.0,9.0,Водолей,24.0,5.0,3.0,1.0,,919983329307,,,,2016.0,1.0,0
2003.0,Нет,,Yes,2.0,9.0,,24.0,5.0,3.0,1.0,Bachelors,919983329307,New Delhi,XXL,,2016.0,1.0,0
,,,,2.0,,Водолей,24.0,5.0,3.0,1.0,,919983329307,New Delhi,XXL,3.0,2016.0,1.0,0
2003.0,Нет,Male,Yes,2.0,,Водолей,24.0,5.0,3.0,,Bachelors,919983329307,New Delhi,XXL,3.0,2016.0,1.0,0
1998.0,Да,Female,No,0.0,,Рак,28.0,2.0,3.0,1.0,Masters,919759296201,,,7.0,2017.0,3.0,1
1998.0,Да,Female,,0.0,,Рак,28.0,2.0,3.0,,Masters,919759296201,,S,7.0,2017.0,,1
1998.0,Да,Female,No,0.0,,Рак,,2.0,,,Masters,919759296201,Bangalore,S,7.0,2017.0,3.0,1
,Да,,No,0.0,240.0,,28.0,2.0,,1.0,,919759296201,Bangalore,S,7.0,2017.0,3.0,1
1998.0,Да,Female,No,,240.0,,28.0,2.0,3.0,1.0,Masters,919759296201,Bangalore,,7.0,2017.0,3.0,1
2000.0,Нет,Male,Yes,,150.0,Дева,27.0,,,1.0,Bachelors,917370357166,Pune,M,0.0,2017.0,2.0,0
2000.0,Нет,,Yes,5.0,150.0,Дева,27.0,3.0,,1.0,Bachelors,917370357166,Pune,M,0.0,,2.0,0
2000.0,Нет,Male,Yes,5.0,150.0,,,3.0,3.0,1.0,,917370357166,Pune,M,0.0,2017.0,,0
,,,No,1.0,172.0,Рыбы,29.0,8.0,2.0,0.0,Bachelors,911404248874,,M,9.0,2015.0,3.0,1
1996.0,Да,,No,1.0,172.0,Рыбы,29.0,8.0,2.0,0.0,Bachelors,911404248874,,M,9.0,2015.0,,1
1996.0,Да,Female,,1.0,172.0,Рыбы,,8.0,2.0,0.0,Bachelors,911404248874,New Delhi,M,,,3.0,1
1996.0,Да,Female,,1.0,,Рыбы,29.0,8.0,2.0,0.0,,911404248874,New Delhi,,,2015.0,3.0,1
1996.0,,Female,,1.0,172.0,Рыбы,,,2.0,0.0,Bachelors,911404248874,,M,9.0,,3.0,1
1996.0,,Male,No,1.0,94.0,Стрелец,,2.0,3.0,1.0,Bachelors,914995694713,Bangalore,,4.0,2012.0,3.0,0
,Нет,Male,No,,,Стрелец,,,3.0,1.0,Bachelors,914995694713,,L,,,,0
1999.0,Да,Female,No,2.0,,Водолей,28.0,1.0,3.0,1.0,Bachelors,919567622432,Pune,S,1.0,2015.0,1.0,1
1999.0,,,No,2.0,286.0,,28.0,1.0,3.0,1.0,Bachelors,919567622432,Pune,S,1.0,2015.0,1.0,1
1999.0,Да,Female,No,2.0,286.0,Водолей,28.0,1.0,3.0,1.0,,919567622432,Pune,S,1.0,2015.0,1.0,1
2001.0,Нет,Female,No,4.0,206.0,Козерог,26.0,6.0,,0.0,Masters,916987383522,,,7.0,2017.0,5.0,0
2001.0,Нет,Female,,4.0,206.0,,,6.0,3.0,0.0,Masters,916987383522,New Delhi,,7.0,,,0
1997.0,Да,Female,Yes,2.0,129.0,Водолей,28.0,10.0,3.0,,Bachelors,914921569126,Pune,XS,2.0,,4.0,1
1997.0,Да,,Yes,2.0,,,,10.0,3.0,0.0,Bachelors,914921569126,Pune,XS,2.0,2015.0,4.0,1
1997.0,Да,Female,Yes,,129.0,Водолей,28.0,,3.0,0.0,,914921569126,Pune,XS,2.0,2015.0,4.0,1
1997.0,Да,Female,Yes,2.0,129.0,Водолей,28.0,10.0,,0.0,,914921569126,Pune,,,,4.0,1
1998.0,,Female,No,1.0,,,28.0,3.0,3.0,1.0,Bachelors,914409356072,New Delhi,S,0.0,2017.0,4.0,0
1998.0,Нет,Female,No,1.0,404.0,Телец,28.0,3.0,3.0,1.0,Bachelors,914409356072,New Delhi,S,,2017.0,4.0,0
1998.0,,Female,No,1.0,404.0,Телец,28.0,3.0,,,Bachelors,914409356072,New Delhi,S,,2017.0,,0
,Да,Male,No,5.0,448.0,Водолей,27.0,9.0,,0.0,Bachelors,914790044397,Pune,,,2018.0,4.0,1
2000.0,Да,Male,No,5.0,448.0,,,9.0,3.0,0.0,Bachelors,914790044397,Pune,L,12.0,,4.0,1
2000.0,Да,Male,No,5.0,448.0,,,,,0.0,Bachelors,914790044397,Pune,L,12.0,2018.0,4.0,1
2000.0,Да,Male,,5.0,,Водолей,27.0,9.0,,0.0,Bachelors,914790044397,,L,,2018.0,4.0,1
2000.0,Да,Male,No,5.0,,Водолей,27.0,9.0,3.0,,Bachelors,914790044397,,L,12.0,2018.0,,1
1996.0,,Male,,2.0,410.0,Козерог,29.0,10.0,3.0,,Bachelors,919150299891,Bangalore,M,13.0,2014.0,3.0,0
,Нет,Male,,2.0,410.0,Козерог,29.0,,3.0,0.0,Bachelors,919150299891,Bangalore,,13.0,2014.0,3.0,0
1999.0,,,No,4.0,163.0,Близнецы,26.0,5.0,,1.0,Bachelors,912407532236,Pune,M,1.0,,4.0,1
1999.0,,Female,No,4.0,163.0,Близнецы,26.0,5.0,3.0,,Bachelors,912407532236,,M,1.0,2017.0,,1
,Да,Female,No,,163.0,Близнецы,26.0,,3.0,1.0,,912407532236,,M,1.0,2017.0,4.0,1
1995.0,Нет,Male,No,,328.0,Телец,,9.0,3.0,1.0,,918885750139,Pune,M,,2014.0,1.0,0
1995.0,Нет,Male,No,,,Телец,30.0,,,1.0,Bachelors,918885750139,Pune,M,7.0,2014.0,,0
,Нет,Male,No,2.0,328.0,Телец,30.0,9.0,3.0,,,918885750139,Pune,M,7.0,2014.0,1.0,0
1995.0,Нет,Male,No,2.0,328.0,Телец,30.0,,3.0,,Bachelors,918885750139,Pune,M,7.0,2014.0,1.0,0
1995.0,Нет,Male,No,2.0,328.0,Телец,30.0,9.0,3.0,1.0,Bachelors,918885750139,Pune,M,7.0,,1.0,0
1996.0,Нет,,No,,198.0,Овен,29.0,9.0,3.0,0.0,Masters,911380840234,New Delhi,,,2017.0,,1
,Нет,Male,No,2.0,198.0,,29.0,9.0,3.0,0.0,Masters,911380840234,New Delhi,L,8.0,2017.0,3.0,1
1995.0,Да,Female,No,2.0,205.0,Козерог,30.0,9.0,3.0,0.0,Bachelors,917069301636,Bangalore,,4.0,2016.0,2.0,1
1995.0,Да,Female,No,2.0,205.0,Козерог,30.0,9.0,3.0,0.0,Bachelors,917069301636,Bangalore,L,4.0,2016.0,2.0,1
1995.0,Да,Female,No,2.0,,Козерог,30.0,9.0,3.0,0.0,,917069301636,Bangalore,L,4.0,2016.0,2.0,1
1995.0,Да,Female,,2.0,,Козерог,30.0,,3.0,0.0,,917069301636,Bangalore,L,4.0,2016.0,,1
,Да,Female,No,,205.0,Козерог,30.0,9.0,3.0,0.0,Bachelors,917069301636,Bangalore,L,4.0,2016.0,2.0,1
2000.0,Да,Female,No,4.0,447.0,Весы,,,3.0,0.0,Bachelors,916553109613,,XS,,2012.0,5.0,1
2000.0,,Female,,4.0,447.0,Весы,,4.0,3.0,0.0,Bachelors,916553109613,,XS,,2012.0,5.0,1
1997.0,Нет,Male,No,,,Стрелец,29.0,1.0,3.0,,Bachelors,919469538935,Bangalore,L,,2014.0,,0
,,,No,1.0,17.0,,,1.0,3.0,0.0,Bachelors,919469538935,Bangalore,L,0.0,2014.0,3.0,0
1997.0,Нет,Male,No,1.0,17.0,Стрелец,29.0,1.0,,0.0,Bachelors,919469538935,Bangalore,L,0.0,2014.0,3.0,0
1998.0,Нет,Female,No,1.0,243.0,Рыбы,,2.0,2.0,,,913149991863,New Delhi,M,,2018.0,4.0,1
1998.0,Нет,Female,,,243.0,Рыбы,,,,0.0,PHD,913149991863,New Delhi,M,11.0,2018.0,,1
,Нет,,,1.0,243.0,Рыбы,29.0,2.0,,0.0,PHD,913149991863,New Delhi,M,11.0,2018.0,4.0,1
1998.0,Нет,Female,No,1.0,243.0,Рыбы,29.0,2.0,,0.0,PHD,913149991863,New Delhi,M,11.0,2018.0,4.0,1
1998.0,,,No,1.0,243.0,Рыбы,29.0,2.0,,0.0,,913149991863,New Delhi,,11.0,2018.0,4.0,1
1995.0,Нет,Female,No,2.0,217.0,,30.0,,3.0,,Masters,919808848974,Pune,M,3.0,2015.0,3.0,0
1996.0,Да,Female,No,2.0,79.0,Лев,29.0,2.0,2.0,1.0,Masters,913417755869,New Delhi,S,1.0,,,1
1996.0,Да,Female,No,2.0,79.0,Лев,29.0,,2.0,,,913417755869,,S,1.0,2013.0,4.0,1
1997.0,Нет,Male,No,2.0,32.0,,29.0,3.0,3.0,0.0,Bachelors,917538547471,,L,14.0,2016.0,3.0,0
1997.0,Нет,Male,No,2.0,,,29.0,3.0,3.0,0.0,,917538547471,Bangalore,L,14.0,2016.0,3.0,0
1997.0,Нет,,No,2.0,32.0,Стрелец,29.0,3.0,3.0,0.0,,917538547471,Bangalore,L,,2016.0,3.0,0
1995.0,,,No,2.0,85.0,Рак,30.0,0.0,2.0,1.0,,913767839419,Pune,S,5.0,,3.0,0
1995.0,,Female,No,,85.0,,30.0,0.0,2.0,1.0,Masters,913767839419,Pune,S,,2017.0,3.0,0
1995.0,Нет,Female,No,2.0,85.0,Рак,30.0,0.0,2.0,1.0,Masters,913767839419,Pune,S,,2017.0,,0
1997.0,Да,,Yes,1.0,21.0,,30.0,2.0,2.0,,Bachelors,913075470001,Pune,M,,2015.0,3.0,1
,Да,Female,Yes,1.0,21.0,Телец,,2.0,2.0,0.0,Bachelors,913075470001,Pune,M,3.0,2015.0,3.0,1
1996.0,,Female,No,2.0,448.0,Стрелец,29.0,,2.0,0.0,Masters,918601295972,New Delhi,M,1.0,2017.0,1.0,1
1995.0,Нет,Male,,2.0,,Дева,30.0,2.0,3.0,,,913547409337,Bangalore,M,14.0,2015.0,5.0,0
1995.0,Нет,Male,No,2.0,380.0,,30.0,2.0,3.0,1.0,Bachelors,913547409337,Bangalore,M,14.0,2015.0,5.0,0
,Нет,Male,No,2.0,,Дева,,2.0,3.0,1.0,Bachelors,913547409337,Bangalore,M,,2015.0,5.0,0
,,Male,No,2.0,380.0,Дева,30.0,2.0,3.0,1.0,Bachelors,913547409337,,M,,2015.0,5.0,0
1997.0,Нет,Male,No,,109.0,Овен,30.0,8.0,3.0,,,915038766259,,XXL,11.0,,4.0,0
1997.0,Да,Female,No,1.0,,Рак,,2.0,3.0,0.0,Bachelors,918252151102,,M,,2013.0,1.0,1
1997.0,Да,Female,No,1.0,,Рак,29.0,2.0,3.0,0.0,Bachelors,918252151102,New Delhi,,7.0,2013.0,1.0,1
,,Female,,1.0,51.0,Рак,29.0,,3.0,0.0,,918252151102,New Delhi,M,7.0,2013.0,1.0,1
1997.0,Да,Female,No,1.0,51.0,Рак,29.0,,3.0,0.0,,918252151102,New Delhi,M,,2013.0,1.0,1
2000.0,Да,Female,,5.0,,Весы,,3.0,2.0,,,919323537105,Bangalore,M,14.0,2015.0,4.0,1
,Да,Female,,5.0,387.0,Весы,27.0,3.0,2.0,1.0,Masters,919323537105,Bangalore,M,14.0,2015.0,,1
2000.0,Да,Female,Yes,,387.0,Весы,,3.0,,,Masters,919323537105,,M,14.0,2015.0,4.0,1
,,,Yes,5.0,387.0,,,3.0,2.0,1.0,Masters,919323537105,,M,14.0,,4.0,1
2000.0,Да,Female,,5.0,387.0,Весы,27.0,,2.0,1.0,Masters,919323537105,Bangalore,M,14.0,2015.0,4.0,1
1996.0,Нет,Female,No,2.0,76.0,Стрелец,29.0,1.0,2.0,0.0,Masters,914835000903,New Delhi,M,,,1.0,0
1996.0,Нет,Female,No,2.0,76.0,Стрелец,29.0,1.0,2.0,0.0,Masters,914835000903,New Delhi,,,2017.0,1.0,0
,Да,Male,,1.0,361.0,Телец,29.0,6.0,3.0,0.0,,918004929810,,M,,2012.0,4.0,1
1998.0,,Male,No,1.0,361.0,Телец,29.0,,3.0,0.0,Bachelors,918004929810,Bangalore,M,9.0,2012.0,4.0,1
,Да,Male,No,1.0,361.0,Телец,29.0,6.0,3.0,0.0,Bachelors,918004929810,Bangalore,M,9.0,2012.0,,1
1998.0,Да,Male,,,361.0,Телец,29.0,6.0,3.0,,Bachelors,918004929810,Bangalore,M,9.0,2012.0,4.0,1
2000.0,,Female,No,5.0,481.0,Рак,27.0,0.0,2.0,1.0,Bachelors,917363970964,Bangalore,M,,2012.0,1.0,1
2000.0,Да,Female,,5.0,481.0,Рак,27.0,0.0,2.0,1.0,Bachelors,917363970964,,M,8.0,2012.0,,1
,Да,,No,,481.0,,27.0,0.0,2.0,1.0,Bachelors,917363970964,Bangalore,M,8.0,2012.0,1.0,1
1996.0,Нет,Female,,1.0,322.0,Дева,29.0,9.0,,0.0,PHD,912144342303,Bangalore,,12.0,2016.0,2.0,0
1996.0,Нет,,No,1.0,322.0,Дева,29.0,9.0,,0.0,PHD,912144342303,,S,12.0,,2.0,0
1996.0,Нет,Female,No,1.0,322.0,,29.0,9.0,3.0,0.0,PHD,912144342303,Bangalore,S,12.0,2016.0,2.0,0
,Нет,Female,,1.0,322.0,Дева,29.0,9.0,,0.0,PHD,912144342303,Bangalore,S,12.0,,2.0,0
1996.0,Нет,Female,No,,322.0,Дева,29.0,9.0,3.0,,PHD,912144342303,Bangalore,S,12.0,,2.0,0
1996.0,Да,Female,,2.0,190.0,Весы,30.0,2.0,,,,914918516997,Bangalore,M,0.0,2018.0,2.0,1
1997.0,Нет,Male,No,,,Овен,30.0,0.0,2.0,1.0,Masters,912790888824,New Delhi,M,11.0,2017.0,3.0,0
1997.0,Нет,Male,No,,,,,0.0,,1.0,,912790888824,New Delhi,M,,2017.0,3.0,0
1997.0,Нет,Male,,2.0,421.0,Овен,,0.0,2.0,1.0,Masters,912790888824,,M,,,3.0,0
1997.0,Нет,Male,No,,421.0,Овен,,,2.0,1.0,Masters,912790888824,New Delhi,M,11.0,2017.0,,0
1995.0,Нет,Male,No,1.0,,,30.0,4.0,3.0,1.0,Bachelors,914203208780,Bangalore,XXL,2.0,,,0
1995.0,Нет,Male,,1.0,487.0,Весы,,4.0,3.0,1.0,Bachelors,914203208780,Bangalore,XXL,,2012.0,3.0,0
1995.0,Нет,Male,No,1.0,,Весы,30.0,,3.0,1.0,Bachelors,914203208780,Bangalore,XXL,2.0,2012.0,3.0,0
,Нет,Male,No,1.0,487.0,,30.0,4.0,3.0,1.0,Bachelors,914203208780,,XXL,2.0,2012.0,,0
,,,No,,69.0,Рыбы,26.0,3.0,3.0,1.0,,915130441903,New Delhi,,,2013.0,3.0,0
1998.0,,Male,No,,381.0,Рак,29.0,1.0,,1.0,PHD,915561860885,New Delhi,M,,2015.0,1.0,0
1998.0,,,No,,381.0,,29.0,1.0,1.0,1.0,PHD,915561860885,New Delhi,M,13.0,2015.0,,0
1998.0,Нет,Male,No,,381.0,Рак,29.0,1.0,,,PHD,915561860885,New Delhi,M,13.0,2015.0,1.0,0
1998.0,Нет,Male,No,2.0,,Рак,29.0,1.0,1.0,1.0,PHD,915561860885,,M,13.0,2015.0,1.0,0
1995.0,Нет,Male,No,1.0,462.0,,,7.0,3.0,0.0,Bachelors,916191972239,Pune,M,3.0,2016.0,,0
1997.0,Да,Female,,,,Козерог,,,2.0,0.0,Bachelors,919087852827,Pune,XS,2.0,2014.0,3.0,1
1997.0,Да,,No,2.0,489.0,,29.0,2.0,2.0,0.0,Bachelors,919087852827,,XS,2.0,2014.0,,1
1997.0,Да,Female,No,2.0,489.0,Козерог,,2.0,2.0,0.0,Bachelors,919087852827,Pune,,2.0,2014.0,,1
1997.0,Нет,Male,No,2.0,64.0,Козерог,,6.0,3.0,,Bachelors,915882786532,Bangalore,M,15.0,2016.0,,0
,Нет,Male,No,2.0,64.0,,,6.0,3.0,,Bachelors,915882786532,,M,15.0,2016.0,2.0,0
1997.0,Нет,Male,No,2.0,64.0,Козерог,,6.0,3.0,1.0,Bachelors,915882786532,Bangalore,,,2016.0,2.0,0
1997.0,Нет,Male,No,2.0,64.0,Козерог,30.0,6.0,3.0,,Bachelors,915882786532,Bangalore,M,15.0,2016.0,2.0,0
1997.0,Нет,Male,,2.0,64.0,Козерог,,6.0,3.0,1.0,,915882786532,Bangalore,M,15.0,2016.0,,0
1996.0,Нет,Female,Yes,1.0,,Стрелец,,7.0,2.0,,PHD,914822813807,New Delhi,M,8.0,2015.0,3.0,0
1996.0,Нет,Female,Yes,1.0,37.0,Стрелец,29.0,7.0,2.0,1.0,,914822813807,New Delhi,M,8.0,2015.0,3.0,0
,Нет,Female,Yes,1.0,37.0,,29.0,7.0,2.0,1.0,PHD,914822813807,New Delhi,,8.0,2015.0,3.0,0
,Нет,,Yes,1.0,,Стрелец,29.0,,,1.0,,914822813807,New Delhi,,,2015.0,3.0,0
1996.0,Нет,Female,Yes,1.0,37.0,,29.0,7.0,2.0,,PHD,914822813807,New Delhi,,8.0,2015.0,,0
1995.0,Да,Male,,2.0,,Скорпион,,0.0,3.0,1.0,Bachelors,919429925160,Bangalore,,11.0,2018.0,4.0,1
,Да,Male,No,,66.0,Скорпион,30.0,0.0,3.0,1.0,,919429925160,Bangalore,L,11.0,2018.0,4.0,1
,Да,Male,,2.0,66.0,Скорпион,30.0,0.0,3.0,1.0,Bachelors,919429925160,Bangalore,L,11.0,2018.0,4.0,1
1995.0,Да,Male,No,2.0,66.0,Скорпион,30.0,0.0,3.0,1.0,Bachelors,919429925160,Bangalore,L,11.0,,4.0,1
1995.0,Да,,,2.0,66.0,Скорпион,,0.0,3.0,,Bachelors,919429925160,Bangalore,L,11.0,,4.0,1
1997.0,Нет,Female,No,,246.0,Скорпион,29.0,8.0,2.0,0.0,Masters,918584060493,,,1.0,2017.0,3.0,0
1997.0,,Female,No,2.0,246.0,Скорпион,29.0,8.0,2.0,0.0,Masters,918584060493,Pune,XXL,1.0,2017.0,3.0,0
1997.0,,Female,No,2.0,246.0,,29.0,8.0,2.0,,Masters,918584060493,Pune,XXL,1.0,2017.0,3.0,0
1997.0,Нет,Female,,2.0,245.0,Овен,29.0,0.0,3.0,1.0,Masters,917058881350,Bangalore,L,15.0,2016.0,2.0,0
1997.0,Нет,,,2.0,,Овен,29.0,0.0,3.0,1.0,,917058881350,,L,15.0,,,0
,Нет,,No,2.0,245.0,Овен,29.0,0.0,3.0,1.0,Masters,917058881350,Bangalore,L,15.0,2016.0,2.0,0
,Нет,Male,No,1.0,326.0,Водолей,29.0,,,1.0,Bachelors,914469785246,New Delhi,,13.0,2012.0,1.0,0
,Нет,Male,No,1.0,,Водолей,,4.0,3.0,1.0,,914469785246,New Delhi,XL,13.0,2012.0,,0
1997.0,Нет,Female,No,,70.0,Телец,29.0,8.0,2.0,1.0,,912721005208,Pune,L,12.0,,2.0,1
1997.0,Нет,Male,No,1.0,46.0,,30.0,3.0,3.0,1.0,Bachelors,918523430553,Bangalore,M,,2016.0,3.0,0
1997.0,Нет,Male,,1.0,46.0,Козерог,30.0,3.0,3.0,1.0,,918523430553,,M,,2016.0,3.0,0
1997.0,Нет,Male,No,1.0,46.0,,,3.0,3.0,1.0,Bachelors,918523430553,Bangalore,M,10.0,2016.0,,0
1997.0,,Male,No,1.0,,Козерог,,3.0,3.0,1.0,Bachelors,918523430553,,M,,2016.0,3.0,0
1997.0,Нет,Male,No,1.0,46.0,Козерог,30.0,,3.0,,,918523430553,Bangalore,M,10.0,2016.0,3.0,0
1996.0,Нет,Female,No,1.0,496.0,Скорпион,30.0,,3.0,0.0,Bachelors,915157813686,,S,,2013.0,1.0,0
1996.0,,Female,,,496.0,,30.0,10.0,,,Bachelors,915157813686,New Delhi,S,,2013.0,1.0,0
1996.0,Нет,Female,,1.0,496.0,Скорпион,30.0,10.0,,,Bachelors,915157813686,New Delhi,S,10.0,,1.0,0
1996.0,Нет,Male,No,2.0,,Близнецы,29.0,,2.0,,Masters,914939535036,,,14.0,2017.0,2.0,0
1996.0,Нет,,No,2.0,354.0,Близнецы,29.0,,2.0,1.0,,914939535036,,M,14.0,2017.0,2.0,0
1996.0,,Male,No,,,Близнецы,29.0,,,,Masters,914939535036,Pune,M,14.0,2017.0,2.0,0
1996.0,Нет,,No,2.0,354.0,Близнецы,29.0,,2.0,1.0,Masters,914939535036,Pune,,14.0,2017.0,2.0,0
1996.0,Нет,,No,2.0,354.0,Близнецы,29.0,6.0,2.0,,Masters,914939535036,Pune,M,,2017.0,2.0,0
1998.0,Нет,Female,,1.0,,Телец,29.0,7.0,3.0,,,919932842620,New Delhi,L,6.0,2016.0,1.0,0
1998.0,Нет,Female,No,1.0,13.0,Телец,29.0,7.0,3.0,1.0,,919932842620,New Delhi,L,6.0,2016.0,1.0,0
1998.0,Нет,Female,No,1.0,13.0,,,,3.0,1.0,Bachelors,919932842620,New Delhi,L,6.0,2016.0,1.0,0
1998.0,,Female,No,1.0,13.0,Телец,,7.0,3.0,1.0,Bachelors,919932842620,,,6.0,2016.0,1.0,0
1998.0,,Female,Yes,1.0,206.0,Дева,28.0,9.0,3.0,1.0,Bachelors,914598199405,New Delhi,S,13.0,,,0
1998.0,,Female,Yes,,206.0,Дева,28.0,9.0,3.0,1.0,Bachelors,914598199405,New Delhi,S,,2015.0,,0
,Нет,,Yes,1.0,206.0,Дева,,,3.0,1.0,Bachelors,914598199405,New Delhi,S,,,5.0,0
1998.0,Нет,Female,Yes,5.0,185.0,,27.0,4.0,3.0,1.0,,916033611839,Bangalore,XL,,2016.0,,0
1998.0,Нет,Female,Yes,5.0,185.0,,27.0,4.0,3.0,,Bachelors,916033611839,Bangalore,,4.0,2016.0,3.0,0
1998.0,Нет,,,5.0,185.0,Овен,27.0,,,1.0,Bachelors,916033611839,Bangalore,XL,4.0,2016.0,3.0,0
1998.0,,,Yes,5.0,185.0,Овен,27.0,4.0,,1.0,Bachelors,916033611839,Bangalore,,4.0,2016.0,3.0,0
1998.0,Нет,Female,Yes,5.0,185.0,Овен,27.0,4.0,3.0,1.0,Bachelors,916033611839,Bangalore,XL,4.0,2016.0,3.0,0
1995.0,Да,Male,,,18.0,Козерог,30.0,6.0,3.0,0.0,Bachelors,916478865565,New Delhi,,15.0,2014.0,4.0,1
1995.0,Да,Male,,2.0,,,30.0,6.0,3.0,0.0,Bachelors,916478865565,New Delhi,,15.0,2014.0,4.0,1
1995.0,Да,Male,No,2.0,,Козерог,,6.0,3.0,0.0,Bachelors,916478865565,New Delhi,M,15.0,2014.0,4.0,1
1995.0,Да,Male,No,2.0,18.0,Козерог,,6.0,3.0,0.0,,916478865565,New Delhi,M,15.0,2014.0,4.0,1
1997.0,Да,Male,No,,0.0,Дева,30.0,8.0,2.0,1.0,Bachelors,917862308384,,M,14.0,2015.0,,1
1997.0,Да,Male,No,2.0,,Дева,,8.0,2.0,,Bachelors,917862308384,Pune,M,14.0,2015.0,1.0,1
1996.0,Нет,Male,,1.0,,Скорпион,30.0,7.0,3.0,,Bachelors,913901904856,New Delhi,M,,,4.0,0
1996.0,Нет,Female,No,2.0,256.0,Рак,30.0,5.0,3.0,1.0,Bachelors,914953952917,New Delhi,M,8.0,2015.0,5.0,0
1996.0,Нет,Female,No,2.0,,,30.0,5.0,3.0,1.0,Bachelors,914953952917,New Delhi,M,,2015.0,5.0,0
,,Female,No,2.0,256.0,,30.0,5.0,3.0,1.0,,914953952917,New Delhi,,8.0,2015.0,5.0,0
1995.0,Да,Male,Yes,2.0,,Лев,,1.0,1.0,0.0,Bachelors,919845956523,Bangalore,,13.0,2014.0,3.0,1
1995.0,Да,Male,Yes,2.0,172.0,Лев,30.0,1.0,,0.0,Bachelors,919845956523,Bangalore,M,13.0,2014.0,3.0,1
1997.0,,Male,No,,498.0,Дева,30.0,10.0,2.0,0.0,Masters,919324189500,Pune,,0.0,2017.0,1.0,0
1997.0,Нет,Male,,2.0,498.0,Дева,30.0,,2.0,0.0,Masters,919324189500,Pune,M,,2017.0,1.0,0
1997.0,,Male,No,2.0,498.0,Дева,30.0,,2.0,,Masters,919324189500,Pune,M,0.0,2017.0,,0
1997.0,Нет,Male,No,2.0,498.0,Дева,30.0,10.0,2.0,,Masters,919324189500,Pune,M,0.0,2017.0,1.0,0
1997.0,Нет,Male,,2.0,,Дева,30.0,10.0,2.0,,,919324189500,Pune,M,0.0,2017.0,1.0,0
1996.0,Нет,,No,2.0,,Скорпион,30.0,,3.0,1.0,Bachelors,914262754374,Bangalore,L,7.0,,1.0,0
,Да,Female,No,,124.0,Стрелец,29.0,1.0,3.0,1.0,Bachelors,914688403299,Bangalore,S,,2013.0,2.0,1
1996.0,Да,Female,No,2.0,369.0,Телец,,4.0,3.0,0.0,Bachelors,916422532954,Pune,M,9.0,2015.0,3.0,1
,Да,,No,,369.0,Телец,29.0,,3.0,,Bachelors,916422532954,Pune,,9.0,2015.0,3.0,1
1996.0,Да,Female,No,2.0,369.0,Телец,29.0,4.0,3.0,0.0,Bachelors,916422532954,Pune,M,9.0,,3.0,1
1996.0,Да,,No,2.0,369.0,Телец,,4.0,,0.0,Bachelors,916422532954,Pune,M,9.0,2015.0,3.0,1
1996.0,Да,Female,,2.0,,Телец,29.0,4.0,3.0,0.0,Bachelors,916422532954,Pune,,9.0,2015.0,,1
1996.0,Нет,Male,No,,259.0,Дева,29.0,7.0,3.0,,,915674669637,Bangalore,M,6.0,2016.0,4.0,0
2001.0,Нет,Female,No,,18.0,Рыбы,26.0,9.0,,0.0,,911196544682,New Delhi,S,10.0,,,0
1998.0,Да,,Yes,5.0,348.0,Стрелец,27.0,7.0,1.0,1.0,,915561903388,,L,,2015.0,,1
,Да,Male,Yes,5.0,348.0,Стрелец,27.0,7.0,1.0,,,915561903388,New Delhi,L,6.0,2015.0,1.0,1
1998.0,Да,Male,,5.0,348.0,Стрелец,27.0,7.0,,1.0,Masters,915561903388,,,6.0,2015.0,,1
,,Male,Yes,5.0,348.0,Стрелец,27.0,7.0,1.0,1.0,,915561903388,New Delhi,L,6.0,2015.0,1.0,1
1997.0,Да,Male,No,1.0,335.0,Водолей,28.0,,,0.0,Bachelors,916980663664,Bangalore,S,,2012.0,2.0,1
1997.0,,Male,No,1.0,335.0,Водолей,28.0,0.0,,0.0,,916980663664,Bangalore,S,2.0,2012.0,2.0,1
1997.0,Да,,,1.0,335.0,,,0.0,3.0,0.0,Bachelors,916980663664,Bangalore,S,2.0,2012.0,2.0,1
1997.0,Да,Male,No,1.0,335.0,Водолей,28.0,0.0,3.0,0.0,,916980663664,Bangalore,S,2.0,2012.0,2.0,1
1997.0,Да,Male,No,1.0,335.0,,28.0,0.0,3.0,0.0,,916980663664,Bangalore,S,2.0,2012.0,,1
1998.0,,Female,No,2.0,14.0,Дева,29.0,,2.0,0.0,Masters,919753143889,,M,3.0,2015.0,5.0,0
,Нет,Female,No,2.0,,,,10.0,2.0,,,919753143889,,M,3.0,,,0
1998.0,Нет,Female,No,2.0,,Дева,,10.0,2.0,0.0,Masters,919753143889,Pune,M,,2015.0,5.0,0
1997.0,Да,Male,No,2.0,433.0,Дева,28.0,4.0,,0.0,Bachelors,918948343127,Pune,L,2.0,2012.0,,1
1998.0,Нет,Female,No,1.0,,Лев,29.0,5.0,2.0,0.0,Masters,919707532623,Pune,,15.0,2017.0,4.0,0
1998.0,Нет,Female,,,468.0,Лев,29.0,5.0,,0.0,Masters,919707532623,Pune,S,15.0,,,0
1996.0,Нет,Female,No,1.0,153.0,,,,1.0,,Masters,912884174573,New Delhi,XS,2.0,,1.0,0
,Нет,Female,No,1.0,,Стрелец,29.0,0.0,1.0,0.0,,912884174573,New Delhi,XS,2.0,2012.0,,0
1997.0,Нет,Female,No,2.0,246.0,Рак,30.0,,3.0,0.0,,916734908081,Bangalore,M,4.0,2015.0,1.0,0
1997.0,Нет,Female,No,,246.0,Рак,,8.0,3.0,0.0,Bachelors,916734908081,Bangalore,M,4.0,2015.0,,0
1997.0,Нет,Female,No,,,Рак,30.0,8.0,3.0,0.0,Bachelors,916734908081,Bangalore,,,,1.0,0
1997.0,Нет,,No,2.0,,Рак,30.0,8.0,,0.0,Bachelors,916734908081,Bangalore,M,4.0,2015.0,,0
1999.0,Да,Male,Yes,4.0,368.0,Телец,,9.0,2.0,,Masters,917613989025,Bangalore,L,14.0,2017.0,,1
1999.0,Да,,Yes,4.0,368.0,Телец,26.0,9.0,2.0,0.0,Masters,917613989025,Bangalore,L,14.0,2017.0,1.0,1
1999.0,,,,4.0,,,,9.0,2.0,0.0,Masters,917613989025,Bangalore,L,14.0,,1.0,1
1995.0,Нет,Male,,1.0,,Козерог,30.0,,1.0,0.0,Bachelors,911904344380,Bangalore,L,4.0,2013.0,,0
1995.0,Нет,Male,No,,460.0,Козерог,,5.0,1.0,,Bachelors,911904344380,,L,4.0,2013.0,,0
,Нет,Male,No,1.0,,Козерог,,5.0,,0.0,,911904344380,Bangalore,L,,2013.0,2.0,0
1997.0,,Male,,2.0,368.0,Рак,30.0,8.0,3.0,1.0,Masters,917063332531,New Delhi,XL,10.0,2017.0,2.0,0
1997.0,Нет,Male,Yes,2.0,368.0,Рак,30.0,8.0,3.0,1.0,,917063332531,New Delhi,,10.0,2017.0,2.0,0
1997.0,Нет,Male,Yes,2.0,368.0,Рак,,8.0,3.0,1.0,Masters,917063332531,New Delhi,XL,10.0,2017.0,2.0,0
1997.0,Нет,Male,Yes,2.0,368.0,Рак,,8.0,3.0,1.0,Masters,917063332531,New Delhi,XL,10.0,2017.0,,0
1997.0,,,Yes,2.0,368.0,,30.0,8.0,3.0,1.0,Masters,917063332531,New Delhi,XL,10.0,,2.0,0
1999.0,Да,Male,No,2.0,287.0,Лев,28.0,,3.0,0.0,Bachelors,916636717710,,XL,10.0,2016.0,,1
1999.0,Да,Male,No,2.0,287.0,Лев,28.0,5.0,3.0,0.0,Bachelors,916636717710,Bangalore,,10.0,2016.0,2.0,1
1998.0,Нет,Female,Yes,5.0,356.0,Лев,,10.0,3.0,1.0,PHD,915240888403,,,15.0,2013.0,5.0,0
1998.0,,Female,Yes,5.0,356.0,Лев,27.0,10.0,3.0,1.0,,915240888403,New Delhi,S,15.0,2013.0,5.0,0
1998.0,Нет,Female,Yes,5.0,,Лев,,10.0,3.0,1.0,PHD,915240888403,New Delhi,S,15.0,2013.0,,0
1998.0,,Female,Yes,,356.0,,27.0,10.0,3.0,1.0,PHD,915240888403,,S,15.0,,5.0,0
1996.0,,Female,No,1.0,250.0,Рыбы,,0.0,,0.0,Bachelors,912338435715,New Delhi,S,13.0,2013.0,2.0,0
1997.0,Нет,Male,,2.0,2.0,,29.0,10.0,3.0,,Masters,918380637853,Pune,M,3.0,,1.0,0
1997.0,Нет,Male,,2.0,2.0,Весы,29.0,10.0,3.0,1.0,Masters,918380637853,Pune,M,,2017.0,1.0,0
1999.0,,Male,No,2.0,455.0,,,4.0,3.0,1.0,,911437186464,Pune,XL,,2016.0,1.0,0
1999.0,Нет,Male,No,,,Водолей,,4.0,3.0,,Bachelors,911437186464,Pune,XL,,2016.0,1.0,0
1999.0,Нет,Male,,2.0,455.0,Водолей,28.0,4.0,,1.0,Bachelors,911437186464,Pune,XL,15.0,2016.0,1.0,0
1999.0,Нет,Male,No,2.0,,Водолей,28.0,4.0,3.0,1.0,,911437186464,Pune,XL,15.0,2016.0,1.0,0
1999.0,Нет,Male,No,2.0,455.0,Водолей,28.0,4.0,,1.0,Bachelors,911437186464,Pune,XL,15.0,2016.0,1.0,0
1997.0,,Male,,1.0,136.0,Рыбы,29.0,9.0,3.0,1.0,Bachelors,919612022702,Bangalore,M,5.0,2013.0,2.0,0
1997.0,Нет,,No,,136.0,,,9.0,3.0,1.0,Bachelors,919612022702,Bangalore,M,5.0,2013.0,2.0,0
1997.0,Нет,Male,No,1.0,136.0,Рыбы,29.0,9.0,3.0,1.0,Bachelors,919612022702,Bangalore,M,5.0,2013.0,,0
1997.0,Нет,Male,No,,136.0,,29.0,9.0,3.0,,Bachelors,919612022702,Bangalore,M,5.0,,2.0,0
1998.0,Нет,Male,No,2.0,19.0,Стрелец,29.0,2.0,3.0,,Bachelors,911402812705,Pune,S,10.0,2016.0,3.0,0
1998.0,Нет,Male,,2.0,19.0,Стрелец,29.0,2.0,3.0,0.0,,911402812705,Pune,S,10.0,2016.0,3.0,0
1998.0,Нет,Male,No,2.0,19.0,,29.0,2.0,,0.0,Bachelors,911402812705,Pune,S,10.0,2016.0,3.0,0
1998.0,Нет,Male,No,2.0,,Стрелец,,2.0,,0.0,,911402812705,,,10.0,2016.0,3.0,0
,Нет,Male,No,2.0,19.0,,29.0,2.0,,0.0,,911402812705,,S,10.0,2016.0,3.0,0
2000.0,Нет,Male,No,4.0,21.0,Телец,26.0,3.0,3.0,,,915146941849,New Delhi,L,14.0,,1.0,0
2000.0,Нет,,,,21.0,Телец,26.0,3.0,3.0,0.0,Masters,915146941849,New Delhi,L,14.0,,1.0,0
,Да,Female,,,364.0,Близнецы,30.0,2.0,3.0,0.0,Bachelors,919315565150,Bangalore,,14.0,2015.0,,1
1997.0,Да,,No,1.0,364.0,Близнецы,30.0,,3.0,0.0,Bachelors,919315565150,,L,14.0,2015.0,2.0,1
1997.0,Да,Female,No,,364.0,Близнецы,30.0,,3.0,,,919315565150,Bangalore,L,14.0,,2.0,1
,Да,,No,,364.0,Близнецы,30.0,2.0,,0.0,Bachelors,919315565150,Bangalore,L,14.0,2015.0,2.0,1
1997.0,Да,Female,No,1.0,364.0,Близнецы,30.0,2.0,3.0,0.0,Bachelors,919315565150,Bangalore,,,,,1
1997.0,Нет,Male,No,1.0,,Лев,29.0,5.0,3.0,1.0,Bachelors,912566593694,Bangalore,M,4.0,2016.0,1.0,0
1997.0,Нет,Male,No,1.0,5.0,,29.0,5.0,3.0,1.0,Bachelors,912566593694,Bangalore,M,4.0,2016.0,1.0,0
1996.0,Нет,,No,1.0,28.0,,29.0,0.0,3.0,0.0,Masters,911003188573,,L,4.0,,,0
1996.0,Нет,Male,,,28.0,,29.0,0.0,3.0,0.0,,911003188573,New Delhi,L,4.0,2014.0,,0
1999.0,Нет,Female,No,5.0,24.0,Телец,27.0,8.0,,1.0,Bachelors,912191711614,Bangalore,L,1.0,,4.0,0
1999.0,Нет,Female,No,5.0,24.0,Телец,27.0,8.0,1.0,1.0,Bachelors,912191711614,Bangalore,L,1.0,2012.0,4.0,0
1997.0,Да,Female,No,2.0,297.0,Рак,28.0,,1.0,1.0,Bachelors,917072300586,Pune,M,5.0,2015.0,1.0,1
,Да,,,2.0,297.0,Рак,,7.0,1.0,1.0,Bachelors,917072300586,,M,5.0,2015.0,1.0,1
1997.0,Да,Female,No,2.0,96.0,Дева,28.0,,2.0,1.0,,913536804156,,,10.0,2018.0,1.0,1
1997.0,,,No,2.0,96.0,,28.0,9.0,2.0,1.0,Bachelors,913536804156,Pune,L,10.0,2018.0,1.0,1
1997.0,Да,Female,No,2.0,96.0,Дева,28.0,9.0,,1.0,Bachelors,913536804156,Pune,,,2018.0,1.0,1
1997.0,,,No,2.0,96.0,Дева,28.0,9.0,2.0,1.0,Bachelors,913536804156,Pune,L,10.0,2018.0,,1
1997.0,Да,Female,Yes,1.0,206.0,Козерог,28.0,8.0,3.0,1.0,,914966100225,Pune,M,,2015.0,5.0,1
1997.0,Да,Female,Yes,1.0,206.0,Козерог,28.0,8.0,3.0,1.0,,914966100225,,M,15.0,2015.0,5.0,1
1997.0,Да,,Yes,1.0,,Козерог,28.0,8.0,,1.0,Bachelors,914966100225,Pune,,15.0,,5.0,1
1996.0,Нет,,No,2.0,,Рак,29.0,6.0,3.0,0.0,Bachelors,918542667612,Pune,L,6.0,2015.0,1.0,0
1996.0,Нет,Male,No,2.0,99.0,,29.0,6.0,3.0,0.0,Bachelors,918542667612,,L,,2015.0,1.0,0
1997.0,Нет,Male,Yes,1.0,23.0,Дева,30.0,5.0,3.0,0.0,Bachelors,915262037392,Bangalore,,15.0,2016.0,,0
,Нет,Male,Yes,1.0,23.0,Дева,30.0,5.0,,0.0,Bachelors,915262037392,Bangalore,M,,,3.0,0
1997.0,,,Yes,1.0,23.0,,30.0,5.0,3.0,0.0,Bachelors,915262037392,Bangalore,M,,2016.0,3.0,0
1998.0,Да,,No,2.0,439.0,Рыбы,28.0,10.0,3.0,0.0,PHD,918558606789,,XXL,8.0,,,1
1998.0,Да,Male,No,,439.0,Рыбы,28.0,10.0,3.0,0.0,PHD,918558606789,,XXL,8.0,2015.0,,1
1998.0,,,No,,,Рыбы,28.0,10.0,3.0,,PHD,918558606789,,XXL,8.0,2015.0,3.0,1
1998.0,Нет,Male,No,,,Весы,,5.0,3.0,0.0,Bachelors,916834927791,,S,,2014.0,3.0,0
,Нет,Male,No,1.0,284.0,Рыбы,29.0,8.0,3.0,0.0,Bachelors,913398007405,Bangalore,M,11.0,2015.0,1.0,0
1997.0,Нет,Male,No,,,Рыбы,,8.0,,0.0,Bachelors,913398007405,Bangalore,M,11.0,2015.0,1.0,0
1997.0,,Male,No,,284.0,Рыбы,29.0,8.0,3.0,0.0,,913398007405,Bangalore,M,,,,0
,Нет,Male,No,,246.0,,,,3.0,1.0,Bachelors,916142947914,Pune,XL,,,5.0,0
1996.0,Нет,Male,,2.0,246.0,Дева,30.0,10.0,3.0,1.0,,916142947914,,XL,6.0,2013.0,,0
1997.0,Да,Female,No,,238.0,Весы,29.0,0.0,2.0,0.0,,919888045854,Pune,M,4.0,,1.0,1
1995.0,Нет,Male,,1.0,197.0,Козерог,30.0,,3.0,0.0,Bachelors,916296184308,Bangalore,M,6.0,2017.0,3.0,0
1998.0,Нет,Male,No,5.0,352.0,Водолей,27.0,0.0,,1.0,Masters,915653669310,New Delhi,,11.0,2017.0,2.0,0
1998.0,Нет,Male,No,5.0,352.0,Водолей,27.0,,2.0,1.0,Masters,915653669310,New Delhi,M,,,2.0,0
1998.0,Нет,Male,No,5.0,352.0,,27.0,0.0,2.0,1.0,,915653669310,New Delhi,M,11.0,2017.0,2.0,0
1998.0,Нет,Male,,5.0,352.0,Водолей,,0.0,,1.0,,915653669310,New Delhi,M,,2017.0,2.0,0
,Нет,Male,No,5.0,,Водолей,,,2.0,,Masters,915653669310,New Delhi,M,11.0,,2.0,0
,,Male,No,1.0,229.0,Скорпион,29.0,5.0,3.0,1.0,Bachelors,914555120855,Bangalore,,8.0,2018.0,1.0,1
1998.0,Да,Male,No,1.0,,Скорпион,29.0,5.0,,1.0,Bachelors,914555120855,Bangalore,M,8.0,2018.0,1.0,1
1998.0,Да,Male,No,1.0,229.0,Скорпион,29.0,5.0,3.0,1.0,Bachelors,914555120855,Bangalore,,,2018.0,1.0,1
1998.0,,Male,,1.0,229.0,Скорпион,29.0,5.0,,1.0,Bachelors,914555120855,Bangalore,,8.0,,1.0,1
,,,,1.0,229.0,Скорпион,29.0,5.0,3.0,1.0,Bachelors,914555120855,,M,,2018.0,1.0,1
1995.0,Да,,No,2.0,466.0,Весы,,,,0.0,Masters,918463655751,New Delhi,L,6.0,2012.0,1.0,1
1995.0,Да,Female,,2.0,466.0,,30.0,4.0,1.0,,,918463655751,New Delhi,L,6.0,2012.0,,1
1995.0,,Female,No,,466.0,Весы,30.0,,1.0,0.0,,918463655751,New Delhi,L,,,1.0,1
,Нет,,No,,,Весы,28.0,8.0,3.0,1.0,Masters,914382564735,New Delhi,,11.0,,1.0,0
,,Female,No,,65.0,Весы,28.0,8.0,3.0,,,914382564735,,M,,2016.0,1.0,0
1999.0,Нет,Female,No,2.0,65.0,Весы,,8.0,3.0,,Masters,914382564735,,M,11.0,2016.0,1.0,0
1999.0,Нет,Female,No,2.0,65.0,Весы,28.0,,,1.0,Masters,914382564735,New Delhi,,11.0,2016.0,1.0,0
1997.0,Нет,Female,,2.0,430.0,,29.0,,3.0,1.0,Bachelors,917755795442,Bangalore,M,,2014.0,2.0,0
1997.0,,Female,No,2.0,430.0,,29.0,,3.0,1.0,Bachelors,917755795442,Bangalore,,12.0,,2.0,0
1998.0,Нет,Male,,5.0,53.0,,27.0,,,1.0,PHD,919385369357,Bangalore,L,6.0,2017.0,2.0,0
1998.0,Нет,,,5.0,53.0,Телец,27.0,,3.0,,PHD,919385369357,Bangalore,,6.0,2017.0,2.0,0
1998.0,Нет,Male,No,2.0,381.0,Козерог,29.0,6.0,3.0,,Bachelors,914393894423,,,11.0,,3.0,0
,Да,,No,,395.0,Овен,,10.0,,,Masters,914278557341,Bangalore,M,3.0,2018.0,1.0,1
,Да,Female,,2.0,395.0,Овен,28.0,10.0,3.0,0.0,,914278557341,Bangalore,,,2018.0,1.0,1
1999.0,,Female,No,,321.0,Водолей,28.0,2.0,,,Bachelors,913691560736,Bangalore,,0.0,2017.0,,0
1999.0,Нет,Female,No,,,Водолей,28.0,2.0,3.0,,Bachelors,913691560736,,XS,0.0,2017.0,,0
1999.0,Нет,Female,,1.0,321.0,Водолей,28.0,2.0,3.0,,,913691560736,,XS,0.0,2017.0,4.0,0
1999.0,,Female,No,1.0,321.0,Водолей,28.0,2.0,,0.0,Bachelors,913691560736,,XS,0.0,2017.0,4.0,0
1998.0,Нет,Male,No,,469.0,Скорпион,28.0,9.0,3.0,1.0,Bachelors,915476298894,Bangalore,S,,2015.0,,0
1998.0,Нет,Male,No,1.0,469.0,Скорпион,28.0,9.0,3.0,1.0,,915476298894,,,5.0,2015.0,2.0,0
1997.0,,Female,,1.0,316.0,Лев,29.0,,3.0,1.0,Bachelors,912715206887,New Delhi,M,0.0,2014.0,5.0,0
1997.0,Нет,Female,No,1.0,316.0,Лев,29.0,3.0,3.0,1.0,Bachelors,912715206887,New Delhi,,,,5.0,0
1997.0,Нет,Female,No,1.0,316.0,Лев,29.0,3.0,,,Bachelors,912715206887,New Delhi,M,,2014.0,5.0,0
,Нет,Male,No,1.0,285.0,Весы,29.0,0.0,3.0,,,912902744638,New Delhi,L,15.0,2017.0,,0
1998.0,Нет,Male,No,1.0,,,,0.0,3.0,0.0,Masters,912902744638,New Delhi,L,15.0,2017.0,,0
1998.0,Нет,Male,No,1.0,285.0,Весы,29.0,0.0,3.0,0.0,Masters,912902744638,New Delhi,L,15.0,,,0
1998.0,,Male,No,1.0,285.0,Весы,29.0,,3.0,0.0,Masters,912902744638,,L,15.0,2017.0,2.0,0
,Нет,Male,No,,,,29.0,0.0,3.0,0.0,Masters,912902744638,,L,15.0,2017.0,2.0,0
1996.0,Да,,No,,283.0,,,9.0,2.0,0.0,Bachelors,915114539314,,L,1.0,2014.0,2.0,1
1996.0,Да,Male,,,283.0,,29.0,9.0,2.0,0.0,Bachelors,915114539314,Pune,L,,2014.0,2.0,1
1996.0,Да,,No,2.0,,Рыбы,29.0,9.0,,0.0,Bachelors,915114539314,Pune,L,1.0,2014.0,,1
1996.0,Да,Male,No,2.0,283.0,Рыбы,,9.0,,0.0,Bachelors,915114539314,Pune,L,1.0,2014.0,2.0,1
1996.0,Нет,Male,No,1.0,,Рыбы,30.0,9.0,3.0,1.0,Bachelors,917722048313,Bangalore,M,1.0,,,0
1996.0,Нет,Male,No,1.0,,Рыбы,,,,1.0,Bachelors,917722048313,Bangalore,M,1.0,,3.0,0
1996.0,Нет,Male,No,1.0,416.0,Рыбы,30.0,9.0,3.0,,Bachelors,917722048313,Bangalore,,1.0,2014.0,3.0,0
,Нет,Male,No,2.0,11.0,,29.0,4.0,1.0,0.0,Bachelors,911260276286,Bangalore,S,0.0,2014.0,3.0,0
1998.0,Нет,Male,,2.0,11.0,Рыбы,,,1.0,0.0,Bachelors,911260276286,Bangalore,S,0.0,,,0
1998.0,Нет,Male,,2.0,11.0,Рыбы,29.0,4.0,1.0,0.0,Bachelors,911260276286,Bangalore,S,0.0,2014.0,3.0,0
1998.0,Нет,Male,,,11.0,,29.0,4.0,1.0,0.0,Bachelors,911260276286,Bangalore,S,0.0,2014.0,3.0,0
1996.0,Нет,,No,2.0,121.0,Рак,,4.0,3.0,0.0,,916728840479,Pune,,10.0,,4.0,0
1996.0,,Male,,2.0,121.0,Рак,29.0,,3.0,0.0,Masters,916728840479,Pune,XL,10.0,2016.0,,0
1999.0,Нет,,No,2.0,330.0,Дева,28.0,5.0,1.0,,,911132331777,Pune,L,8.0,2016.0,,0
1996.0,Нет,,No,2.0,96.0,Близнецы,29.0,8.0,3.0,0.0,PHD,911541625836,Bangalore,,11.0,2015.0,2.0,0
1996.0,Нет,Male,,2.0,96.0,Близнецы,29.0,8.0,3.0,0.0,,911541625836,Bangalore,L,11.0,2015.0,,0
1997.0,Нет,Male,,2.0,,Весы,28.0,7.0,3.0,0.0,Bachelors,912195983052,Pune,L,10.0,2015.0,2.0,0
1997.0,Нет,Male,Yes,2.0,457.0,,28.0,7.0,3.0,0.0,Bachelors,912195983052,,L,10.0,2015.0,,0
1997.0,Нет,,Yes,2.0,457.0,Весы,28.0,7.0,3.0,0.0,Bachelors,912195983052,Pune,,10.0,,2.0,0
1997.0,Нет,,Yes,2.0,457.0,Весы,28.0,7.0,3.0,0.0,,912195983052,,L,10.0,2015.0,,0
1997.0,Нет,Male,Yes,2.0,457.0,Весы,28.0,7.0,,0.0,Bachelors,912195983052,Pune,L,10.0,2015.0,2.0,0
1996.0,Да,Male,No,1.0,281.0,Скорпион,29.0,7.0,3.0,1.0,Bachelors,918150623200,Bangalore,L,8.0,2014.0,1.0,1
1996.0,Да,Female,No,1.0,,Скорпион,30.0,6.0,2.0,1.0,Bachelors,919411569848,,S,1.0,2013.0,1.0,1
,Да,Female,No,1.0,,Скорпион,30.0,6.0,,1.0,Bachelors,919411569848,Bangalore,,1.0,2013.0,1.0,1
1996.0,Да,,No,,331.0,,,6.0,2.0,1.0,,919411569848,Bangalore,S,1.0,2013.0,1.0,1
1996.0,Нет,Male,Yes,1.0,494.0,Рыбы,29.0,4.0,3.0,0.0,,916056282175,Bangalore,M,8.0,2015.0,,0
1996.0,Нет,,,1.0,494.0,Рыбы,29.0,,3.0,0.0,Bachelors,916056282175,,M,,2015.0,1.0,0
1998.0,Нет,Male,No,1.0,472.0,Лев,,,3.0,,PHD,915829327757,,M,13.0,2017.0,1.0,0
1998.0,Нет,Male,,,472.0,Лев,29.0,9.0,3.0,1.0,PHD,915829327757,,M,13.0,,1.0,0
1998.0,Нет,Male,,1.0,472.0,,29.0,,,1.0,PHD,915829327757,,,13.0,2017.0,1.0,0
1998.0,Нет,Male,No,,472.0,Лев,29.0,9.0,,1.0,PHD,915829327757,New Delhi,M,13.0,,,0
1997.0,Нет,Male,No,2.0,,Скорпион,29.0,1.0,3.0,0.0,Masters,914958134367,New Delhi,XL,,2017.0,2.0,0
,Нет,Male,No,2.0,171.0,Скорпион,29.0,1.0,,0.0,Masters,914958134367,New Delhi,XL,11.0,2017.0,2.0,0
,Нет,Male,,2.0,171.0,,,1.0,3.0,0.0,Masters,914958134367,New Delhi,XL,11.0,2017.0,2.0,0
,Нет,Male,No,2.0,171.0,Скорпион,29.0,1.0,3.0,0.0,Masters,914958134367,New Delhi,XL,11.0,,2.0,0
1997.0,Нет,Male,No,2.0,,Скорпион,29.0,1.0,,0.0,Masters,914958134367,New Delhi,XL,11.0,2017.0,2.0,0
,Нет,,No,1.0,,Водолей,30.0,5.0,,0.0,Bachelors,916149572559,,M,7.0,2013.0,3.0,0
1996.0,Нет,Male,No,1.0,,Водолей,30.0,5.0,3.0,0.0,Bachelors,916149572559,Pune,M,7.0,2013.0,3.0,0
1996.0,,,,1.0,,Водолей,,5.0,3.0,0.0,Bachelors,916149572559,Pune,M,7.0,,3.0,0
,,Male,No,1.0,321.0,,30.0,5.0,3.0,,Bachelors,916149572559,Pune,M,7.0,2013.0,3.0,0
,,,No,1.0,,Телец,30.0,1.0,3.0,,Bachelors,911610142355,Bangalore,,2.0,2012.0,,1
1997.0,Да,Female,No,1.0,210.0,Телец,30.0,1.0,3.0,1.0,,911610142355,Bangalore,S,2.0,2012.0,1.0,1
1999.0,Нет,,No,1.0,219.0,Дева,28.0,2.0,3.0,,Bachelors,918034181798,Bangalore,XS,8.0,2016.0,4.0,0
1999.0,,Female,No,1.0,219.0,,28.0,,,0.0,Bachelors,918034181798,Bangalore,XS,8.0,2016.0,,0
,Нет,,No,1.0,219.0,Дева,28.0,2.0,,0.0,Bachelors,918034181798,Bangalore,,8.0,,4.0,0
1999.0,Нет,Female,No,1.0,219.0,Дева,28.0,2.0,3.0,0.0,,918034181798,Bangalore,XS,8.0,2016.0,4.0,0
1999.0,Нет,Female,No,1.0,219.0,Дева,,2.0,3.0,0.0,,918034181798,,,,2016.0,4.0,0
1997.0,,Female,No,2.0,77.0,Рак,30.0,5.0,3.0,1.0,,913354994245,New Delhi,M,4.0,,2.0,1
1997.0,Да,Male,Yes,1.0,343.0,Телец,29.0,7.0,3.0,0.0,,912275893152,,,14.0,2018.0,1.0,1
1997.0,Да,Male,Yes,1.0,,Телец,,7.0,3.0,0.0,Bachelors,912275893152,,L,14.0,2018.0,1.0,1
1997.0,,,,1.0,343.0,Телец,29.0,7.0,,0.0,Bachelors,912275893152,Pune,L,14.0,2018.0,1.0,1
1997.0,Да,Male,Yes,1.0,343.0,Телец,29.0,7.0,,0.0,Bachelors,912275893152,Pune,L,14.0,2018.0,1.0,1
,Да,,Yes,1.0,343.0,Телец,,7.0,3.0,0.0,Bachelors,912275893152,,,14.0,2018.0,1.0,1
1996.0,,Female,Yes,2.0,228.0,Стрелец,30.0,,3.0,0.0,Bachelors,918645958370,Bangalore,,0.0,2016.0,,0
2000.0,,Male,Yes,5.0,,Телец,27.0,2.0,2.0,0.0,Masters,911250793901,Pune,L,,2017.0,3.0,1
,Да,Male,Yes,5.0,189.0,Телец,,2.0,2.0,0.0,Masters,911250793901,,L,13.0,,3.0,1
2000.0,Да,,Yes,5.0,189.0,Телец,27.0,2.0,,,Masters,911250793901,Pune,L,13.0,2017.0,3.0,1
2000.0,Да,Male,Yes,5.0,,Телец,,2.0,2.0,0.0,Masters,911250793901,Pune,L,13.0,2017.0,3.0,1
1996.0,,,No,2.0,,Водолей,30.0,5.0,2.0,0.0,Bachelors,914422185407,Pune,S,0.0,2017.0,3.0,1
1996.0,Да,Female,No,2.0,387.0,Водолей,30.0,5.0,2.0,0.0,Bachelors,914422185407,Pune,S,0.0,2017.0,3.0,1
,Нет,Female,,1.0,248.0,Дева,,,3.0,1.0,,915604193887,Bangalore,M,7.0,2015.0,1.0,0
1997.0,Нет,,No,1.0,248.0,Дева,29.0,8.0,,1.0,,915604193887,Bangalore,M,7.0,2015.0,1.0,0
1997.0,Нет,Female,No,1.0,248.0,Дева,29.0,8.0,3.0,1.0,PHD,915604193887,Bangalore,M,7.0,2015.0,1.0,0
1997.0,Нет,Female,No,1.0,248.0,Дева,29.0,8.0,3.0,1.0,,915604193887,Bangalore,M,7.0,2015.0,1.0,0
1997.0,Нет,Female,No,1.0,,Дева,29.0,8.0,3.0,1.0,PHD,915604193887,Bangalore,M,7.0,2015.0,1.0,0
1996.0,Нет,,No,2.0,142.0,Дева,30.0,9.0,3.0,0.0,,914572590006,Pune,S,8.0,2017.0,1.0,0
,Нет,,No,,142.0,Дева,30.0,9.0,3.0,0.0,Bachelors,914572590006,Pune,S,8.0,2017.0,,0
,Нет,,No,2.0,142.0,Дева,30.0,9.0,3.0,0.0,Bachelors,914572590006,,,,2017.0,1.0,0
,,Male,,1.0,,Дева,28.0,,,,Bachelors,911852015912,Pune,M,4.0,2014.0,4.0,0
1997.0,,Male,No,1.0,484.0,Дева,,,1.0,1.0,Bachelors,911852015912,Pune,M,4.0,2014.0,4.0,0
1996.0,Нет,Male,No,,,Лев,30.0,8.0,3.0,0.0,,915064340000,Bangalore,L,6.0,2015.0,1.0,0
1996.0,Нет,Male,No,1.0,,Лев,30.0,,3.0,0.0,,915064340000,Bangalore,L,6.0,2015.0,1.0,0
1999.0,Нет,Male,No,5.0,338.0,Овен,,4.0,3.0,,Bachelors,918724299816,New Delhi,,4.0,2013.0,3.0,0
1997.0,Да,Male,No,1.0,44.0,Водолей,28.0,,2.0,1.0,,911855873748,New Delhi,XL,10.0,2017.0,3.0,1
1997.0,Да,Male,No,1.0,44.0,Водолей,28.0,5.0,2.0,1.0,Masters,911855873748,New Delhi,XL,10.0,2017.0,3.0,1
1997.0,,,,1.0,44.0,Водолей,,5.0,2.0,,Masters,911855873748,New Delhi,,10.0,,,1
,Да,Male,No,1.0,44.0,Водолей,28.0,5.0,2.0,1.0,Masters,911855873748,New Delhi,,10.0,2017.0,3.0,1
2000.0,,Female,,5.0,,Водолей,,,2.0,0.0,PHD,918626957811,New Delhi,XS,1.0,,,0
1998.0,Нет,Male,No,,106.0,Водолей,29.0,9.0,3.0,0.0,Bachelors,917651530676,Bangalore,L,,2015.0,2.0,0
1995.0,Нет,,No,2.0,174.0,Дева,30.0,4.0,3.0,0.0,Bachelors,914603275094,Bangalore,XL,3.0,2017.0,4.0,0
1995.0,Нет,Male,,2.0,174.0,,,4.0,3.0,0.0,Bachelors,914603275094,,,3.0,2017.0,4.0,0
1995.0,Нет,Male,No,2.0,174.0,,30.0,4.0,3.0,0.0,,914603275094,Bangalore,XL,,,4.0,0
,Нет,Male,No,2.0,174.0,Дева,30.0,4.0,3.0,0.0,Bachelors,914603275094,Bangalore,XL,,2017.0,4.0,0
2000.0,,Female,,5.0,486.0,Водолей,27.0,0.0,1.0,1.0,Bachelors,919230997646,Bangalore,,,2014.0,1.0,0
1999.0,Нет,Male,No,4.0,463.0,Телец,26.0,,1.0,0.0,Bachelors,919264213210,Pune,,3.0,2014.0,4.0,0
1999.0,Нет,Male,,4.0,463.0,,26.0,,1.0,0.0,Bachelors,919264213210,Pune,M,3.0,2014.0,4.0,0
,Нет,Male,No,4.0,463.0,Телец,26.0,2.0,1.0,0.0,Bachelors,919264213210,Pune,M,3.0,2014.0,4.0,0
1999.0,,Male,No,4.0,463.0,Телец,26.0,2.0,1.0,0.0,,919264213210,Pune,M,3.0,2014.0,4.0,0
1998.0,Нет,Male,Yes,2.0,262.0,,29.0,3.0,3.0,1.0,Bachelors,919657711928,Bangalore,L,3.0,2012.0,,0
1998.0,Нет,Male,Yes,2.0,262.0,Дева,29.0,,3.0,,,919657711928,Bangalore,,3.0,,,0
1998.0,Нет,Male,Yes,2.0,,Дева,29.0,3.0,3.0,1.0,Bachelors,919657711928,,L,3.0,2012.0,5.0,0
1998.0,,,,2.0,262.0,Дева,29.0,3.0,,1.0,Bachelors,919657711928,Bangalore,L,3.0,2012.0,,0
1997.0,Нет,,,1.0,357.0,,30.0,0.0,3.0,,Bachelors,917011700421,New Delhi,,7.0,2012.0,2.0,0
,Нет,Male,No,1.0,357.0,Близнецы,30.0,0.0,3.0,,,917011700421,New Delhi,L,7.0,2012.0,,0
1997.0,Нет,Male,,1.0,357.0,Близнецы,30.0,0.0,3.0,1.0,Bachelors,917011700421,New Delhi,L,7.0,2012.0,2.0,0
1996.0,Да,Male,No,2.0,459.0,Стрелец,,0.0,3.0,0.0,,912769539714,New Delhi,M,2.0,2018.0,,1
1996.0,,Male,No,2.0,,Стрелец,29.0,0.0,,0.0,Masters,912769539714,,M,2.0,2018.0,2.0,1
1996.0,Да,Male,No,2.0,459.0,Стрелец,29.0,0.0,3.0,0.0,Masters,912769539714,New Delhi,M,2.0,2018.0,2.0,1
1996.0,,Male,No,2.0,,Стрелец,,,3.0,,Masters,912769539714,New Delhi,M,2.0,,,1
,Да,Male,No,2.0,459.0,Стрелец,29.0,,3.0,,Masters,912769539714,New Delhi,M,2.0,,2.0,1
1998.0,,Male,Yes,5.0,4.0,Стрелец,27.0,1.0,3.0,1.0,Masters,918125610614,New Delhi,S,13.0,2016.0,,1
,,,Yes,5.0,,,,1.0,3.0,1.0,,918125610614,New Delhi,S,13.0,2016.0,3.0,1
1997.0,Нет,Male,No,,451.0,Овен,,8.0,3.0,0.0,PHD,913829692007,New Delhi,L,4.0,,1.0,0
1997.0,Нет,,No,1.0,451.0,Овен,30.0,8.0,3.0,0.0,PHD,913829692007,New Delhi,,4.0,,1.0,0
,Нет,Male,No,1.0,451.0,Овен,,,3.0,0.0,PHD,913829692007,,L,4.0,2013.0,,0
1997.0,Нет,Male,No,1.0,451.0,Овен,,8.0,,0.0,PHD,913829692007,New Delhi,L,4.0,,1.0,0
2001.0,Нет,Male,,4.0,,,26.0,,,0.0,Masters,911757175365,Bangalore,L,10.0,2018.0,4.0,1
,,,Yes,2.0,170.0,,29.0,3.0,,0.0,Bachelors,915346402871,,M,,2018.0,3.0,1
1997.0,Да,,Yes,,,Овен,29.0,3.0,3.0,0.0,Bachelors,915346402871,Bangalore,M,9.0,2018.0,3.0,1
1997.0,Да,,Yes,2.0,170.0,Овен,29.0,3.0,3.0,0.0,,915346402871,Bangalore,M,9.0,2018.0,3.0,1
,Да,,Yes,2.0,170.0,Овен,29.0,3.0,,0.0,Bachelors,915346402871,Bangalore,,9.0,2018.0,3.0,1
1997.0,Да,Female,Yes,2.0,170.0,Овен,,3.0,3.0,0.0,Bachelors,915346402871,Bangalore,,9.0,2018.0,3.0,1
1999.0,Нет,Male,,1.0,,Водолей,28.0,,3.0,1.0,,918797200433,,L,10.0,2016.0,3.0,0
1996.0,Нет,Male,No,1.0,,Водолей,30.0,,,0.0,Masters,915775887617,Pune,,9.0,2012.0,,0
1996.0,,Male,,1.0,394.0,,30.0,9.0,3.0,0.0,Masters,915775887617,Pune,L,9.0,,2.0,0
1996.0,,,,1.0,394.0,Водолей,30.0,9.0,3.0,0.0,Masters,915775887617,,L,,2012.0,2.0,0
1997.0,,Female,No,2.0,102.0,Рыбы,30.0,7.0,3.0,0.0,,919211651846,Bangalore,XL,1.0,2014.0,,0
1998.0,,,No,1.0,442.0,Рыбы,29.0,10.0,,0.0,Bachelors,917422595875,Bangalore,M,2.0,2014.0,1.0,0
1998.0,Нет,Female,No,1.0,442.0,Рыбы,29.0,,3.0,0.0,Bachelors,917422595875,Bangalore,,2.0,2014.0,1.0,0
1998.0,Нет,Female,No,1.0,442.0,Рыбы,29.0,10.0,3.0,0.0,Bachelors,917422595875,Bangalore,M,2.0,2014.0,1.0,0
1998.0,Нет,Female,,1.0,442.0,Рыбы,29.0,10.0,3.0,0.0,Bachelors,917422595875,Bangalore,M,,,1.0,0
1995.0,Нет,,No,2.0,459.0,,,9.0,1.0,,Bachelors,917407229762,Bangalore,,12.0,2012.0,1.0,0
1995.0,,Female,No,2.0,459.0,Рыбы,30.0,9.0,1.0,,Bachelors,917407229762,Bangalore,S,12.0,2012.0,1.0,0
1995.0,Нет,Female,No,2.0,459.0,Рыбы,30.0,9.0,,1.0,Bachelors,917407229762,Bangalore,S,12.0,2012.0,1.0,0
1995.0,Нет,Female,,2.0,459.0,Рыбы,30.0,9.0,1.0,1.0,Bachelors,917407229762,Bangalore,S,12.0,,,0
1995.0,,Female,No,2.0,459.0,Рыбы,30.0,9.0,1.0,,Bachelors,917407229762,,S,12.0,2012.0,1.0,0
1995.0,Нет,Female,Yes,,,Козерог,,9.0,3.0,,Bachelors,911984983484,Bangalore,M,12.0,2012.0,1.0,0
1995.0,,Female,Yes,2.0,259.0,Козерог,30.0,9.0,3.0,1.0,Bachelors,911984983484,Bangalore,M,12.0,2012.0,,0
,Нет,Female,Yes,2.0,259.0,Козерог,30.0,9.0,3.0,1.0,Bachelors,911984983484,Bangalore,M,12.0,2012.0,,0
1995.0,Нет,Female,Yes,2.0,259.0,Козерог,30.0,9.0,3.0,1.0,,911984983484,Bangalore,M,12.0,2012.0,1.0,0
1997.0,,,No,1.0,210.0,Дева,30.0,9.0,,1.0,Masters,914039369629,,L,,2017.0,,0
,Нет,,,1.0,210.0,Дева,30.0,9.0,2.0,,Masters,914039369629,New Delhi,L,,2017.0,1.0,0
1997.0,Нет,Male,No,1.0,,,30.0,,2.0,1.0,Masters,914039369629,New Delhi,,,,1.0,0
1996.0,Нет,Male,No,2.0,406.0,,29.0,8.0,3.0,1.0,Masters,913040721865,,L,,2014.0,2.0,0
,Нет,Male,,2.0,406.0,Рыбы,29.0,8.0,3.0,1.0,Masters,913040721865,New Delhi,L,7.0,2014.0,2.0,0
1996.0,,Male,No,2.0,406.0,Рыбы,29.0,8.0,,1.0,Masters,913040721865,New Delhi,L,7.0,2014.0,2.0,0
1997.0,,Female,No,2.0,489.0,Овен,28.0,3.0,2.0,,Bachelors,912623689573,Pune,L,15.0,2014.0,5.0,1
1997.0,Да,Female,No,,489.0,Овен,,3.0,2.0,1.0,Bachelors,912623689573,Pune,L,15.0,2014.0,,1
1997.0,Да,,,2.0,489.0,Овен,28.0,3.0,,1.0,Bachelors,912623689573,Pune,,,,5.0,1
1998.0,Нет,Male,No,1.0,353.0,,29.0,0.0,,1.0,,919686605626,Pune,L,4.0,2016.0,,0
1998.0,,Male,No,1.0,353.0,Овен,,0.0,3.0,1.0,Bachelors,919686605626,Pune,L,4.0,2016.0,,0
1998.0,Нет,,,1.0,353.0,Овен,29.0,,3.0,1.0,Bachelors,919686605626,Pune,L,4.0,2016.0,3.0,0
,Нет,,No,1.0,353.0,Овен,29.0,,3.0,1.0,Bachelors,919686605626,Pune,,4.0,2016.0,3.0,0
1998.0,Нет,Male,,1.0,353.0,Овен,,0.0,3.0,1.0,Bachelors,919686605626,Pune,L,,2016.0,,0
2000.0,Да,Female,No,4.0,196.0,Рак,26.0,10.0,3.0,0.0,Masters,913353756537,New Delhi,S,1.0,2013.0,1.0,1
2000.0,Да,Female,No,4.0,196.0,Рак,26.0,10.0,3.0,0.0,Masters,913353756537,New Delhi,,1.0,2013.0,1.0,1
1998.0,Нет,Male,No,1.0,73.0,Скорпион,29.0,0.0,3.0,1.0,Bachelors,914473053705,Bangalore,M,10.0,2017.0,1.0,0
1998.0,Нет,Male,,,73.0,Скорпион,29.0,,3.0,1.0,Bachelors,914473053705,Bangalore,M,10.0,2017.0,1.0,0
,Нет,,No,1.0,73.0,Скорпион,,,3.0,,Bachelors,914473053705,,M,10.0,2017.0,1.0,0
1998.0,Нет,Male,No,1.0,73.0,Скорпион,29.0,0.0,3.0,1.0,,914473053705,Bangalore,M,10.0,2017.0,,0
2000.0,Нет,Female,No,,492.0,Лев,27.0,,,1.0,Masters,919410944896,New Delhi,M,13.0,2013.0,2.0,0
,Нет,Female,No,5.0,492.0,Лев,27.0,0.0,,1.0,Masters,919410944896,New Delhi,M,13.0,,,0
1997.0,,Female,No,2.0,116.0,Скорпион,30.0,6.0,2.0,0.0,Bachelors,914045588887,Pune,M,14.0,2012.0,2.0,1
1997.0,Да,Female,No,2.0,116.0,Скорпион,30.0,6.0,2.0,0.0,Bachelors,914045588887,Pune,M,14.0,2012.0,,1
1997.0,,Female,No,2.0,116.0,Скорпион,30.0,,,0.0,Bachelors,914045588887,Pune,M,14.0,2012.0,2.0,1
1998.0,,Female,Yes,,383.0,,29.0,9.0,2.0,1.0,Bachelors,915869240546,Pune,XL,0.0,2015.0,2.0,1
1998.0,,Female,,,383.0,Рыбы,29.0,9.0,2.0,,,915869240546,Pune,XL,,2015.0,2.0,1
1998.0,Да,,Yes,,,Рыбы,29.0,9.0,2.0,,Bachelors,915869240546,Pune,XL,,2015.0,2.0,1
1997.0,,,No,1.0,136.0,Близнецы,28.0,3.0,3.0,0.0,Masters,912585623173,Bangalore,,11.0,,3.0,1
,Да,Male,No,1.0,136.0,,28.0,3.0,3.0,0.0,Masters,912585623173,Bangalore,M,,,3.0,1
,Да,Male,No,,136.0,Близнецы,28.0,3.0,3.0,0.0,Masters,912585623173,Bangalore,,11.0,2014.0,3.0,1
1997.0,,Male,No,1.0,,,28.0,,,0.0,Masters,912585623173,Bangalore,,11.0,2014.0,3.0,1
1997.0,Да,Male,No,,136.0,Близнецы,28.0,,,,Masters,912585623173,Bangalore,M,11.0,2014.0,3.0,1
1999.0,Нет,Female,No,2.0,295.0,Лев,,0.0,3.0,0.0,Bachelors,912834598449,Bangalore,M,,2015.0,,0
1999.0,Нет,Female,No,2.0,295.0,Лев,28.0,,3.0,0.0,Bachelors,912834598449,Bangalore,M,2.0,2015.0,4.0,0
1999.0,,Male,No,5.0,,,,,1.0,1.0,Masters,917919595458,Bangalore,M,3.0,2017.0,,0
1999.0,,Male,No,,0.0,Рак,27.0,4.0,,1.0,Masters,917919595458,,,3.0,,1.0,0
1999.0,Нет,,No,5.0,0.0,Рак,,4.0,1.0,1.0,Masters,917919595458,Bangalore,M,3.0,2017.0,1.0,0
1999.0,,,No,5.0,0.0,,27.0,4.0,1.0,1.0,Masters,917919595458,Bangalore,M,3.0,2017.0,1.0,0
1999.0,Нет,,No,5.0,0.0,Рак,,4.0,,,Masters,917919595458,Bangalore,M,3.0,2017.0,1.0,0
,Нет,Male,No,1.0,3.0,Телец,,,2.0,1.0,Masters,918109735897,Pune,,,2017.0,,0
1995.0,Нет,,No,1.0,3.0,Телец,30.0,5.0,2.0,1.0,Masters,918109735897,Pune,L,8.0,2017.0,1.0,0
1995.0,Нет,Male,No,,3.0,,30.0,5.0,2.0,1.0,Masters,918109735897,,,8.0,2017.0,1.0,0
1995.0,Нет,Male,No,1.0,,Телец,30.0,5.0,2.0,,Masters,918109735897,,L,8.0,,1.0,0
1995.0,Нет,Male,No,1.0,,Телец,,5.0,2.0,1.0,Masters,918109735897,Pune,L,8.0,,1.0,0
,Нет,Male,No,2.0,32.0,Дева,,3.0,,,Bachelors,918385086928,Pune,L,0.0,2013.0,,0
1998.0,,Male,,2.0,32.0,Дева,29.0,3.0,3.0,0.0,Bachelors,918385086928,,L,0.0,,,0
2000.0,Нет,Male,Yes,,136.0,Весы,27.0,0.0,3.0,1.0,Bachelors,911667445500,Pune,XL,8.0,,4.0,0
,Да,Female,No,1.0,460.0,Скорпион,,0.0,3.0,1.0,Bachelors,912612487753,Pune,S,11.0,2015.0,3.0,1
1996.0,Да,Female,No,,460.0,Скорпион,30.0,,3.0,1.0,Bachelors,912612487753,Pune,S,11.0,2015.0,3.0,1
,Да,Female,,1.0,460.0,Скорпион,30.0,0.0,3.0,,Bachelors,912612487753,Pune,,,2015.0,,1
1996.0,Да,Female,No,1.0,,Скорпион,30.0,0.0,,1.0,,912612487753,Pune,S,11.0,2015.0,3.0,1
1996.0,Да,Female,No,1.0,460.0,Скорпион,30.0,,3.0,,Bachelors,912612487753,,S,11.0,,3.0,1
2000.0,Да,Male,,,,Рак,26.0,,3.0,1.0,Masters,917971029604,Pune,M,15.0,2018.0,2.0,1
2000.0,Да,Male,No,,279.0,Рак,26.0,,3.0,1.0,Masters,917971029604,Pune,M,15.0,2018.0,2.0,1
,Да,,No,2.0,338.0,Рыбы,29.0,0.0,,1.0,Masters,918293232855,Bangalore,M,12.0,2013.0,1.0,1
,Да,Male,No,,30.0,Козерог,,,1.0,1.0,Bachelors,916813458210,Bangalore,,3.0,2014.0,,1
1999.0,Да,Male,No,2.0,30.0,Козерог,28.0,1.0,1.0,1.0,Bachelors,916813458210,Bangalore,,,2014.0,4.0,1
1999.0,Нет,,,,337.0,Дева,28.0,,3.0,0.0,Bachelors,913149521168,,XS,6.0,2014.0,4.0,0
1999.0,Нет,Female,Yes,1.0,337.0,Дева,28.0,6.0,3.0,,Bachelors,913149521168,,XS,6.0,2014.0,4.0,0
1999.0,Нет,Male,No,5.0,,Стрелец,27.0,2.0,3.0,0.0,Masters,914499700741,New Delhi,L,4.0,2015.0,2.0,0
1999.0,Нет,,No,5.0,418.0,Стрелец,27.0,2.0,3.0,,Masters,914499700741,New Delhi,,4.0,2015.0,,0
1999.0,Нет,,,5.0,,Стрелец,27.0,2.0,3.0,0.0,Masters,914499700741,New Delhi,L,4.0,2015.0,2.0,0
1999.0,Нет,Male,No,5.0,,Стрелец,27.0,2.0,3.0,0.0,,914499700741,New Delhi,L,4.0,,2.0,0
1999.0,Нет,Male,No,5.0,418.0,,27.0,,,0.0,Masters,914499700741,New Delhi,L,4.0,2015.0,2.0,0
1997.0,Нет,,Yes,,125.0,Скорпион,,1.0,2.0,0.0,Masters,918464422554,New Delhi,M,0.0,2017.0,1.0,0
1997.0,Нет,Male,,,125.0,Скорпион,,,2.0,0.0,Masters,918464422554,,M,0.0,2017.0,1.0,0
1999.0,,,,5.0,8.0,Козерог,27.0,0.0,3.0,0.0,Bachelors,914886552817,,M,9.0,2013.0,2.0,0
1996.0,Да,Male,No,1.0,225.0,,,9.0,,0.0,,918870868574,,M,0.0,2012.0,2.0,1
1997.0,Нет,Male,,1.0,129.0,Овен,30.0,6.0,,,Masters,915385252491,Pune,XL,,,2.0,0
1997.0,,Male,No,1.0,129.0,Овен,30.0,6.0,3.0,0.0,Masters,915385252491,Pune,XL,3.0,2016.0,2.0,0
1995.0,Нет,Male,,1.0,253.0,,,,,0.0,Bachelors,917698371516,Pune,L,1.0,2014.0,3.0,0
,Нет,,No,1.0,253.0,Овен,30.0,4.0,3.0,0.0,,917698371516,,L,1.0,2014.0,3.0,0
2001.0,,Male,No,4.0,266.0,,26.0,4.0,3.0,,Masters,916798614693,Bangalore,L,,2017.0,1.0,1
,,,No,4.0,266.0,,26.0,4.0,3.0,1.0,Masters,916798614693,Bangalore,L,15.0,2017.0,1.0,1
2001.0,Да,Male,,4.0,266.0,Рак,26.0,4.0,3.0,,Masters,916798614693,Bangalore,L,15.0,2017.0,,1
2001.0,Да,Male,No,4.0,266.0,Рак,26.0,4.0,3.0,1.0,Masters,916798614693,,L,15.0,2017.0,1.0,1
2001.0,Да,,,4.0,,Рак,26.0,4.0,,1.0,Masters,916798614693,Bangalore,,15.0,2017.0,1.0,1
1998.0,Нет,Male,No,5.0,53.0,Рак,27.0,,3.0,1.0,PHD,919502011699,Bangalore,S,3.0,2014.0,2.0,0
1998.0,Нет,,,5.0,,Рак,27.0,9.0,3.0,,PHD,919502011699,Bangalore,S,,2014.0,2.0,0
1998.0,Нет,,No,,,Рак,,9.0,3.0,1.0,PHD,919502011699,Bangalore,,3.0,2014.0,,0
,Нет,Male,No,5.0,53.0,Рак,27.0,9.0,3.0,,,919502011699,Bangalore,S,3.0,2014.0,2.0,0
1995.0,Да,Female,No,,389.0,Лев,30.0,,3.0,0.0,,916147033178,Bangalore,M,,,1.0,1
1996.0,,Female,No,,392.0,Весы,30.0,,3.0,0.0,Bachelors,918614715238,Bangalore,S,8.0,,4.0,0
1996.0,Нет,Female,,,392.0,,30.0,,3.0,0.0,Bachelors,918614715238,Bangalore,S,8.0,2012.0,4.0,0
,Нет,Female,No,2.0,392.0,Весы,,5.0,3.0,0.0,Bachelors,918614715238,,S,8.0,2012.0,4.0,0
1999.0,,Female,No,,19.0,Дева,28.0,,1.0,1.0,Bachelors,912491664628,Bangalore,S,15.0,2013.0,4.0,0
1996.0,Да,Female,No,2.0,48.0,,30.0,8.0,2.0,,,912890182639,Pune,XS,3.0,,,1
1996.0,Да,Female,,2.0,48.0,Лев,30.0,8.0,2.0,0.0,Masters,912890182639,Pune,XS,3.0,2017.0,4.0,1
1996.0,,Female,No,,48.0,,30.0,,,0.0,,912890182639,Pune,XS,,,4.0,1
1996.0,Да,,No,1.0,267.0,,29.0,6.0,2.0,0.0,,911093493535,,L,4.0,2015.0,1.0,1
1996.0,Да,Female,No,1.0,267.0,Рак,,6.0,2.0,0.0,,911093493535,Pune,L,4.0,2015.0,1.0,1
2000.0,Да,,Yes,4.0,275.0,Дева,26.0,3.0,2.0,1.0,Masters,913238773478,New Delhi,XL,1.0,,3.0,1
2000.0,Да,Female,Yes,,275.0,Дева,26.0,,2.0,1.0,Masters,913238773478,,XL,1.0,2017.0,3.0,1
2000.0,Да,,Yes,4.0,275.0,Дева,26.0,3.0,2.0,,Masters,913238773478,New Delhi,XL,1.0,2017.0,3.0,1
2000.0,Да,Female,Yes,4.0,275.0,Дева,,3.0,2.0,1.0,Masters,913238773478,New Delhi,XL,,2017.0,3.0,1
2000.0,Да,,Yes,4.0,275.0,Дева,,3.0,2.0,1.0,Masters,913238773478,New Delhi,,1.0,,3.0,1
1996.0,,Female,No,1.0,316.0,Козерог,30.0,6.0,,1.0,Masters,915028177501,New Delhi,S,10.0,2017.0,3.0,0
1996.0,Нет,Female,No,1.0,,Козерог,30.0,6.0,,1.0,,915028177501,,S,,2017.0,3.0,0
1996.0,,Female,No,1.0,316.0,,,6.0,2.0,1.0,Masters,915028177501,,S,10.0,2017.0,3.0,0
1998.0,Нет,,No,1.0,,Лев,29.0,6.0,,0.0,Bachelors,916975229506,Pune,S,15.0,2017.0,2.0,0
1998.0,Нет,,No,1.0,196.0,,29.0,6.0,2.0,0.0,Bachelors,916975229506,Pune,S,15.0,,2.0,0
1996.0,Нет,Male,,1.0,458.0,Скорпион,29.0,,1.0,,Masters,911508262248,,L,8.0,,3.0,0
1996.0,,Male,,1.0,458.0,Скорпион,29.0,1.0,1.0,1.0,Masters,911508262248,New Delhi,,8.0,2014.0,3.0,0
1996.0,Нет,Male,No,1.0,458.0,Скорпион,,1.0,1.0,1.0,Masters,911508262248,New Delhi,,8.0,2014.0,3.0,0
1996.0,Нет,Male,No,,458.0,Скорпион,29.0,,1.0,1.0,Masters,911508262248,New Delhi,,8.0,,3.0,0
1996.0,Нет,Male,No,1.0,458.0,Скорпион,29.0,1.0,1.0,1.0,Masters,911508262248,New Delhi,L,8.0,,3.0,0
1995.0,Да,Female,,2.0,421.0,Телец,,,2.0,1.0,Bachelors,916483005273,Pune,M,1.0,2015.0,1.0,1
1995.0,Да,Male,No,2.0,120.0,Овен,30.0,2.0,3.0,1.0,Bachelors,911282214752,Bangalore,M,,2014.0,,1
,,,No,,120.0,Овен,30.0,2.0,3.0,1.0,Bachelors,911282214752,Bangalore,M,8.0,2014.0,3.0,1
1995.0,Да,Male,No,2.0,120.0,Овен,30.0,2.0,3.0,1.0,Bachelors,911282214752,Bangalore,M,,2014.0,3.0,1
1995.0,,Male,No,,120.0,,30.0,2.0,3.0,1.0,Bachelors,911282214752,Bangalore,,8.0,,3.0,1
1997.0,Нет,Female,No,,46.0,,,,,,Masters,919931705531,,M,14.0,2018.0,1.0,0
1997.0,Нет,Female,No,2.0,46.0,Водолей,30.0,6.0,1.0,1.0,,919931705531,New Delhi,,14.0,2018.0,1.0,0
1997.0,Нет,,No,2.0,46.0,Водолей,,,1.0,1.0,Masters,919931705531,New Delhi,M,14.0,2018.0,1.0,0
1999.0,Нет,Female,No,2.0,443.0,Козерог,28.0,9.0,1.0,1.0,Bachelors,912568207090,Bangalore,M,8.0,2014.0,1.0,0
1996.0,Нет,Female,No,1.0,15.0,Рак,30.0,10.0,,1.0,Bachelors,915483507720,Bangalore,XL,3.0,2016.0,1.0,0
1996.0,Нет,Female,,1.0,,,30.0,10.0,3.0,1.0,Bachelors,915483507720,Bangalore,,,,1.0,0
1998.0,Нет,Male,,5.0,477.0,Лев,27.0,7.0,,1.0,PHD,915735144211,Pune,XL,14.0,2015.0,2.0,0
1995.0,Нет,,Yes,2.0,296.0,Рак,30.0,,2.0,,Masters,912108518975,New Delhi,S,7.0,2017.0,1.0,0
1995.0,Нет,Female,Yes,2.0,296.0,Рак,30.0,2.0,2.0,0.0,Masters,912108518975,New Delhi,S,7.0,2017.0,1.0,0
1995.0,Нет,Female,Yes,2.0,296.0,Рак,30.0,2.0,,0.0,Masters,912108518975,New Delhi,S,,2017.0,,0
1995.0,Нет,Female,No,2.0,431.0,,30.0,2.0,,0.0,PHD,919084055565,New Delhi,XS,3.0,2013.0,4.0,0
1996.0,Да,Male,No,2.0,459.0,Скорпион,29.0,9.0,3.0,1.0,Bachelors,918442515459,Bangalore,,9.0,2015.0,2.0,1
,Да,Male,No,2.0,459.0,,,9.0,3.0,,Bachelors,918442515459,Bangalore,M,9.0,2015.0,2.0,1
1996.0,Да,Male,No,2.0,459.0,,29.0,9.0,3.0,1.0,Bachelors,918442515459,Bangalore,M,9.0,2015.0,2.0,1
1995.0,Нет,,No,2.0,476.0,Козерог,30.0,,3.0,1.0,,919808342237,Pune,M,5.0,2014.0,3.0,0
1995.0,Нет,Male,No,,476.0,Козерог,30.0,,3.0,1.0,Masters,919808342237,Pune,M,5.0,,3.0,0
,Нет,Male,,2.0,476.0,,30.0,4.0,,1.0,Masters,919808342237,Pune,,5.0,2014.0,,0
,Нет,Male,No,2.0,476.0,Козерог,30.0,4.0,3.0,1.0,Masters,919808342237,Pune,M,5.0,2014.0,,0
1995.0,,,No,2.0,476.0,Козерог,30.0,4.0,,,Masters,919808342237,,,,2014.0,3.0,0
1995.0,,Male,Yes,2.0,392.0,,30.0,2.0,2.0,,Masters,914756852000,Pune,L,6.0,2017.0,3.0,0
1995.0,Нет,Male,Yes,2.0,,Козерог,30.0,2.0,2.0,1.0,,914756852000,Pune,L,6.0,2017.0,3.0,0
1995.0,Нет,Male,Yes,2.0,392.0,Козерог,30.0,2.0,,,Masters,914756852000,Pune,L,6.0,2017.0,3.0,0
1995.0,Нет,Male,Yes,2.0,,Козерог,30.0,2.0,,1.0,Masters,914756852000,Pune,L,6.0,2017.0,3.0,0
1995.0,Нет,,Yes,,392.0,,30.0,2.0,2.0,1.0,Masters,914756852000,,,6.0,2017.0,3.0,0
1998.0,Да,Female,,1.0,342.0,Рыбы,29.0,4.0,2.0,0.0,,912285555780,Pune,XS,7.0,2015.0,1.0,1
1998.0,,,No,1.0,,Рыбы,29.0,2.0,,1.0,Bachelors,917060697789,,M,,,1.0,1
1998.0,Да,Female,No,1.0,267.0,Рыбы,29.0,2.0,2.0,1.0,Bachelors,917060697789,Pune,M,4.0,2017.0,1.0,1
1998.0,Да,Female,No,1.0,168.0,,29.0,10.0,,,,915502702305,Bangalore,XL,12.0,2014.0,4.0,1
1998.0,Да,,,1.0,,Овен,29.0,10.0,3.0,,Bachelors,915502702305,Bangalore,XL,12.0,2014.0,4.0,1
1998.0,,Female,No,1.0,168.0,Овен,29.0,,3.0,1.0,Bachelors,915502702305,Bangalore,XL,12.0,2014.0,4.0,1
1998.0,Да,Female,No,,168.0,Овен,29.0,10.0,3.0,1.0,Bachelors,915502702305,,XL,12.0,2014.0,,1
1995.0,Да,Female,No,2.0,,Козерог,,7.0,,0.0,,915164424809,Pune,M,15.0,,2.0,1
1995.0,Да,Female,No,2.0,357.0,,,,2.0,,Masters,915164424809,Pune,M,15.0,2015.0,2.0,1
1996.0,Нет,Female,No,1.0,,Лев,,,,1.0,Masters,911280924941,,M,4.0,,4.0,0
1996.0,Нет,Female,No,1.0,276.0,,29.0,0.0,2.0,1.0,Masters,911280924941,Pune,M,4.0,2015.0,,0
,Нет,Female,No,1.0,276.0,Лев,29.0,0.0,,,Masters,911280924941,Pune,M,,2015.0,,0
1996.0,Нет,Female,No,1.0,,Лев,29.0,0.0,2.0,1.0,Masters,911280924941,Pune,M,4.0,,,0
2001.0,Нет,Male,No,4.0,311.0,Водолей,26.0,6.0,3.0,0.0,Masters,913324097639,Bangalore,,3.0,2015.0,4.0,1
2001.0,,,No,,,Водолей,26.0,6.0,3.0,,Masters,913324097639,Bangalore,,,2015.0,4.0,1
1996.0,Нет,,,1.0,,Рак,29.0,8.0,3.0,1.0,Bachelors,916684048422,Bangalore,S,10.0,2017.0,1.0,0
1996.0,Нет,Female,No,2.0,302.0,Водолей,29.0,6.0,3.0,1.0,Bachelors,911552540375,,,13.0,2014.0,2.0,0
1998.0,Нет,,,2.0,139.0,,,1.0,2.0,,,914579792726,,M,6.0,2017.0,1.0,0
1999.0,Да,Female,,5.0,225.0,Лев,27.0,1.0,3.0,0.0,Masters,914597888488,New Delhi,,0.0,,3.0,1
1999.0,Да,Female,,5.0,225.0,,27.0,1.0,,,Masters,914597888488,New Delhi,XS,0.0,2013.0,3.0,1
,Да,,No,5.0,225.0,Лев,27.0,1.0,,,Masters,914597888488,,,0.0,2013.0,3.0,1
1999.0,Да,Female,No,5.0,225.0,Лев,27.0,,3.0,0.0,Masters,914597888488,New Delhi,XS,0.0,2013.0,3.0,1
,Да,Female,No,5.0,225.0,Лев,27.0,1.0,3.0,0.0,,914597888488,New Delhi,,0.0,2013.0,3.0,1
2000.0,Да,Male,Yes,,56.0,Лев,27.0,,3.0,1.0,Masters,913308554870,New Delhi,,4.0,2017.0,2.0,1
2000.0,Да,,Yes,5.0,56.0,Лев,27.0,,,1.0,Masters,913308554870,New Delhi,XL,4.0,2017.0,2.0,1
1995.0,Нет,,No,2.0,26.0,Рак,30.0,,3.0,1.0,Bachelors,915855118097,Bangalore,,8.0,,4.0,0
1995.0,Нет,Male,No,,26.0,Рак,30.0,8.0,3.0,1.0,Bachelors,915855118097,,M,8.0,,4.0,0
1995.0,Нет,Male,No,2.0,26.0,Рак,30.0,8.0,3.0,1.0,Bachelors,915855118097,Bangalore,M,8.0,2013.0,4.0,0
1999.0,Да,Female,No,5.0,467.0,Лев,27.0,,,,,917727268164,Bangalore,XXL,10.0,2015.0,,1
1999.0,Да,,No,,,Лев,27.0,5.0,2.0,0.0,Bachelors,917727268164,Bangalore,XXL,10.0,2015.0,4.0,1
1999.0,Да,,No,5.0,467.0,Лев,,5.0,,0.0,,917727268164,Bangalore,,10.0,2015.0,,1
1999.0,Да,Female,No,5.0,467.0,Лев,27.0,,2.0,0.0,Bachelors,917727268164,Bangalore,XXL,10.0,2015.0,4.0,1
1999.0,Да,Female,No,5.0,467.0,Лев,27.0,5.0,,0.0,Bachelors,917727268164,Bangalore,XXL,10.0,2015.0,4.0,1
1996.0,Нет,Male,No,,,,30.0,1.0,3.0,1.0,Bachelors,916338757528,Bangalore,M,1.0,,3.0,1
,Нет,Male,No,2.0,475.0,Овен,30.0,1.0,3.0,1.0,Bachelors,916338757528,Bangalore,M,1.0,2015.0,3.0,1
1996.0,Нет,Male,No,2.0,475.0,Овен,30.0,,3.0,1.0,Bachelors,916338757528,Bangalore,M,,2015.0,3.0,1
1996.0,,Male,No,2.0,475.0,,30.0,1.0,,,Bachelors,916338757528,,,1.0,2015.0,3.0,1
1995.0,Да,Male,,,281.0,Весы,30.0,,3.0,0.0,Bachelors,912282741782,Bangalore,S,5.0,,2.0,1
1995.0,,Male,No,2.0,281.0,,30.0,0.0,3.0,,Bachelors,912282741782,Bangalore,S,5.0,,2.0,1
1995.0,Да,Male,No,2.0,,Весы,,0.0,3.0,,Bachelors,912282741782,Bangalore,S,5.0,,2.0,1
1995.0,Да,Male,No,2.0,281.0,,30.0,,,0.0,Bachelors,912282741782,Bangalore,S,5.0,2017.0,,1
1995.0,Да,Male,No,2.0,,Весы,30.0,0.0,3.0,,,912282741782,Bangalore,S,5.0,,2.0,1
1997.0,,Female,No,2.0,437.0,Козерог,30.0,8.0,2.0,1.0,Bachelors,918150764793,Pune,S,,2016.0,,1
1997.0,Да,Female,,2.0,,Козерог,,8.0,,1.0,Bachelors,918150764793,Pune,S,9.0,2016.0,2.0,1
1997.0,Да,Female,No,2.0,437.0,Козерог,,,,1.0,Bachelors,918150764793,,,9.0,,,1
1997.0,Да,Female,No,2.0,437.0,Козерог,30.0,8.0,2.0,1.0,,918150764793,Pune,S,9.0,2016.0,2.0,1
,Да,Female,No,2.0,437.0,,30.0,8.0,2.0,1.0,Bachelors,918150764793,Pune,S,,2016.0,2.0,1
,Нет,Female,No,5.0,332.0,Дева,27.0,1.0,1.0,1.0,Masters,913481433489,Pune,M,15.0,,2.0,0
,,,,5.0,465.0,Рак,27.0,1.0,,1.0,Bachelors,918365257725,Pune,L,,,,1
,Нет,Female,,5.0,184.0,Весы,37.0,,3.0,0.0,Bachelors,912297972865,Bangalore,S,6.0,2013.0,3.0,0
1991.0,Да,Female,No,2.0,285.0,,35.0,7.0,2.0,1.0,Masters,914829279122,New Delhi,XS,9.0,2017.0,1.0,1
1991.0,Да,Female,No,2.0,285.0,Стрелец,35.0,7.0,2.0,,Masters,914829279122,New Delhi,XS,9.0,2017.0,1.0,1
1991.0,Да,Female,No,2.0,285.0,Стрелец,,7.0,2.0,1.0,,914829279122,New Delhi,XS,9.0,2017.0,1.0,1
,,,No,2.0,285.0,Стрелец,35.0,7.0,,,,914829279122,New Delhi,,9.0,2017.0,1.0,1
1991.0,Да,Female,No,,285.0,Стрелец,35.0,,2.0,1.0,,914829279122,,,9.0,,1.0,1
1990.0,,,No,5.0,481.0,,36.0,10.0,3.0,0.0,,915229756839,,L,4.0,2017.0,2.0,0
1990.0,,,No,5.0,481.0,Рыбы,36.0,,3.0,0.0,Bachelors,915229756839,Bangalore,L,,2017.0,2.0,0
1990.0,,Male,No,5.0,481.0,,36.0,10.0,3.0,0.0,Bachelors,915229756839,Bangalore,L,4.0,2017.0,2.0,0
1985.0,Нет,Male,No,0.0,418.0,Водолей,41.0,9.0,3.0,1.0,,918787026273,,M,,2013.0,4.0,0
,Нет,,No,0.0,418.0,Водолей,41.0,9.0,,1.0,Masters,918787026273,New Delhi,,5.0,2013.0,4.0,0
1985.0,Нет,Male,No,0.0,,Водолей,41.0,9.0,3.0,1.0,Masters,918787026273,New Delhi,M,5.0,2013.0,4.0,0
1985.0,Нет,Male,No,0.0,,,41.0,9.0,3.0,1.0,,918787026273,,M,5.0,2013.0,4.0,0
1985.0,Нет,,No,0.0,,Водолей,,,3.0,1.0,Masters,918787026273,New Delhi,M,5.0,2013.0,4.0,0
1989.0,Да,Male,No,2.0,82.0,Весы,38.0,1.0,3.0,1.0,Bachelors,911049299726,Bangalore,L,13.0,,2.0,1
1993.0,Нет,Male,,,123.0,,34.0,2.0,,0.0,Bachelors,916595256293,,,,2015.0,4.0,0
1993.0,Нет,Male,No,1.0,386.0,Козерог,34.0,,3.0,1.0,Bachelors,919857547373,Bangalore,XL,9.0,2012.0,4.0,0
,Нет,Male,No,1.0,386.0,,,,3.0,1.0,,919857547373,Bangalore,XL,,2012.0,4.0,0
1993.0,Нет,Male,No,1.0,,Козерог,34.0,0.0,3.0,1.0,Bachelors,919857547373,Bangalore,XL,,2012.0,4.0,0
,Нет,Male,No,1.0,,Козерог,,0.0,3.0,1.0,,919857547373,Bangalore,XL,9.0,2012.0,4.0,0
1992.0,Нет,Male,Yes,5.0,5.0,Весы,35.0,1.0,3.0,1.0,,915152138670,Pune,,,2015.0,,0
1992.0,Нет,Male,Yes,5.0,5.0,Весы,35.0,1.0,3.0,1.0,Bachelors,915152138670,Pune,,9.0,,1.0,0
1992.0,Нет,Male,,5.0,5.0,Весы,35.0,1.0,3.0,1.0,,915152138670,Pune,,9.0,2015.0,1.0,0
1992.0,Нет,,Yes,5.0,5.0,,35.0,1.0,3.0,1.0,,915152138670,Pune,L,9.0,2015.0,1.0,0
1987.0,,Female,,2.0,,Рак,39.0,,,0.0,,919350826410,,S,12.0,,5.0,0
,,Male,No,3.0,,Весы,41.0,,3.0,0.0,Bachelors,914079398715,Bangalore,,9.0,,3.0,0
1985.0,,Male,No,3.0,124.0,Весы,,10.0,,,Bachelors,914079398715,Bangalore,,9.0,2012.0,3.0,0
,Нет,,No,3.0,,,41.0,10.0,3.0,0.0,Bachelors,914079398715,Bangalore,M,9.0,,3.0,0
1985.0,Нет,Male,No,,124.0,Весы,,10.0,3.0,0.0,Bachelors,914079398715,Bangalore,M,,2012.0,3.0,0
,Да,Male,Yes,2.0,193.0,Скорпион,34.0,10.0,,1.0,Bachelors,916290501945,Bangalore,M,,2018.0,1.0,1
,Да,Male,Yes,2.0,193.0,,34.0,10.0,3.0,1.0,,916290501945,Bangalore,M,6.0,2018.0,1.0,1
1993.0,Да,Male,Yes,2.0,193.0,Скорпион,34.0,10.0,,1.0,Bachelors,916290501945,Bangalore,M,6.0,2018.0,1.0,1
,,Male,Yes,2.0,,,34.0,,3.0,1.0,Bachelors,916290501945,Bangalore,M,6.0,2018.0,1.0,1
1993.0,,,,,,,34.0,10.0,3.0,1.0,,916290501945,Bangalore,M,6.0,2018.0,1.0,1
1992.0,Нет,Female,No,,306.0,Весы,,4.0,2.0,1.0,,915073788059,Pune,S,10.0,2015.0,3.0,0
1992.0,Нет,,No,,306.0,,35.0,4.0,,1.0,Masters,915073788059,Pune,,10.0,,3.0,0
1992.0,Нет,Female,No,1.0,,Весы,35.0,4.0,2.0,,Masters,915073788059,,S,10.0,2015.0,3.0,0
1993.0,,Male,No,2.0,482.0,,33.0,,3.0,0.0,Bachelors,915787941608,Bangalore,L,,2012.0,4.0,0
1993.0,Нет,,No,2.0,482.0,Стрелец,33.0,,,0.0,,915787941608,Bangalore,L,7.0,2012.0,,0
1993.0,Нет,Male,No,2.0,,Стрелец,33.0,2.0,3.0,,Bachelors,915787941608,Bangalore,,7.0,2012.0,4.0,0
1988.0,Нет,Male,No,3.0,,,39.0,2.0,3.0,0.0,Bachelors,915357407708,Bangalore,L,2.0,2015.0,1.0,0
1992.0,,Male,,2.0,269.0,Лев,35.0,7.0,2.0,0.0,,912310437179,New Delhi,XL,,2017.0,4.0,0
1996.0,,Female,No,0.0,297.0,Рыбы,31.0,0.0,2.0,1.0,Bachelors,917070533508,New Delhi,M,8.0,2017.0,1.0,0
,Нет,,No,0.0,,,,,2.0,1.0,Bachelors,917070533508,New Delhi,M,8.0,2017.0,1.0,0
,Нет,Female,No,,297.0,Рыбы,31.0,0.0,,1.0,Bachelors,917070533508,,M,8.0,2017.0,,0
1996.0,,Female,No,0.0,297.0,Рыбы,31.0,0.0,2.0,1.0,Bachelors,917070533508,New Delhi,M,8.0,2017.0,1.0,0
1992.0,Нет,,,4.0,170.0,Дева,34.0,,3.0,1.0,Bachelors,914809371030,,,,2016.0,1.0,0
1987.0,Нет,Female,Yes,5.0,212.0,,40.0,1.0,3.0,0.0,Bachelors,914777041076,Bangalore,M,12.0,2013.0,1.0,0
1987.0,Нет,Female,Yes,5.0,212.0,Овен,40.0,,3.0,0.0,Bachelors,914777041076,Bangalore,M,12.0,2013.0,,0
1987.0,Нет,Female,Yes,5.0,212.0,Овен,,1.0,3.0,0.0,Bachelors,914777041076,Bangalore,M,12.0,2013.0,1.0,0
,Нет,Female,Yes,5.0,212.0,Овен,40.0,1.0,3.0,,,914777041076,Bangalore,M,12.0,2013.0,1.0,0
1987.0,Нет,Female,Yes,5.0,212.0,,40.0,1.0,3.0,0.0,Bachelors,914777041076,Bangalore,M,,2013.0,1.0,0
1994.0,Нет,Female,No,4.0,231.0,Лев,31.0,2.0,,0.0,Bachelors,911567458938,New Delhi,M,7.0,2016.0,1.0,0
1994.0,Нет,Female,No,4.0,231.0,Лев,31.0,,3.0,0.0,,911567458938,,,,2016.0,1.0,0
1994.0,Нет,Female,No,4.0,,Лев,31.0,2.0,,0.0,Bachelors,911567458938,New Delhi,M,7.0,2016.0,1.0,0
1994.0,Нет,Female,No,4.0,231.0,Лев,31.0,2.0,3.0,0.0,Bachelors,911567458938,New Delhi,M,7.0,2016.0,,0
1994.0,Нет,Female,No,4.0,231.0,Лев,31.0,2.0,3.0,,Bachelors,911567458938,,M,7.0,2016.0,1.0,0
,Нет,Male,No,3.0,335.0,Дева,33.0,,3.0,,,911209255587,Pune,,5.0,,3.0,0
1993.0,Нет,Male,No,,,Дева,,,3.0,0.0,Bachelors,911209255587,Pune,S,5.0,2016.0,3.0,0
1993.0,Нет,,No,,,Дева,,0.0,3.0,0.0,Bachelors,911209255587,Pune,S,5.0,2016.0,,0
,,Male,,3.0,335.0,Дева,33.0,0.0,3.0,0.0,Bachelors,911209255587,Pune,S,5.0,,3.0,0
1993.0,Нет,Male,,5.0,115.0,Овен,,10.0,3.0,,,912185376695,Bangalore,,13.0,2013.0,3.0,0
1996.0,Да,Male,No,4.0,119.0,,31.0,,2.0,0.0,Masters,916532396366,New Delhi,M,13.0,2017.0,3.0,1
1988.0,Нет,Male,No,2.0,,Водолей,,1.0,3.0,1.0,Bachelors,915546558469,Bangalore,XL,8.0,,1.0,0
1988.0,Нет,Male,No,2.0,184.0,,39.0,1.0,3.0,1.0,Bachelors,915546558469,Bangalore,,8.0,2014.0,1.0,0
1988.0,,Male,No,2.0,184.0,,39.0,1.0,3.0,1.0,Bachelors,915546558469,,XL,8.0,2014.0,,0
1988.0,Нет,Male,No,2.0,184.0,,39.0,1.0,,,Bachelors,915546558469,Bangalore,XL,8.0,2014.0,1.0,0
,,Male,No,2.0,,Водолей,,,3.0,1.0,Bachelors,915546558469,Bangalore,XL,8.0,,1.0,0
1993.0,Да,Male,No,1.0,,Весы,,2.0,,0.0,,913632372244,Bangalore,S,5.0,,1.0,1
,,,No,1.0,179.0,,33.0,2.0,3.0,0.0,,913632372244,Bangalore,,5.0,,1.0,1
1993.0,Да,Male,No,1.0,179.0,Весы,,,3.0,0.0,Bachelors,913632372244,Bangalore,S,5.0,2016.0,1.0,1
1986.0,Нет,Female,No,,25.0,,40.0,5.0,3.0,1.0,,919148648167,Bangalore,M,7.0,2014.0,5.0,0
1986.0,Нет,,,4.0,,Рак,40.0,5.0,3.0,1.0,Bachelors,919148648167,Bangalore,M,7.0,2014.0,5.0,0
1986.0,,Female,No,4.0,,Рак,40.0,,3.0,1.0,Bachelors,919148648167,Bangalore,,7.0,,,0
1986.0,Да,Male,,0.0,213.0,,39.0,,3.0,1.0,Bachelors,914824890534,Bangalore,S,13.0,2016.0,5.0,1
,Да,,No,0.0,213.0,,,9.0,3.0,1.0,,914824890534,Bangalore,S,13.0,2016.0,5.0,1
1986.0,,Male,No,0.0,213.0,Овен,39.0,9.0,3.0,1.0,,914824890534,Bangalore,S,13.0,2016.0,5.0,1
1986.0,,Male,No,0.0,213.0,Овен,39.0,9.0,,1.0,Bachelors,914824890534,Bangalore,S,13.0,2016.0,5.0,1
1986.0,Да,Male,No,0.0,,,39.0,9.0,3.0,,Bachelors,914824890534,Bangalore,S,13.0,2016.0,,1
1991.0,Нет,Male,Yes,2.0,279.0,Дева,35.0,10.0,3.0,1.0,Bachelors,919314156116,Bangalore,L,4.0,2017.0,1.0,0
1991.0,,Male,Yes,2.0,279.0,Дева,,,,1.0,Bachelors,919314156116,Bangalore,L,4.0,2017.0,1.0,0
1991.0,,Male,Yes,2.0,279.0,Дева,,10.0,3.0,1.0,Bachelors,919314156116,Bangalore,L,4.0,2017.0,,0
1994.0,,Male,No,1.0,23.0,Рыбы,32.0,2.0,,0.0,Bachelors,916242375668,,M,9.0,2017.0,1.0,0
1994.0,Нет,Male,No,1.0,,,,2.0,3.0,0.0,Bachelors,916242375668,Bangalore,M,9.0,2017.0,1.0,0
1994.0,Нет,Male,No,1.0,23.0,Рыбы,32.0,2.0,3.0,,Bachelors,916242375668,Bangalore,M,9.0,,1.0,0
,,,No,,23.0,Рыбы,32.0,2.0,3.0,0.0,,916242375668,Bangalore,M,9.0,,,0
1994.0,,,No,,23.0,,32.0,2.0,3.0,0.0,,916242375668,Bangalore,,9.0,2017.0,1.0,0
1993.0,Нет,Female,No,5.0,136.0,Стрелец,34.0,2.0,2.0,,Bachelors,919461689861,Pune,,,2015.0,5.0,1
1993.0,Нет,Female,No,5.0,136.0,Стрелец,34.0,2.0,2.0,,Bachelors,919461689861,Pune,S,7.0,2015.0,5.0,1
,Нет,,No,5.0,136.0,Стрелец,34.0,2.0,2.0,1.0,Bachelors,919461689861,Pune,S,7.0,2015.0,5.0,1
1987.0,Нет,Female,No,4.0,92.0,Скорпион,,6.0,3.0,0.0,Bachelors,915370303267,Bangalore,M,2.0,2017.0,2.0,0
1987.0,Нет,,,4.0,92.0,,,6.0,3.0,,Bachelors,915370303267,Bangalore,M,2.0,2017.0,2.0,0
,Нет,,No,4.0,92.0,Скорпион,40.0,6.0,3.0,0.0,Bachelors,915370303267,,M,2.0,,,0
1987.0,Нет,Female,No,4.0,92.0,Скорпион,40.0,,3.0,0.0,Bachelors,915370303267,Bangalore,M,2.0,2017.0,2.0,0
1987.0,Нет,Female,No,4.0,92.0,Скорпион,40.0,6.0,3.0,0.0,Bachelors,915370303267,Bangalore,,2.0,2017.0,2.0,0
1994.0,Да,Male,No,,365.0,,33.0,4.0,3.0,0.0,Masters,919981776954,Pune,M,2.0,2017.0,1.0,1
1989.0,Да,Female,No,0.0,46.0,Овен,36.0,2.0,2.0,0.0,Bachelors,914882069899,,M,4.0,,5.0,1
1989.0,Да,,No,,46.0,Овен,36.0,2.0,2.0,0.0,Bachelors,914882069899,Pune,M,4.0,2015.0,5.0,1
1988.0,Да,Male,No,3.0,287.0,Водолей,,8.0,3.0,1.0,,915339335815,Bangalore,M,9.0,2018.0,2.0,1
1988.0,Да,Male,No,3.0,287.0,,39.0,,3.0,1.0,Masters,915339335815,Bangalore,M,9.0,,2.0,1
1988.0,Да,Male,No,3.0,287.0,Водолей,39.0,8.0,3.0,1.0,Masters,915339335815,Bangalore,M,9.0,2018.0,,1
1988.0,,,No,,287.0,Водолей,,,3.0,1.0,Masters,915339335815,,M,9.0,2018.0,2.0,1
,Да,Male,No,3.0,,Водолей,39.0,8.0,3.0,1.0,Masters,915339335815,,M,9.0,,2.0,1
1988.0,Да,Female,No,5.0,0.0,Водолей,,4.0,3.0,1.0,Bachelors,919928872408,Bangalore,M,11.0,2012.0,2.0,1
,Да,Female,No,,,,,,3.0,,Bachelors,919928872408,Bangalore,M,11.0,2012.0,2.0,1
1988.0,Да,Female,No,5.0,0.0,Водолей,,4.0,3.0,1.0,Bachelors,919928872408,Bangalore,M,,2012.0,2.0,1
,,Female,No,,,Водолей,37.0,4.0,3.0,1.0,Bachelors,919928872408,Bangalore,M,,2012.0,2.0,1
,Да,,No,1.0,444.0,Козерог,36.0,0.0,3.0,0.0,Bachelors,912223107810,Bangalore,XXL,5.0,,,1
1989.0,Да,Male,No,1.0,444.0,Козерог,36.0,0.0,,0.0,Bachelors,912223107810,Bangalore,XXL,,2018.0,1.0,1
1989.0,Да,Male,,,444.0,Козерог,36.0,0.0,3.0,0.0,Bachelors,912223107810,Bangalore,XXL,5.0,,1.0,1
,Да,,No,1.0,444.0,Козерог,36.0,0.0,3.0,0.0,,912223107810,,,5.0,,1.0,1
1987.0,Нет,Male,No,2.0,104.0,Стрелец,,3.0,2.0,1.0,Bachelors,917892551018,New Delhi,M,2.0,,,0
1987.0,,Male,,2.0,104.0,Стрелец,39.0,3.0,,1.0,Bachelors,917892551018,,M,2.0,2017.0,4.0,0
1987.0,Нет,,,2.0,,Стрелец,,3.0,2.0,1.0,,917892551018,New Delhi,M,2.0,2017.0,4.0,0
1987.0,Нет,,No,2.0,,Стрелец,39.0,,2.0,1.0,Bachelors,917892551018,New Delhi,M,2.0,2017.0,4.0,0
1991.0,Да,Female,Yes,4.0,169.0,Телец,,,,,Bachelors,919264854990,Pune,M,4.0,2015.0,,1
1991.0,Да,,Yes,4.0,169.0,Телец,35.0,0.0,2.0,1.0,Bachelors,919264854990,Pune,M,4.0,2015.0,,1
,Да,Female,,4.0,169.0,,35.0,0.0,2.0,1.0,Bachelors,919264854990,,M,4.0,2015.0,4.0,1
1991.0,Да,Female,Yes,4.0,169.0,Телец,35.0,0.0,,1.0,Bachelors,919264854990,,M,4.0,2015.0,4.0,1
1986.0,Да,Male,No,2.0,410.0,Лев,41.0,6.0,3.0,,Masters,913837975904,New Delhi,L,6.0,2018.0,1.0,1
1996.0,Нет,Male,No,5.0,104.0,Стрелец,31.0,6.0,3.0,0.0,Bachelors,911430625620,,S,2.0,2012.0,2.0,0
1996.0,Нет,Male,No,,104.0,Стрелец,31.0,6.0,3.0,0.0,Bachelors,911430625620,Pune,S,2.0,2012.0,2.0,0
,,Male,No,5.0,,Стрелец,31.0,6.0,3.0,,Bachelors,911430625620,Pune,S,2.0,2012.0,2.0,0
,Нет,,No,5.0,104.0,Стрелец,31.0,6.0,3.0,0.0,,911430625620,Pune,,2.0,2012.0,2.0,0
1991.0,Да,Female,Yes,0.0,,Близнецы,36.0,8.0,2.0,1.0,Bachelors,912221199673,Pune,,7.0,,5.0,1
1991.0,Да,Female,Yes,0.0,,Близнецы,,8.0,2.0,1.0,Bachelors,912221199673,Pune,L,7.0,2015.0,5.0,1
1988.0,Да,Male,No,2.0,234.0,Рак,37.0,2.0,3.0,1.0,Bachelors,915743757727,Bangalore,M,9.0,2017.0,3.0,1
1986.0,Да,Female,No,,2.0,Дева,39.0,9.0,2.0,1.0,Bachelors,918558452958,Pune,S,,2015.0,1.0,1
1986.0,Да,Female,No,4.0,2.0,Дева,39.0,9.0,2.0,,Bachelors,918558452958,Pune,S,8.0,2015.0,1.0,1
1993.0,Нет,Male,No,,447.0,,34.0,1.0,3.0,0.0,Bachelors,912536699792,Pune,XL,5.0,2012.0,1.0,0
,Нет,Male,,2.0,447.0,Рак,,1.0,3.0,0.0,Bachelors,912536699792,Pune,XL,5.0,,1.0,0
1993.0,,Male,No,2.0,447.0,Рак,34.0,1.0,3.0,,Bachelors,912536699792,Pune,XL,5.0,,1.0,0
1993.0,Нет,Male,No,,447.0,Рак,34.0,1.0,3.0,0.0,Bachelors,912536699792,Pune,XL,5.0,2012.0,1.0,0
,Нет,Male,No,2.0,447.0,Рак,34.0,,,0.0,Bachelors,912536699792,Pune,XL,,2012.0,,0
1992.0,Нет,,No,,,Козерог,35.0,4.0,,1.0,Bachelors,917200944757,,M,9.0,,2.0,0
,Нет,,No,2.0,371.0,Весы,40.0,2.0,,1.0,Bachelors,912845274457,Bangalore,M,,2015.0,1.0,0
1985.0,,Female,No,2.0,371.0,Весы,,2.0,3.0,,Bachelors,912845274457,Bangalore,M,12.0,,1.0,0
1985.0,Нет,,No,2.0,371.0,Весы,40.0,2.0,3.0,1.0,Bachelors,912845274457,Bangalore,M,,2015.0,1.0,0
1986.0,,Female,No,1.0,477.0,Лев,39.0,7.0,3.0,,Bachelors,911119933019,Bangalore,M,,,1.0,0
1986.0,Нет,,No,1.0,477.0,Лев,,7.0,,1.0,Bachelors,911119933019,Bangalore,M,,2016.0,,0
1986.0,Нет,,,1.0,477.0,Лев,39.0,,3.0,1.0,Bachelors,911119933019,Bangalore,M,13.0,2016.0,1.0,0
1986.0,Нет,Female,No,1.0,,Лев,39.0,,3.0,1.0,Bachelors,911119933019,Bangalore,M,,2016.0,1.0,0
1986.0,,,No,,477.0,Лев,39.0,7.0,3.0,1.0,Bachelors,911119933019,Bangalore,M,13.0,2016.0,1.0,0
1986.0,Нет,Female,No,1.0,325.0,Дева,,5.0,,1.0,Bachelors,915865420135,Bangalore,,13.0,2017.0,2.0,0
1986.0,Нет,Female,No,,325.0,Дева,39.0,5.0,3.0,1.0,Bachelors,915865420135,Bangalore,S,,,2.0,0
1986.0,Нет,Female,No,,325.0,Дева,39.0,5.0,3.0,1.0,,915865420135,Bangalore,,13.0,,2.0,0
1986.0,Нет,Female,No,1.0,325.0,Дева,39.0,5.0,3.0,,Bachelors,915865420135,Bangalore,,,2017.0,2.0,0
1984.0,Да,Female,No,3.0,12.0,Водолей,,7.0,3.0,,Bachelors,915042963132,Pune,,0.0,2015.0,3.0,1
1984.0,,Female,,3.0,12.0,,41.0,,3.0,0.0,Bachelors,915042963132,,M,0.0,2015.0,3.0,1
1984.0,Да,Female,No,3.0,12.0,,41.0,7.0,3.0,,Bachelors,915042963132,Pune,M,0.0,2015.0,,1
1985.0,,Male,,2.0,241.0,,,9.0,3.0,1.0,,911414863157,,,15.0,2012.0,3.0,0
1985.0,Нет,,,2.0,241.0,,40.0,9.0,3.0,1.0,Bachelors,911414863157,Pune,L,15.0,2012.0,3.0,0
1991.0,Нет,Male,No,3.0,,Дева,36.0,,1.0,0.0,,919319887021,Bangalore,,10.0,2012.0,1.0,0
,Нет,Female,No,2.0,4.0,Стрелец,33.0,,2.0,0.0,,915730609809,,S,10.0,,2.0,0
,Нет,Female,No,2.0,4.0,,33.0,,2.0,0.0,Bachelors,915730609809,New Delhi,,,2017.0,2.0,0
1993.0,Нет,Female,No,,4.0,Стрелец,33.0,,2.0,0.0,Bachelors,915730609809,New Delhi,S,10.0,2017.0,,0
1993.0,Нет,Male,No,2.0,371.0,,33.0,,3.0,0.0,Masters,915904197495,New Delhi,L,12.0,2014.0,4.0,0
,Да,,No,2.0,204.0,Стрелец,,,3.0,0.0,Masters,917247021804,New Delhi,,3.0,2018.0,4.0,1
1986.0,Да,Male,,2.0,204.0,Стрелец,40.0,,3.0,,,917247021804,New Delhi,L,3.0,2018.0,4.0,1
1986.0,Да,,No,2.0,204.0,Стрелец,,9.0,3.0,0.0,,917247021804,New Delhi,,3.0,2018.0,4.0,1
,Да,Male,,2.0,204.0,Стрелец,40.0,9.0,3.0,0.0,Masters,917247021804,New Delhi,L,,2018.0,4.0,1
1991.0,Да,Female,No,2.0,147.0,,34.0,8.0,2.0,,,919272349821,,XS,3.0,2015.0,3.0,1
1991.0,Да,Female,No,,,Весы,34.0,8.0,2.0,,Bachelors,919272349821,Pune,XS,3.0,,3.0,1
1991.0,,Female,No,2.0,147.0,Весы,,,2.0,1.0,Bachelors,919272349821,Pune,XS,3.0,2015.0,3.0,1
1993.0,Нет,Female,No,1.0,477.0,Телец,,1.0,3.0,1.0,Bachelors,919745276898,Bangalore,,1.0,2014.0,4.0,0
1993.0,Нет,Female,No,1.0,,Телец,,1.0,3.0,1.0,Bachelors,919745276898,Bangalore,M,1.0,2014.0,4.0,0
1988.0,Нет,Male,,0.0,335.0,Овен,39.0,9.0,1.0,1.0,Bachelors,913059225494,,M,6.0,,1.0,0
,Нет,Male,No,,335.0,,,9.0,1.0,1.0,Bachelors,913059225494,Bangalore,M,,2017.0,1.0,0
,Нет,Male,No,0.0,335.0,Овен,39.0,9.0,,,Bachelors,913059225494,Bangalore,M,6.0,2017.0,1.0,0
1988.0,,Male,No,,335.0,Овен,39.0,9.0,1.0,1.0,Bachelors,913059225494,Bangalore,,6.0,,1.0,0
,Нет,Male,No,0.0,,Овен,39.0,9.0,,1.0,Bachelors,913059225494,Bangalore,,6.0,2017.0,,0
1990.0,,Female,,2.0,383.0,Близнецы,,3.0,3.0,,Bachelors,919325609499,New Delhi,M,,2018.0,4.0,1
1987.0,Нет,,No,5.0,,Дева,38.0,3.0,,,Bachelors,919976817944,New Delhi,M,5.0,2014.0,2.0,0
1987.0,Нет,Female,,,442.0,Дева,38.0,,3.0,0.0,Bachelors,919976817944,New Delhi,M,5.0,2014.0,,0
1987.0,Нет,Female,No,5.0,442.0,Дева,38.0,3.0,3.0,0.0,,919976817944,New Delhi,M,,2014.0,2.0,0
1987.0,Нет,Female,No,5.0,442.0,Дева,,3.0,3.0,0.0,,919976817944,New Delhi,M,,,2.0,0
1995.0,Нет,Male,No,,433.0,,32.0,4.0,3.0,1.0,,913775778272,Bangalore,,8.0,2015.0,1.0,0
1995.0,Нет,Male,No,0.0,433.0,Козерог,32.0,4.0,3.0,,,913775778272,Bangalore,,8.0,2015.0,1.0,0
1995.0,Нет,Male,No,0.0,433.0,Козерог,32.0,,3.0,1.0,Bachelors,913775778272,Bangalore,,8.0,,1.0,0
1995.0,Нет,Male,,0.0,433.0,Козерог,32.0,4.0,3.0,1.0,Bachelors,913775778272,Bangalore,,8.0,2015.0,,0
1993.0,Нет,Female,No,,,Скорпион,34.0,,3.0,0.0,Bachelors,916806862766,Bangalore,S,11.0,2017.0,3.0,0
1993.0,Нет,Female,No,2.0,240.0,Скорпион,34.0,8.0,3.0,0.0,Bachelors,916806862766,Bangalore,S,11.0,2017.0,,0
,Нет,Male,,1.0,,Близнецы,41.0,,3.0,1.0,Bachelors,912364557578,Bangalore,,9.0,2017.0,5.0,0
,Нет,,No,1.0,185.0,Близнецы,41.0,3.0,,1.0,Bachelors,912364557578,,L,9.0,2017.0,5.0,0
,,,No,1.0,,,41.0,3.0,3.0,1.0,Bachelors,912364557578,Bangalore,,9.0,2017.0,5.0,0
1985.0,Нет,Female,No,,339.0,Телец,40.0,,3.0,0.0,Masters,918708206873,Bangalore,M,9.0,2012.0,4.0,0
1985.0,Нет,Female,No,5.0,339.0,Телец,40.0,0.0,3.0,,Masters,918708206873,Bangalore,M,9.0,2012.0,4.0,0
1995.0,Да,Male,,1.0,258.0,Лев,32.0,,2.0,1.0,Bachelors,911094420397,,,10.0,2012.0,3.0,1
1995.0,Да,Male,No,1.0,258.0,,32.0,1.0,2.0,,,911094420397,Pune,M,10.0,2012.0,3.0,1
1995.0,Да,,No,1.0,258.0,Лев,32.0,1.0,2.0,1.0,Bachelors,911094420397,Pune,M,10.0,,3.0,1
1995.0,Да,Male,No,1.0,258.0,Лев,32.0,1.0,,,Bachelors,911094420397,Pune,M,,,,1
1990.0,Нет,,No,,75.0,Телец,35.0,1.0,,1.0,Bachelors,914477104812,,XL,1.0,2013.0,,0
1990.0,Нет,Female,,3.0,320.0,Козерог,36.0,7.0,,1.0,,918540004085,,M,6.0,,2.0,0
1990.0,,,No,3.0,320.0,Козерог,36.0,7.0,1.0,1.0,PHD,918540004085,New Delhi,,6.0,2013.0,2.0,0
1990.0,Нет,Female,No,3.0,320.0,Козерог,36.0,7.0,,,PHD,918540004085,New Delhi,M,6.0,2013.0,,0
1990.0,Нет,Female,No,3.0,,,36.0,7.0,,1.0,,918540004085,New Delhi,M,,2013.0,2.0,0
1990.0,Нет,,No,3.0,320.0,,36.0,7.0,1.0,,PHD,918540004085,New Delhi,M,,2013.0,2.0,0
1986.0,Нет,Female,,4.0,30.0,Козерог,40.0,0.0,,1.0,Bachelors,916070357163,Bangalore,M,7.0,2013.0,4.0,0
,,,No,4.0,30.0,Козерог,,0.0,3.0,1.0,Bachelors,916070357163,Bangalore,M,7.0,2013.0,4.0,0
1986.0,Нет,Female,No,,30.0,Козерог,40.0,0.0,3.0,1.0,,916070357163,Bangalore,,7.0,2013.0,4.0,0
1986.0,Нет,Female,No,4.0,30.0,Козерог,,,3.0,1.0,Bachelors,916070357163,,,7.0,2013.0,4.0,0
1986.0,Нет,Female,No,4.0,30.0,,40.0,0.0,3.0,1.0,,916070357163,Bangalore,M,7.0,,4.0,0
1990.0,Да,,No,2.0,,Овен,,5.0,,1.0,Bachelors,917038685776,Pune,L,11.0,2018.0,,1
1990.0,,Female,,2.0,,Овен,35.0,5.0,,1.0,Bachelors,917038685776,Pune,L,,2018.0,2.0,1
1990.0,Да,Female,No,2.0,408.0,Овен,35.0,5.0,2.0,1.0,Bachelors,917038685776,Pune,L,11.0,,,1
1990.0,Да,Female,,2.0,,,35.0,5.0,2.0,1.0,Bachelors,917038685776,Pune,,11.0,,,1
1990.0,,Female,No,,128.0,Близнецы,37.0,9.0,2.0,,Masters,919185483481,New Delhi,M,2.0,,2.0,0
1990.0,Нет,Female,No,4.0,128.0,Близнецы,,9.0,,0.0,,919185483481,New Delhi,M,2.0,2017.0,,0
1990.0,Нет,Female,No,,128.0,,37.0,9.0,,0.0,Masters,919185483481,,,2.0,2017.0,2.0,0
,Нет,Female,No,,128.0,Близнецы,,9.0,2.0,0.0,,919185483481,New Delhi,M,,2017.0,2.0,0
1990.0,Нет,,No,4.0,128.0,Близнецы,37.0,,2.0,0.0,Masters,919185483481,New Delhi,M,2.0,2017.0,2.0,0
1993.0,Нет,Male,No,3.0,8.0,Водолей,34.0,4.0,3.0,1.0,Bachelors,914650839122,Bangalore,XXL,14.0,2017.0,2.0,0
1993.0,,,No,,8.0,Водолей,,4.0,3.0,,Bachelors,914650839122,Bangalore,XXL,14.0,2017.0,2.0,0
,Нет,Male,No,,,Водолей,,,3.0,1.0,Bachelors,914650839122,Bangalore,XXL,14.0,2017.0,2.0,0
1993.0,Нет,Male,No,3.0,8.0,Водолей,34.0,4.0,3.0,1.0,Bachelors,914650839122,,XXL,14.0,,2.0,0
1991.0,Нет,Male,No,1.0,340.0,Водолей,,1.0,,,Bachelors,913560724907,Pune,,9.0,2012.0,1.0,0
1991.0,Нет,Male,No,1.0,340.0,Водолей,36.0,1.0,,,,913560724907,Pune,L,9.0,2012.0,1.0,0
1989.0,Нет,Male,,4.0,6.0,Водолей,37.0,10.0,3.0,1.0,Bachelors,913495242114,New Delhi,S,1.0,2015.0,2.0,0
1989.0,Нет,,,4.0,6.0,Водолей,37.0,10.0,3.0,,,913495242114,New Delhi,,1.0,2015.0,2.0,0
1989.0,Нет,Male,,4.0,6.0,Водолей,37.0,10.0,,1.0,Bachelors,913495242114,,S,1.0,2015.0,2.0,0
1989.0,Нет,Male,No,4.0,6.0,Водолей,,,3.0,1.0,Bachelors,913495242114,New Delhi,S,,2015.0,2.0,0
,Нет,Male,,5.0,93.0,,39.0,,3.0,,Bachelors,915124077072,Bangalore,M,13.0,2014.0,2.0,0
,Нет,Male,No,5.0,93.0,Стрелец,39.0,,3.0,0.0,Bachelors,915124077072,Bangalore,M,13.0,,2.0,0
,Нет,Male,No,5.0,,Стрелец,39.0,3.0,3.0,0.0,Bachelors,915124077072,Bangalore,M,,2014.0,,0
,Нет,Male,,5.0,93.0,Стрелец,,,,0.0,Bachelors,915124077072,Bangalore,,,2014.0,2.0,0
1988.0,Нет,Female,No,,,Козерог,,,2.0,,Bachelors,919391549367,,,10.0,2017.0,1.0,0
1988.0,Нет,Female,,0.0,,Козерог,39.0,0.0,2.0,1.0,Bachelors,919391549367,New Delhi,S,10.0,2017.0,,0
1988.0,Нет,Female,No,0.0,496.0,Козерог,39.0,0.0,2.0,1.0,Bachelors,919391549367,New Delhi,S,10.0,2017.0,,0
1987.0,,,No,2.0,355.0,Телец,38.0,,3.0,1.0,,913007657289,,,9.0,2018.0,1.0,1
,Да,Male,,2.0,,,38.0,,,1.0,,913007657289,New Delhi,XL,9.0,2018.0,1.0,1
1987.0,Да,Male,No,2.0,355.0,Телец,38.0,0.0,,,Masters,913007657289,,XL,9.0,2018.0,1.0,1
1987.0,Да,Male,No,,,,38.0,,3.0,1.0,Masters,913007657289,New Delhi,XL,9.0,2018.0,,1
1987.0,Да,Male,No,2.0,355.0,Телец,38.0,,3.0,1.0,Masters,913007657289,,XL,9.0,2018.0,1.0,1
,Нет,Female,No,,311.0,Рак,37.0,,3.0,0.0,Bachelors,912787309069,New Delhi,M,12.0,2013.0,4.0,0
1988.0,Нет,Female,No,1.0,311.0,Рак,37.0,,,0.0,Bachelors,912787309069,New Delhi,,,2013.0,,0
1988.0,Нет,Female,No,,311.0,Рак,37.0,,,0.0,Bachelors,912787309069,New Delhi,M,12.0,2013.0,,0
1988.0,Нет,Female,No,1.0,,,37.0,9.0,3.0,,Bachelors,912787309069,,M,12.0,2013.0,4.0,0
1988.0,Нет,,No,1.0,311.0,,37.0,9.0,3.0,0.0,Bachelors,912787309069,New Delhi,M,12.0,2013.0,4.0,0
1993.0,Да,Female,No,,,,33.0,7.0,,1.0,Bachelors,918897786057,,S,5.0,2012.0,2.0,1
1989.0,Нет,Female,No,,,Овен,,7.0,3.0,,,911939841116,Bangalore,M,10.0,2014.0,2.0,0
1986.0,Да,Female,No,2.0,119.0,Лев,40.0,1.0,,1.0,,915697028128,,,3.0,,2.0,1
1986.0,,Female,No,,119.0,Лев,40.0,1.0,2.0,1.0,Masters,915697028128,New Delhi,M,3.0,2017.0,2.0,1
1986.0,Да,,,2.0,119.0,Лев,40.0,1.0,2.0,1.0,Masters,915697028128,New Delhi,M,3.0,,2.0,1
1986.0,Да,,No,2.0,119.0,Лев,,1.0,2.0,1.0,Masters,915697028128,,M,3.0,2017.0,2.0,1
1985.0,Нет,Male,,5.0,302.0,Лев,41.0,9.0,3.0,0.0,Bachelors,917329235029,,L,6.0,,,0
1985.0,Нет,Male,No,5.0,,Лев,41.0,9.0,,0.0,Bachelors,917329235029,Bangalore,L,6.0,2012.0,2.0,0
1985.0,Нет,Male,No,5.0,302.0,Лев,,9.0,3.0,0.0,Bachelors,917329235029,,L,6.0,2012.0,2.0,0
1989.0,Да,,No,1.0,269.0,,38.0,10.0,2.0,0.0,Bachelors,911553566875,Bangalore,M,,2013.0,1.0,1
1989.0,Да,Female,No,1.0,269.0,,38.0,10.0,2.0,,Bachelors,911553566875,Bangalore,M,9.0,2013.0,1.0,1
1986.0,,Male,No,,252.0,Весы,39.0,3.0,3.0,0.0,,918186022990,Bangalore,L,,2014.0,5.0,1
,Да,Male,,,252.0,Весы,39.0,,3.0,0.0,,918186022990,Bangalore,L,13.0,2014.0,5.0,1
1992.0,,Male,No,1.0,124.0,,35.0,1.0,,1.0,Bachelors,911022355365,Bangalore,L,,2018.0,3.0,1
1992.0,Да,Male,,1.0,124.0,Весы,,1.0,,,Bachelors,911022355365,,L,4.0,2018.0,3.0,1
1992.0,Да,,No,1.0,124.0,Весы,,1.0,3.0,1.0,Bachelors,911022355365,Bangalore,L,,2018.0,3.0,1
1988.0,,,No,5.0,344.0,Весы,39.0,8.0,3.0,,Masters,918163121039,,M,12.0,2017.0,,1
1988.0,Да,,No,5.0,344.0,Весы,39.0,,,,Masters,918163121039,New Delhi,M,12.0,2017.0,5.0,1
1988.0,Да,Female,No,5.0,,Весы,39.0,,3.0,,,918163121039,New Delhi,M,12.0,2017.0,,1
1996.0,Да,Female,No,1.0,331.0,Скорпион,31.0,9.0,2.0,0.0,Bachelors,916630739454,,,14.0,2015.0,3.0,1
1996.0,Да,Female,No,1.0,331.0,Скорпион,,9.0,2.0,0.0,Bachelors,916630739454,Pune,,,2015.0,3.0,1
1996.0,Да,Female,No,1.0,331.0,Скорпион,,9.0,2.0,0.0,,916630739454,Pune,L,14.0,2015.0,,1
1996.0,Да,Female,,,331.0,,31.0,9.0,,0.0,Bachelors,916630739454,Pune,L,,2015.0,3.0,1
,Да,Female,,1.0,331.0,,31.0,9.0,2.0,0.0,Bachelors,916630739454,Pune,L,14.0,2015.0,3.0,1
1992.0,,Male,No,2.0,255.0,,33.0,3.0,3.0,0.0,Bachelors,915302124687,Pune,XL,,2012.0,4.0,0
1992.0,Нет,Male,No,2.0,255.0,Рак,33.0,,3.0,0.0,Bachelors,915302124687,Pune,XL,4.0,2012.0,4.0,0
1992.0,Нет,Male,,2.0,255.0,Рак,33.0,3.0,3.0,0.0,,915302124687,Pune,XL,4.0,2012.0,4.0,0
,Нет,Male,No,2.0,255.0,,33.0,3.0,3.0,0.0,Bachelors,915302124687,Pune,,4.0,2012.0,4.0,0
,Нет,Male,No,2.0,255.0,Рак,,3.0,3.0,,Bachelors,915302124687,Pune,XL,4.0,2012.0,4.0,0
,Нет,,No,,130.0,Овен,33.0,3.0,3.0,0.0,,918997637221,Pune,,1.0,2017.0,5.0,0
,,Male,No,2.0,403.0,Дева,32.0,0.0,,0.0,,913073519598,Pune,M,8.0,,2.0,0
1994.0,Нет,Male,,2.0,403.0,,32.0,0.0,3.0,0.0,Bachelors,913073519598,Pune,M,8.0,2013.0,2.0,0
,Нет,Male,,,403.0,Дева,32.0,0.0,3.0,0.0,Bachelors,913073519598,Pune,,8.0,2013.0,2.0,0
1994.0,Нет,Male,,2.0,403.0,Дева,32.0,0.0,3.0,0.0,Bachelors,913073519598,,,8.0,2013.0,,0
,Нет,Male,No,2.0,403.0,,32.0,0.0,,0.0,Bachelors,913073519598,,M,8.0,2013.0,2.0,0
1986.0,Да,Female,No,4.0,221.0,Овен,40.0,,2.0,0.0,Bachelors,917090614342,Pune,S,2.0,2015.0,2.0,1
1986.0,Да,,No,,,Овен,40.0,3.0,2.0,,Bachelors,917090614342,Pune,,2.0,2015.0,2.0,1
1987.0,Нет,Female,No,4.0,298.0,,38.0,10.0,,1.0,,916386951081,New Delhi,S,15.0,2013.0,2.0,0
1992.0,,Male,Yes,,205.0,,34.0,9.0,3.0,1.0,Bachelors,913291275825,Bangalore,M,,,1.0,0
,Нет,Male,Yes,2.0,205.0,,,9.0,,,,913291275825,Bangalore,M,11.0,2016.0,1.0,0
,,Male,,,205.0,Рак,34.0,9.0,3.0,1.0,Bachelors,913291275825,Bangalore,,11.0,2016.0,,0
1992.0,Нет,Male,Yes,2.0,205.0,Рак,34.0,9.0,3.0,,,913291275825,Bangalore,M,11.0,,1.0,0
1992.0,Нет,,Yes,2.0,205.0,,34.0,9.0,3.0,1.0,,913291275825,Bangalore,,11.0,2016.0,1.0,0
1986.0,Нет,Male,No,2.0,196.0,,39.0,10.0,1.0,,Bachelors,911308470003,Bangalore,,7.0,,,0
1986.0,,Male,No,2.0,196.0,Телец,39.0,10.0,1.0,1.0,Bachelors,911308470003,Bangalore,,7.0,2016.0,4.0,0
1986.0,Нет,,No,,196.0,Телец,39.0,,1.0,,Bachelors,911308470003,,L,7.0,2016.0,4.0,0
1987.0,Нет,,No,,50.0,Скорпион,38.0,9.0,3.0,,,919539741162,Bangalore,XL,1.0,2012.0,3.0,0
,Нет,Male,,2.0,50.0,Скорпион,38.0,,,1.0,Bachelors,919539741162,Bangalore,XL,,2012.0,3.0,0
1987.0,,,No,2.0,50.0,,38.0,9.0,3.0,1.0,Bachelors,919539741162,,,1.0,2012.0,3.0,0
,Нет,Male,No,,,Скорпион,38.0,9.0,3.0,1.0,Bachelors,919539741162,Bangalore,,1.0,,3.0,0
1994.0,Да,Female,No,2.0,,Лев,31.0,,2.0,1.0,Masters,914415165341,New Delhi,M,11.0,2017.0,3.0,1
1994.0,Да,Female,No,2.0,398.0,Лев,31.0,0.0,2.0,1.0,,914415165341,New Delhi,,11.0,2017.0,3.0,1
1994.0,Да,Female,No,2.0,398.0,Лев,,,2.0,1.0,Masters,914415165341,New Delhi,M,11.0,,3.0,1
1991.0,Нет,,No,5.0,475.0,Близнецы,35.0,2.0,3.0,0.0,Bachelors,913929333541,,XXL,12.0,2017.0,1.0,0
1991.0,Нет,,No,5.0,475.0,Близнецы,35.0,2.0,3.0,0.0,Bachelors,913929333541,Bangalore,XXL,,2017.0,1.0,0
,Нет,Female,No,5.0,475.0,Близнецы,35.0,,3.0,0.0,Bachelors,913929333541,,XXL,,2017.0,1.0,0
1991.0,,Female,No,5.0,475.0,Близнецы,35.0,2.0,3.0,0.0,Bachelors,913929333541,Bangalore,XXL,12.0,2017.0,1.0,0
1995.0,Нет,Male,No,2.0,397.0,Телец,31.0,7.0,3.0,1.0,Bachelors,914013430162,Bangalore,M,11.0,2013.0,,0
,Нет,,No,2.0,397.0,Телец,,7.0,3.0,1.0,Bachelors,914013430162,Bangalore,M,,2013.0,3.0,0
1995.0,Нет,Male,No,2.0,397.0,Телец,31.0,,,1.0,Bachelors,914013430162,,M,,,3.0,0
1995.0,Нет,,,2.0,397.0,Телец,31.0,7.0,3.0,1.0,,914013430162,Bangalore,M,11.0,2013.0,,0
1992.0,Нет,Male,No,,19.0,,33.0,0.0,3.0,1.0,Bachelors,913307985361,Pune,,1.0,2012.0,5.0,0
1989.0,Да,Female,,3.0,47.0,Близнецы,,6.0,2.0,0.0,Bachelors,912891865245,Pune,S,0.0,2015.0,1.0,1
1989.0,Да,Female,No,3.0,47.0,Близнецы,37.0,6.0,2.0,0.0,Bachelors,912891865245,Pune,S,0.0,,1.0,1
,Да,Female,No,3.0,47.0,Близнецы,37.0,,,0.0,Bachelors,912891865245,,S,0.0,2015.0,1.0,1
1989.0,Да,Female,No,3.0,47.0,Близнецы,,6.0,,,Bachelors,912891865245,,S,0.0,2015.0,1.0,1
1985.0,Да,Female,No,,83.0,Дева,40.0,3.0,3.0,0.0,Masters,917517899948,New Delhi,,9.0,2018.0,2.0,1
1987.0,Нет,Male,No,0.0,70.0,Близнецы,38.0,9.0,3.0,0.0,Bachelors,913380584967,Bangalore,XL,3.0,2014.0,1.0,0
1987.0,Нет,Male,,0.0,70.0,Близнецы,38.0,9.0,,0.0,Bachelors,913380584967,,XL,3.0,2014.0,1.0,0
1987.0,Нет,Male,No,0.0,70.0,Близнецы,38.0,,3.0,,Bachelors,913380584967,Bangalore,XL,,2014.0,1.0,0
1995.0,Нет,Male,Yes,5.0,291.0,Водолей,,4.0,,,Bachelors,914988352824,Bangalore,XL,2.0,2012.0,3.0,0
1995.0,Нет,,Yes,,291.0,Водолей,31.0,4.0,3.0,1.0,Bachelors,914988352824,Bangalore,,,2012.0,3.0,0
1995.0,Нет,,Yes,,,Водолей,31.0,,3.0,,Bachelors,914988352824,,XL,,2012.0,3.0,0
,Нет,,,5.0,291.0,Водолей,31.0,4.0,3.0,1.0,Bachelors,914988352824,Bangalore,XL,2.0,2012.0,3.0,0
1995.0,Нет,,Yes,5.0,291.0,Водолей,31.0,4.0,3.0,1.0,,914988352824,Bangalore,XL,2.0,2012.0,3.0,0
1987.0,,Male,,1.0,125.0,Рак,,6.0,3.0,1.0,PHD,912208372276,Bangalore,L,14.0,,4.0,0
1987.0,Нет,Male,No,1.0,125.0,,39.0,6.0,3.0,1.0,PHD,912208372276,Bangalore,L,14.0,2014.0,4.0,0
1987.0,Нет,,No,0.0,111.0,,40.0,10.0,3.0,1.0,Bachelors,914760210037,New Delhi,M,6.0,2016.0,,0
1987.0,Нет,Male,No,0.0,111.0,,40.0,,3.0,1.0,,914760210037,New Delhi,M,6.0,,1.0,0
1989.0,Да,Female,,0.0,266.0,Близнецы,36.0,10.0,3.0,0.0,,913674369303,Pune,,,2017.0,,1
1989.0,Да,Female,No,0.0,266.0,Близнецы,36.0,,3.0,0.0,Bachelors,913674369303,,M,0.0,2017.0,2.0,1
1989.0,Да,Female,,0.0,,Близнецы,36.0,10.0,3.0,,Bachelors,913674369303,Pune,M,,2017.0,2.0,1
1989.0,Да,Female,,,266.0,Близнецы,36.0,10.0,3.0,0.0,,913674369303,,M,0.0,,2.0,1
1989.0,,Female,No,,266.0,Близнецы,36.0,10.0,3.0,0.0,Bachelors,913674369303,Pune,M,,2017.0,,1
1988.0,,Female,No,3.0,,Козерог,39.0,4.0,3.0,1.0,Bachelors,918339027914,Bangalore,S,10.0,2015.0,3.0,1
1988.0,Нет,Female,No,3.0,344.0,Козерог,39.0,,3.0,,Bachelors,918339027914,,S,10.0,2015.0,3.0,1
,Нет,Female,No,,344.0,,39.0,,3.0,1.0,Bachelors,918339027914,Bangalore,S,10.0,2015.0,3.0,1
1988.0,Нет,Female,No,,344.0,Козерог,39.0,4.0,3.0,1.0,Bachelors,918339027914,Bangalore,S,10.0,2015.0,3.0,1
,Нет,Female,No,3.0,344.0,Козерог,39.0,4.0,3.0,1.0,Bachelors,918339027914,Bangalore,S,,2015.0,3.0,1
1986.0,,Male,No,0.0,,,39.0,,3.0,1.0,,913260364265,Bangalore,,12.0,2012.0,,0
,,Male,No,0.0,,Скорпион,39.0,8.0,3.0,1.0,Bachelors,913260364265,Bangalore,M,,2012.0,1.0,0
,Нет,Male,No,0.0,207.0,Скорпион,39.0,8.0,3.0,1.0,Bachelors,913260364265,Bangalore,M,12.0,2012.0,1.0,0
1986.0,Нет,Male,No,0.0,207.0,Скорпион,39.0,8.0,3.0,1.0,Bachelors,913260364265,,M,12.0,2012.0,1.0,0
1986.0,Нет,Male,,,,,39.0,8.0,3.0,1.0,Bachelors,913260364265,Bangalore,M,12.0,2012.0,1.0,0
,Нет,Male,No,,442.0,Овен,37.0,7.0,3.0,0.0,Bachelors,912308283045,Bangalore,,14.0,2013.0,1.0,0
,Нет,Male,No,,425.0,,33.0,8.0,3.0,0.0,Bachelors,919770181454,New Delhi,M,12.0,2012.0,3.0,0
1994.0,Нет,Male,No,,425.0,,33.0,8.0,,0.0,Bachelors,919770181454,New Delhi,M,12.0,2012.0,3.0,0
1994.0,Нет,Male,,,425.0,Стрелец,33.0,8.0,3.0,0.0,Bachelors,919770181454,New Delhi,M,12.0,2012.0,,0
1994.0,Нет,Male,No,3.0,425.0,Стрелец,33.0,8.0,3.0,0.0,Bachelors,919770181454,New Delhi,M,12.0,2012.0,3.0,0
1994.0,Нет,Male,No,3.0,425.0,Стрелец,33.0,8.0,3.0,0.0,Bachelors,919770181454,New Delhi,M,12.0,2012.0,,0
1991.0,Нет,Male,,,460.0,Близнецы,36.0,,3.0,0.0,Bachelors,919015298065,Bangalore,L,15.0,2015.0,4.0,0
,Нет,,Yes,4.0,460.0,Близнецы,36.0,1.0,,,Bachelors,919015298065,Bangalore,L,15.0,2015.0,4.0,0
1991.0,Нет,Male,,,,Близнецы,36.0,1.0,3.0,0.0,Bachelors,919015298065,Bangalore,L,,2015.0,4.0,0
1991.0,Нет,,,4.0,460.0,Близнецы,,1.0,3.0,0.0,,919015298065,Bangalore,L,15.0,2015.0,4.0,0
1991.0,Нет,Male,No,5.0,345.0,Телец,34.0,6.0,3.0,0.0,Bachelors,914600636682,Bangalore,XL,3.0,2014.0,4.0,0
1991.0,Нет,Male,No,5.0,345.0,Телец,,6.0,3.0,,Bachelors,914600636682,Bangalore,XL,3.0,2014.0,4.0,0
1992.0,Да,Male,No,0.0,453.0,Овен,35.0,5.0,3.0,1.0,Bachelors,919153490634,Bangalore,M,10.0,2013.0,3.0,1
,Нет,Male,No,2.0,266.0,Стрелец,39.0,2.0,3.0,,Masters,911986612852,New Delhi,XL,,,3.0,0
,Нет,Male,No,2.0,266.0,Стрелец,39.0,,,1.0,Masters,911986612852,,XL,12.0,2014.0,,0
1986.0,Нет,Male,No,,266.0,,,,,1.0,Masters,911986612852,New Delhi,XL,12.0,2014.0,3.0,0
1992.0,,Male,,5.0,241.0,Рыбы,34.0,2.0,3.0,1.0,Masters,918180091244,New Delhi,XL,,2014.0,2.0,0
1992.0,Нет,Male,,,241.0,Рыбы,,,,1.0,Masters,918180091244,New Delhi,XL,10.0,2014.0,,0
1993.0,,Female,No,2.0,354.0,Дева,32.0,1.0,2.0,1.0,Bachelors,911561328145,,M,11.0,,1.0,1
,,Female,No,2.0,213.0,,,3.0,3.0,0.0,Bachelors,916478648244,New Delhi,M,11.0,,1.0,0
1993.0,Нет,Female,No,,213.0,Телец,32.0,3.0,,0.0,Bachelors,916478648244,New Delhi,M,11.0,2015.0,1.0,0
,Нет,Female,No,2.0,213.0,Телец,32.0,3.0,3.0,,Bachelors,916478648244,New Delhi,M,,,,0
1994.0,,Male,,5.0,244.0,Близнецы,33.0,9.0,3.0,,Bachelors,912513315902,Bangalore,M,8.0,2014.0,4.0,1
,,Male,No,5.0,,Близнецы,33.0,,,1.0,Bachelors,912513315902,Bangalore,,8.0,2014.0,4.0,1
1994.0,Да,Male,No,5.0,244.0,Близнецы,33.0,9.0,3.0,,,912513315902,Bangalore,,8.0,2014.0,4.0,1
1994.0,,Male,No,5.0,244.0,Близнецы,33.0,9.0,3.0,1.0,,912513315902,,M,,2014.0,4.0,1
1992.0,Да,Male,No,,385.0,Козерог,,9.0,2.0,0.0,,918754489252,,L,1.0,2017.0,3.0,1
1992.0,Да,Male,No,,385.0,Козерог,34.0,9.0,2.0,0.0,Masters,918754489252,New Delhi,L,1.0,2017.0,,1
1992.0,Да,Male,No,2.0,385.0,Козерог,34.0,,2.0,0.0,Masters,918754489252,,L,,2017.0,3.0,1
,Да,Female,,1.0,480.0,,35.0,9.0,3.0,0.0,Masters,918277014632,Bangalore,S,,,1.0,1
1992.0,Да,Female,No,1.0,480.0,,35.0,9.0,3.0,,Masters,918277014632,Bangalore,S,13.0,,1.0,1
1992.0,Да,Female,No,1.0,480.0,Весы,,9.0,,,Masters,918277014632,Bangalore,S,13.0,2016.0,1.0,1
,Да,Female,No,1.0,480.0,Весы,35.0,9.0,3.0,0.0,Masters,918277014632,Bangalore,S,,2016.0,,1
1990.0,,Male,Yes,2.0,418.0,Скорпион,35.0,8.0,3.0,,Masters,916869639733,New Delhi,M,8.0,,,0
1990.0,Нет,Male,Yes,2.0,418.0,Скорпион,35.0,8.0,,1.0,Masters,916869639733,New Delhi,M,8.0,2017.0,4.0,0
1990.0,,Male,Yes,2.0,418.0,Скорпион,35.0,8.0,3.0,1.0,Masters,916869639733,,,8.0,2017.0,,0
,Нет,Male,Yes,2.0,418.0,,,,3.0,1.0,Masters,916869639733,New Delhi,M,8.0,2017.0,4.0,0
,Да,Female,No,3.0,416.0,,,1.0,2.0,0.0,Bachelors,912182731823,Pune,S,15.0,,,1
,Да,Female,No,3.0,416.0,Близнецы,38.0,,2.0,,Bachelors,912182731823,Pune,S,15.0,2014.0,,1
1988.0,Да,,No,3.0,416.0,Близнецы,38.0,1.0,2.0,0.0,Bachelors,912182731823,Pune,S,15.0,2014.0,,1
1988.0,,Female,No,,416.0,,38.0,1.0,2.0,0.0,Bachelors,912182731823,Pune,S,15.0,2014.0,,1
1988.0,,Female,No,3.0,416.0,Близнецы,38.0,1.0,,0.0,Bachelors,912182731823,Pune,,,2014.0,3.0,1
1989.0,Нет,Male,No,0.0,172.0,Рыбы,37.0,0.0,3.0,0.0,Bachelors,919761073515,Bangalore,M,9.0,2016.0,2.0,0
1989.0,Нет,Male,,0.0,,Рыбы,37.0,0.0,3.0,0.0,Bachelors,919761073515,Bangalore,M,9.0,2016.0,2.0,0
1989.0,Нет,,No,0.0,172.0,Рыбы,37.0,,3.0,0.0,,919761073515,Bangalore,M,9.0,,,0
1989.0,Нет,,,0.0,172.0,Рыбы,37.0,0.0,,0.0,,919761073515,,M,9.0,,,0
1985.0,Нет,,,0.0,408.0,Овен,41.0,9.0,,1.0,Bachelors,915474991360,,,1.0,2015.0,1.0,0
1985.0,Нет,Male,,,408.0,Овен,41.0,9.0,3.0,1.0,,915474991360,Bangalore,,,2015.0,,0
1985.0,Нет,,,,408.0,Овен,41.0,9.0,3.0,1.0,Bachelors,915474991360,,,,2015.0,1.0,0
1986.0,Да,Male,No,4.0,314.0,Рыбы,40.0,9.0,,0.0,,917368128519,,,5.0,,1.0,1
,Да,Male,,4.0,314.0,Рыбы,40.0,,3.0,0.0,Masters,917368128519,,M,5.0,2017.0,,1
1986.0,Да,Male,,,,Рыбы,40.0,9.0,3.0,,Masters,917368128519,Bangalore,M,5.0,,,1
1986.0,Да,Male,No,4.0,314.0,,,,3.0,,Masters,917368128519,Bangalore,M,5.0,2017.0,1.0,1
1986.0,,,No,4.0,314.0,Рыбы,40.0,9.0,3.0,0.0,Masters,917368128519,Bangalore,M,5.0,2017.0,1.0,1
,Нет,Female,No,3.0,100.0,,39.0,3.0,3.0,,Bachelors,912701688525,Bangalore,XL,,2017.0,2.0,0
1988.0,Нет,,No,3.0,100.0,,39.0,3.0,3.0,0.0,Bachelors,912701688525,Bangalore,XL,15.0,,2.0,0
1993.0,Нет,Male,No,2.0,131.0,Телец,32.0,6.0,2.0,1.0,Bachelors,914277829587,Pune,M,,2017.0,2.0,0
1993.0,Нет,Male,No,,,,32.0,6.0,,1.0,Bachelors,914277829587,Pune,M,5.0,2017.0,2.0,0
1986.0,Да,,Yes,4.0,131.0,Стрелец,40.0,5.0,3.0,0.0,Bachelors,918045529933,New Delhi,M,10.0,,3.0,1
1986.0,Да,,,,131.0,Стрелец,40.0,,3.0,0.0,,918045529933,New Delhi,M,10.0,2018.0,3.0,1
1986.0,Да,Male,,4.0,131.0,Стрелец,40.0,,3.0,0.0,,918045529933,New Delhi,,10.0,2018.0,3.0,1
1985.0,,Male,No,0.0,,,,,3.0,0.0,Bachelors,917304580059,,M,,2016.0,1.0,0
1985.0,,Male,No,0.0,306.0,Водолей,40.0,3.0,3.0,0.0,Bachelors,917304580059,Bangalore,M,0.0,,,0
1985.0,,,No,0.0,,,,3.0,3.0,0.0,Bachelors,917304580059,Bangalore,M,0.0,2016.0,1.0,0
1984.0,Да,Female,No,1.0,360.0,Стрелец,41.0,6.0,3.0,0.0,Bachelors,919204062699,Bangalore,XS,0.0,2016.0,2.0,1
1984.0,,Female,,1.0,,Стрелец,41.0,6.0,3.0,0.0,Bachelors,919204062699,Bangalore,,0.0,2016.0,2.0,1
1984.0,Да,Female,No,,,Стрелец,41.0,6.0,3.0,0.0,Bachelors,919204062699,Bangalore,XS,0.0,,2.0,1
,Да,Female,,,,Стрелец,,6.0,,0.0,Bachelors,919204062699,Bangalore,,0.0,2016.0,2.0,1
1989.0,,Male,No,0.0,24.0,,,,1.0,1.0,Masters,914934576405,Pune,XL,12.0,2017.0,2.0,1
1989.0,Да,Male,,,,Рак,,1.0,,,,914934576405,Pune,XL,12.0,2017.0,,1
1985.0,Да,Female,No,2.0,26.0,,41.0,1.0,3.0,,,916626193269,Bangalore,L,11.0,2018.0,2.0,1
,Да,Female,No,2.0,,,41.0,1.0,3.0,1.0,,916626193269,Bangalore,L,11.0,2018.0,2.0,1
1985.0,Да,Female,No,2.0,,Рыбы,41.0,1.0,3.0,1.0,Bachelors,916626193269,Bangalore,L,11.0,,2.0,1
1985.0,Да,Female,No,2.0,26.0,Рыбы,41.0,,3.0,,,916626193269,Bangalore,,11.0,2018.0,2.0,1
1992.0,Нет,Female,,4.0,298.0,Водолей,33.0,6.0,2.0,1.0,Bachelors,913353431099,New Delhi,S,,2015.0,1.0,1
1984.0,Нет,Male,Yes,0.0,454.0,Близнецы,41.0,,3.0,1.0,Bachelors,912776434992,Bangalore,XL,14.0,,2.0,0
1984.0,Нет,Male,Yes,0.0,454.0,,41.0,,3.0,1.0,Bachelors,912776434992,,XL,14.0,2012.0,2.0,0
1984.0,,,Yes,,454.0,Близнецы,41.0,3.0,,,Bachelors,912776434992,Bangalore,XL,14.0,2012.0,2.0,0
1984.0,,Male,Yes,0.0,,Близнецы,41.0,3.0,3.0,1.0,,912776434992,Bangalore,XL,14.0,2012.0,2.0,0
1984.0,Нет,Male,Yes,0.0,,Близнецы,,3.0,3.0,1.0,Bachelors,912776434992,Bangalore,XL,14.0,,2.0,0
1991.0,Нет,Female,,5.0,384.0,Рак,35.0,6.0,,0.0,Bachelors,916237396907,New Delhi,M,8.0,2017.0,3.0,0
1991.0,Нет,Female,No,5.0,384.0,Рак,,6.0,2.0,0.0,,916237396907,New Delhi,M,8.0,2017.0,3.0,0
1991.0,Нет,Female,No,5.0,384.0,Рак,35.0,,2.0,0.0,Bachelors,916237396907,New Delhi,M,8.0,,3.0,0
,Нет,Female,No,5.0,384.0,Рак,,,2.0,0.0,Bachelors,916237396907,New Delhi,M,8.0,2017.0,3.0,0
1990.0,Нет,Male,No,5.0,48.0,Рак,36.0,7.0,3.0,0.0,Bachelors,913247522881,Bangalore,L,4.0,2013.0,,0
1989.0,Нет,,,1.0,71.0,,37.0,6.0,3.0,0.0,Bachelors,911098416000,Pune,M,4.0,,,0
1989.0,Нет,Male,No,1.0,71.0,Телец,37.0,6.0,3.0,0.0,Bachelors,911098416000,Pune,M,4.0,,1.0,0
1990.0,Нет,,No,,329.0,Рак,37.0,10.0,1.0,,Bachelors,913644922615,New Delhi,XS,3.0,2013.0,,0
1987.0,,Female,,2.0,372.0,Козерог,38.0,6.0,3.0,0.0,Bachelors,914204813970,Bangalore,,7.0,2017.0,2.0,0
1987.0,,Female,No,2.0,372.0,Козерог,38.0,,3.0,0.0,Bachelors,914204813970,Bangalore,XS,7.0,2017.0,2.0,0
1987.0,Нет,Female,No,,372.0,Козерог,,6.0,3.0,0.0,Bachelors,914204813970,Bangalore,XS,7.0,2017.0,2.0,0
1993.0,,Female,No,1.0,,Близнецы,34.0,9.0,2.0,0.0,Bachelors,919736145478,Pune,,10.0,2013.0,1.0,1
1993.0,Да,Female,No,1.0,363.0,Близнецы,34.0,9.0,2.0,,,919736145478,,XS,10.0,2013.0,1.0,1
1993.0,Да,Female,,1.0,363.0,Близнецы,34.0,,2.0,,Bachelors,919736145478,Pune,XS,10.0,,1.0,1
1993.0,Да,Female,No,1.0,,Близнецы,34.0,9.0,2.0,0.0,Bachelors,919736145478,Pune,XS,10.0,2013.0,1.0,1
1993.0,Да,Female,No,1.0,363.0,Близнецы,34.0,9.0,2.0,,Bachelors,919736145478,Pune,XS,10.0,2013.0,1.0,1
,Да,Female,No,4.0,13.0,Телец,33.0,,2.0,1.0,Bachelors,914591544327,Pune,M,,2017.0,2.0,1
,Да,Female,No,4.0,13.0,Телец,33.0,5.0,2.0,1.0,Bachelors,914591544327,Pune,M,10.0,2017.0,2.0,1
1995.0,Нет,Female,,,128.0,,32.0,1.0,,,Bachelors,914124852270,Bangalore,M,8.0,2013.0,5.0,0
1995.0,Нет,,No,,128.0,Лев,,1.0,3.0,1.0,Bachelors,914124852270,Bangalore,M,8.0,2013.0,,0
1987.0,Да,Female,,,212.0,Дева,38.0,3.0,3.0,1.0,Masters,913671782017,Bangalore,M,10.0,2014.0,5.0,1
1987.0,Да,Female,No,4.0,212.0,,38.0,3.0,3.0,1.0,Masters,913671782017,,M,10.0,2014.0,,1
1987.0,,Female,,4.0,212.0,Дева,38.0,3.0,,1.0,Masters,913671782017,Bangalore,M,10.0,2014.0,5.0,1
1987.0,,Female,No,4.0,,Дева,38.0,3.0,,1.0,Masters,913671782017,Bangalore,M,10.0,,5.0,1
1987.0,Да,Female,No,4.0,212.0,Дева,38.0,3.0,3.0,1.0,,913671782017,,M,10.0,2014.0,5.0,1
1984.0,Да,Male,No,5.0,,Близнецы,,9.0,3.0,1.0,Masters,918468844608,New Delhi,M,13.0,2016.0,3.0,1
,Да,Male,,5.0,305.0,,41.0,9.0,,1.0,,918468844608,New Delhi,M,13.0,2016.0,3.0,1
1984.0,Да,Male,,,305.0,,41.0,9.0,3.0,1.0,Masters,918468844608,,M,13.0,2016.0,3.0,1
,Нет,Female,No,2.0,,Скорпион,,9.0,,0.0,,915916740295,Pune,XS,2.0,,3.0,0
1989.0,,Female,No,,368.0,Скорпион,36.0,9.0,3.0,0.0,Masters,915916740295,,XS,2.0,,,0
1991.0,Да,,,,494.0,Телец,34.0,6.0,3.0,0.0,Bachelors,913143764461,,,7.0,2017.0,4.0,1
,Да,Female,,2.0,494.0,Телец,34.0,6.0,3.0,0.0,Bachelors,913143764461,New Delhi,S,,,4.0,1
1991.0,Да,,,2.0,494.0,Телец,34.0,6.0,3.0,0.0,Bachelors,913143764461,New Delhi,S,7.0,2017.0,4.0,1
1991.0,,Male,Yes,0.0,393.0,Козерог,34.0,,3.0,0.0,Bachelors,915805453251,,,15.0,2017.0,2.0,0
1991.0,Нет,Male,Yes,0.0,393.0,Козерог,34.0,,3.0,0.0,Bachelors,915805453251,Bangalore,L,15.0,2017.0,,0
1991.0,Нет,,Yes,,393.0,Козерог,34.0,3.0,,0.0,Bachelors,915805453251,Bangalore,L,15.0,2017.0,,0
1991.0,Нет,Male,Yes,0.0,393.0,Козерог,34.0,3.0,3.0,0.0,,915805453251,Bangalore,,15.0,2017.0,2.0,0
,,Male,No,4.0,490.0,,35.0,1.0,3.0,0.0,Bachelors,919813536022,Bangalore,,2.0,2016.0,1.0,0
1992.0,Нет,,No,4.0,490.0,Рак,35.0,1.0,3.0,0.0,Bachelors,919813536022,Bangalore,L,2.0,2016.0,1.0,0
1992.0,Нет,Male,No,4.0,,Рак,35.0,1.0,3.0,0.0,Bachelors,919813536022,,L,2.0,2016.0,1.0,0
1992.0,Нет,Male,No,4.0,490.0,Рак,35.0,1.0,3.0,0.0,Bachelors,919813536022,,L,,2016.0,1.0,0
1987.0,,Male,No,,360.0,Водолей,38.0,3.0,3.0,0.0,,919103567866,New Delhi,S,5.0,2015.0,3.0,0
1987.0,Нет,Male,No,1.0,,,38.0,3.0,3.0,0.0,,919103567866,New Delhi,,5.0,2015.0,3.0,0
1987.0,Нет,Male,,,,Водолей,38.0,3.0,3.0,0.0,Masters,919103567866,New Delhi,S,5.0,2015.0,3.0,0
,Нет,,Yes,5.0,,,32.0,1.0,3.0,1.0,Bachelors,914700786795,,,6.0,2016.0,3.0,0
1994.0,,Male,Yes,5.0,153.0,Стрелец,32.0,,3.0,1.0,,914700786795,Bangalore,L,6.0,,3.0,0
,Нет,Male,Yes,5.0,153.0,Стрелец,32.0,1.0,,1.0,Bachelors,914700786795,Bangalore,L,6.0,2016.0,3.0,0
1994.0,Нет,Male,Yes,5.0,153.0,Стрелец,,1.0,3.0,1.0,,914700786795,,L,,2016.0,3.0,0
,Нет,Male,Yes,5.0,153.0,Стрелец,32.0,1.0,3.0,1.0,Bachelors,914700786795,Bangalore,L,6.0,2016.0,3.0,0
,Да,Female,No,2.0,160.0,Рак,37.0,5.0,3.0,1.0,,912137963029,Pune,,8.0,2015.0,,1
,Да,Female,No,2.0,,Рак,37.0,5.0,3.0,1.0,Bachelors,912137963029,Pune,S,8.0,2015.0,1.0,1
1995.0,Да,Female,No,2.0,72.0,,32.0,9.0,2.0,0.0,Bachelors,913961564094,Bangalore,S,14.0,2017.0,,1
1995.0,Да,Female,,2.0,72.0,Стрелец,32.0,9.0,2.0,0.0,Bachelors,913961564094,Bangalore,S,14.0,,1.0,1
1995.0,Да,Female,No,2.0,72.0,Стрелец,32.0,9.0,2.0,0.0,Bachelors,913961564094,,S,14.0,,1.0,1
1989.0,Нет,,No,3.0,,Дева,36.0,9.0,2.0,1.0,Masters,917770783493,New Delhi,XL,11.0,2017.0,2.0,0
1989.0,Нет,Male,No,3.0,346.0,Дева,36.0,9.0,2.0,1.0,Masters,917770783493,New Delhi,XL,,2017.0,2.0,0
1989.0,Нет,Male,No,3.0,346.0,Дева,36.0,9.0,2.0,,Masters,917770783493,New Delhi,XL,11.0,2017.0,2.0,0
1989.0,,Male,No,3.0,346.0,Дева,36.0,,2.0,1.0,,917770783493,New Delhi,,11.0,2017.0,2.0,0
1989.0,Нет,Male,No,,,Дева,,9.0,,1.0,Masters,917770783493,New Delhi,XL,11.0,2017.0,2.0,0
1988.0,Нет,Female,,5.0,111.0,Овен,37.0,6.0,,0.0,,911853153394,,S,,2017.0,3.0,0
1988.0,,Female,No,5.0,111.0,,37.0,,,,Bachelors,911853153394,,S,13.0,2017.0,,0
1988.0,Нет,Female,No,5.0,,Овен,37.0,6.0,3.0,0.0,Bachelors,911853153394,Pune,S,,,,0
1988.0,Нет,Female,No,,111.0,Овен,37.0,6.0,,0.0,,911853153394,,,13.0,2017.0,,0
1988.0,,Female,,,,Овен,37.0,6.0,3.0,0.0,,911853153394,Pune,,,2017.0,3.0,0
1991.0,,,No,3.0,492.0,Овен,,10.0,3.0,1.0,Bachelors,913054007177,Bangalore,XS,,2018.0,2.0,1
1991.0,Да,Female,No,,492.0,Овен,34.0,10.0,3.0,1.0,Bachelors,913054007177,Bangalore,XS,4.0,2018.0,,1
1991.0,Да,Female,No,3.0,492.0,Овен,34.0,10.0,3.0,1.0,Bachelors,913054007177,,XS,4.0,2018.0,,1
1991.0,Да,Female,No,3.0,492.0,Овен,,10.0,3.0,1.0,,913054007177,Bangalore,XS,4.0,2018.0,2.0,1
1991.0,Да,,No,3.0,492.0,Овен,34.0,10.0,,1.0,Bachelors,913054007177,Bangalore,XS,4.0,,,1
1996.0,Да,Male,No,0.0,,Козерог,,3.0,3.0,0.0,Bachelors,915306671239,Pune,,15.0,,2.0,1
1996.0,Да,Male,No,0.0,30.0,Козерог,31.0,3.0,3.0,0.0,Bachelors,915306671239,Pune,L,15.0,,2.0,1
1991.0,,,No,3.0,334.0,Овен,35.0,,3.0,1.0,,919153907392,New Delhi,S,1.0,2015.0,3.0,0
1991.0,Нет,Female,No,3.0,334.0,,35.0,7.0,3.0,1.0,Bachelors,919153907392,New Delhi,S,1.0,,3.0,0
1991.0,Нет,,No,3.0,334.0,Овен,35.0,7.0,3.0,1.0,Bachelors,919153907392,New Delhi,S,,2015.0,,0
1991.0,Нет,,No,3.0,334.0,Овен,35.0,,3.0,,Bachelors,919153907392,New Delhi,,1.0,2015.0,3.0,0
1990.0,Нет,Female,No,5.0,419.0,Козерог,37.0,4.0,3.0,0.0,Bachelors,912486580291,Bangalore,M,9.0,2015.0,5.0,0
1990.0,Нет,Female,,,,Козерог,,4.0,3.0,0.0,,912486580291,Bangalore,M,,2015.0,5.0,0
1990.0,Нет,Female,No,5.0,419.0,Козерог,37.0,4.0,3.0,0.0,Bachelors,912486580291,,M,9.0,2015.0,5.0,0
,Нет,Female,No,5.0,419.0,Козерог,37.0,4.0,3.0,,Bachelors,912486580291,Bangalore,M,9.0,2015.0,5.0,0
1985.0,Нет,Female,Yes,2.0,30.0,Овен,40.0,4.0,2.0,1.0,Masters,916928659396,Bangalore,L,,2017.0,,0
1985.0,Нет,Female,,2.0,30.0,Овен,40.0,4.0,,,Masters,916928659396,,,11.0,2017.0,1.0,0
,Нет,Female,,2.0,30.0,Овен,,4.0,2.0,,Masters,916928659396,,L,11.0,,1.0,0
,Нет,Female,,2.0,30.0,Овен,40.0,4.0,2.0,1.0,Masters,916928659396,Bangalore,L,,2017.0,,0
1988.0,Да,Male,No,5.0,67.0,Овен,,,3.0,1.0,Bachelors,914547116622,Bangalore,L,14.0,,1.0,1
1989.0,Да,Female,,,378.0,Весы,36.0,9.0,,,Bachelors,918693163683,,M,6.0,2015.0,2.0,1
1989.0,,Female,,1.0,378.0,Весы,36.0,9.0,,1.0,,918693163683,Pune,,6.0,2015.0,2.0,1
1991.0,Нет,Female,No,2.0,,Дева,35.0,,3.0,1.0,Bachelors,911481630975,Bangalore,S,10.0,2014.0,3.0,0
1991.0,Нет,Female,,2.0,,Дева,35.0,2.0,3.0,1.0,Bachelors,911481630975,Bangalore,S,10.0,,3.0,0
,,Female,No,,66.0,,,9.0,3.0,1.0,Masters,918907464524,Bangalore,S,10.0,2013.0,3.0,1
1989.0,Да,Female,No,,66.0,,37.0,,,1.0,,918907464524,,S,,2013.0,3.0,1
,Да,,No,3.0,66.0,,37.0,9.0,3.0,1.0,Masters,918907464524,Bangalore,S,10.0,2013.0,3.0,1
1989.0,,Female,No,3.0,66.0,Стрелец,37.0,9.0,3.0,1.0,Masters,918907464524,,,10.0,,3.0,1
1989.0,,Female,No,3.0,,Стрелец,37.0,9.0,3.0,,,918907464524,Bangalore,S,,2013.0,3.0,1
,Нет,Female,No,,297.0,Дева,41.0,1.0,3.0,0.0,Bachelors,913897180085,New Delhi,S,,2013.0,3.0,0
1987.0,Нет,Male,No,2.0,160.0,,40.0,5.0,2.0,1.0,Masters,911435589748,,L,6.0,2017.0,2.0,0
,Нет,Male,No,2.0,,Весы,40.0,5.0,2.0,1.0,Masters,911435589748,New Delhi,L,6.0,2017.0,2.0,0
1987.0,,Male,No,2.0,160.0,,40.0,5.0,2.0,,,911435589748,New Delhi,L,6.0,2017.0,2.0,0
1985.0,Да,Female,,,,,40.0,10.0,3.0,1.0,Masters,917701103732,New Delhi,S,,2013.0,,1
1987.0,Нет,Male,,5.0,348.0,,39.0,7.0,3.0,1.0,Bachelors,914116480341,,M,,2015.0,,0
1987.0,Нет,Male,No,5.0,348.0,,39.0,7.0,,1.0,,914116480341,Bangalore,M,,2015.0,2.0,0
1994.0,Нет,Female,No,4.0,200.0,Близнецы,33.0,4.0,2.0,0.0,Masters,915134087977,Pune,S,5.0,,5.0,0
1994.0,Нет,Female,No,4.0,200.0,Близнецы,,4.0,,0.0,Masters,915134087977,Pune,S,5.0,,,0
1994.0,Нет,,No,,,Близнецы,33.0,4.0,2.0,0.0,Masters,915134087977,Pune,S,5.0,2015.0,5.0,0
1994.0,Нет,Female,,4.0,200.0,,,,2.0,0.0,Masters,915134087977,,S,,2015.0,5.0,0
1994.0,Нет,Female,No,4.0,200.0,Близнецы,33.0,4.0,,0.0,,915134087977,Pune,S,5.0,2015.0,5.0,0
1990.0,,,No,1.0,495.0,Близнецы,36.0,8.0,3.0,0.0,,916456214594,Bangalore,M,3.0,2012.0,2.0,1
1991.0,,Male,No,5.0,,Водолей,36.0,4.0,3.0,1.0,Bachelors,914647807817,Bangalore,M,6.0,,3.0,0
1991.0,Нет,Male,No,5.0,230.0,,36.0,4.0,3.0,,,914647807817,Bangalore,M,6.0,2012.0,,0
1991.0,Нет,Male,No,,230.0,Водолей,36.0,4.0,3.0,1.0,Bachelors,914647807817,Bangalore,M,6.0,2012.0,3.0,0
1991.0,Нет,Male,No,,,,36.0,4.0,,1.0,Bachelors,914647807817,Bangalore,M,6.0,,3.0,0
1991.0,Нет,,,5.0,230.0,Водолей,36.0,4.0,,1.0,Bachelors,914647807817,Bangalore,M,6.0,2012.0,3.0,0
,Нет,Male,No,3.0,253.0,Стрелец,38.0,7.0,3.0,0.0,Bachelors,916521392919,,M,12.0,2015.0,1.0,0
1988.0,,Male,No,3.0,253.0,,38.0,7.0,3.0,0.0,Bachelors,916521392919,Bangalore,M,12.0,,1.0,0
1988.0,Нет,,No,,253.0,Стрелец,38.0,7.0,3.0,,Bachelors,916521392919,Bangalore,M,12.0,2015.0,1.0,0
1988.0,Нет,Male,,3.0,253.0,Стрелец,,7.0,,,Bachelors,916521392919,Bangalore,M,12.0,2015.0,1.0,0
1988.0,Нет,Male,No,,253.0,Стрелец,38.0,7.0,3.0,0.0,,916521392919,Bangalore,,12.0,2015.0,1.0,0
,Нет,,No,5.0,287.0,,37.0,0.0,2.0,1.0,Bachelors,918828936518,New Delhi,XL,3.0,2017.0,4.0,0
1988.0,Нет,Female,No,5.0,,Скорпион,37.0,0.0,2.0,,,918828936518,,,,2017.0,4.0,0
,Нет,Female,No,5.0,287.0,Скорпион,37.0,,,1.0,,918828936518,New Delhi,XL,3.0,,4.0,0
,Нет,,No,2.0,457.0,Лев,34.0,6.0,3.0,1.0,,917956624150,,L,8.0,2017.0,1.0,0
1992.0,Нет,Female,No,2.0,457.0,,,6.0,3.0,,Masters,917956624150,,L,8.0,2017.0,1.0,0
,,Male,,,148.0,Близнецы,31.0,0.0,3.0,,Bachelors,916160797834,,L,2.0,2013.0,2.0,1
,Да,Male,No,,148.0,Близнецы,,0.0,,0.0,,916160797834,Bangalore,L,2.0,2013.0,2.0,1
,Да,Male,,2.0,148.0,Близнецы,,0.0,3.0,0.0,Bachelors,916160797834,Bangalore,L,2.0,2013.0,,1
1994.0,Да,,No,2.0,148.0,,31.0,0.0,3.0,0.0,Bachelors,916160797834,Bangalore,,,2013.0,2.0,1
1994.0,Да,Male,No,2.0,148.0,Близнецы,31.0,0.0,3.0,0.0,Bachelors,916160797834,Bangalore,L,2.0,,2.0,1
,Нет,Male,No,5.0,,,,,3.0,0.0,Bachelors,913423939666,Bangalore,M,7.0,2013.0,3.0,0
1987.0,Нет,Male,No,5.0,15.0,Водолей,38.0,7.0,3.0,0.0,,913423939666,Bangalore,,7.0,2013.0,,0
,Нет,Male,No,3.0,218.0,Овен,36.0,1.0,3.0,0.0,Bachelors,912383652879,Bangalore,XXL,1.0,2017.0,3.0,0
1990.0,Нет,,No,3.0,,,36.0,1.0,3.0,0.0,Bachelors,912383652879,Bangalore,XXL,,2017.0,,0
1990.0,Нет,Male,,3.0,218.0,Овен,36.0,1.0,3.0,,,912383652879,Bangalore,XXL,1.0,2017.0,3.0,0
1990.0,Нет,,No,3.0,218.0,Овен,36.0,1.0,3.0,,Bachelors,912383652879,Bangalore,XXL,1.0,2017.0,3.0,0
,Нет,Male,,1.0,321.0,,40.0,7.0,3.0,0.0,Bachelors,911390773811,,,6.0,,,0
1984.0,Да,Male,No,5.0,187.0,Рак,41.0,2.0,3.0,1.0,Bachelors,914654884330,Bangalore,L,10.0,2017.0,,1
1984.0,Да,,,,,Рак,41.0,2.0,3.0,1.0,Bachelors,914654884330,Bangalore,L,10.0,,1.0,1
1984.0,Да,Male,No,5.0,187.0,,41.0,2.0,3.0,1.0,Bachelors,914654884330,,,10.0,2017.0,1.0,1
1984.0,Да,Male,,5.0,187.0,,,2.0,3.0,,Bachelors,914654884330,Bangalore,L,10.0,,,1
1995.0,Нет,Female,,,337.0,Дева,31.0,,3.0,1.0,Bachelors,919662065361,Bangalore,L,6.0,2015.0,1.0,0
1995.0,Нет,Female,No,,337.0,,31.0,7.0,3.0,1.0,Bachelors,919662065361,Bangalore,L,6.0,2015.0,,0
1995.0,Нет,Female,No,4.0,337.0,Дева,31.0,7.0,3.0,1.0,,919662065361,Bangalore,,6.0,2015.0,,0
1995.0,Нет,Female,No,4.0,337.0,,31.0,,3.0,,Bachelors,919662065361,,L,6.0,2015.0,1.0,0
1986.0,,Male,No,2.0,407.0,Водолей,,7.0,3.0,0.0,Bachelors,915177544970,New Delhi,XL,,,,0
,Нет,Male,,2.0,407.0,Водолей,41.0,7.0,3.0,,Bachelors,915177544970,New Delhi,,,2017.0,3.0,0
1986.0,Нет,Male,No,,,Водолей,41.0,,3.0,0.0,Bachelors,915177544970,New Delhi,XL,,2017.0,3.0,0
1986.0,Нет,Male,No,,407.0,Водолей,41.0,7.0,3.0,,Bachelors,915177544970,,XL,13.0,2017.0,3.0,0
1995.0,Нет,Female,No,,482.0,Дева,31.0,6.0,3.0,1.0,Bachelors,919316996402,New Delhi,XS,1.0,,,0
,Нет,Female,No,3.0,482.0,Дева,31.0,,3.0,1.0,,919316996402,New Delhi,,1.0,2015.0,1.0,0
,Нет,,No,,,Дева,,6.0,3.0,,Bachelors,919316996402,New Delhi,XS,1.0,,1.0,0
1995.0,,,,0.0,,Рыбы,31.0,3.0,,,Bachelors,917708711231,Pune,M,10.0,2017.0,3.0,1
,Да,Female,No,0.0,147.0,Рыбы,31.0,3.0,,,Bachelors,917708711231,Pune,M,10.0,2017.0,3.0,1
1995.0,,,,,147.0,,31.0,3.0,3.0,1.0,Bachelors,917708711231,Pune,M,10.0,2017.0,,1
,Да,Female,No,0.0,147.0,Рыбы,31.0,3.0,,,Bachelors,917708711231,,M,10.0,,,1
,Да,Female,No,0.0,147.0,Рыбы,,3.0,3.0,1.0,,917708711231,,M,10.0,2017.0,3.0,1
1988.0,Нет,,No,,,Водолей,37.0,7.0,2.0,1.0,Bachelors,911590114977,,S,12.0,,5.0,0
1986.0,Нет,Male,,,11.0,Рак,39.0,6.0,3.0,1.0,Bachelors,914593520707,Pune,M,14.0,2012.0,4.0,0
,Нет,Male,No,,11.0,,39.0,6.0,3.0,1.0,Bachelors,914593520707,Pune,M,14.0,,4.0,0
1986.0,Нет,Male,No,0.0,11.0,Рак,39.0,6.0,3.0,1.0,Bachelors,914593520707,Pune,M,14.0,2012.0,4.0,0
1986.0,Нет,Male,No,0.0,11.0,Рак,39.0,,3.0,1.0,Bachelors,914593520707,Pune,M,14.0,2012.0,,0
1986.0,Нет,Male,No,0.0,,Рак,,,3.0,1.0,Bachelors,914593520707,Pune,M,14.0,2012.0,4.0,0
1989.0,,Male,,3.0,212.0,Рак,38.0,5.0,3.0,0.0,Bachelors,915200041600,,M,2.0,2014.0,,0
,Нет,Male,No,3.0,212.0,Рак,38.0,5.0,,0.0,Bachelors,915200041600,Bangalore,M,2.0,,3.0,0
1989.0,Нет,Male,No,3.0,212.0,Рак,38.0,5.0,3.0,0.0,Bachelors,915200041600,Bangalore,,2.0,,3.0,0
1989.0,Нет,Male,,,212.0,Рак,38.0,5.0,3.0,,,915200041600,Bangalore,M,2.0,2014.0,3.0,0
1989.0,Нет,Male,No,3.0,212.0,,38.0,,3.0,0.0,Bachelors,915200041600,Bangalore,M,2.0,2014.0,3.0,0
1987.0,,Female,,2.0,151.0,,,10.0,3.0,,Bachelors,912483738388,,,,,4.0,1
1987.0,Нет,,No,,151.0,,40.0,10.0,3.0,1.0,Bachelors,912483738388,Pune,S,,,,1
1991.0,Нет,Male,No,,361.0,Скорпион,36.0,1.0,3.0,1.0,Bachelors,913330796050,Pune,L,11.0,2013.0,2.0,0
1991.0,Нет,Male,No,,361.0,Скорпион,36.0,1.0,3.0,,Bachelors,913330796050,Pune,L,11.0,,2.0,0
1991.0,Нет,Male,No,1.0,361.0,Скорпион,36.0,1.0,3.0,1.0,Bachelors,913330796050,Pune,,11.0,2013.0,2.0,0
1991.0,,Male,No,1.0,,,36.0,1.0,3.0,1.0,Bachelors,913330796050,Pune,,11.0,2013.0,2.0,0
1991.0,Нет,Male,No,1.0,361.0,Скорпион,36.0,1.0,3.0,,,913330796050,Pune,L,11.0,,2.0,0
1986.0,Нет,Male,No,,467.0,Стрелец,41.0,6.0,3.0,1.0,,914485447036,Bangalore,L,12.0,2016.0,,0
1986.0,,Male,No,3.0,467.0,Стрелец,41.0,6.0,3.0,1.0,Bachelors,914485447036,Bangalore,L,12.0,2016.0,2.0,0
1986.0,,,No,3.0,,,,6.0,3.0,1.0,Bachelors,914485447036,Bangalore,L,12.0,2016.0,,0
1986.0,,Male,No,3.0,467.0,Стрелец,,6.0,3.0,1.0,Bachelors,914485447036,Bangalore,L,12.0,,,0
1986.0,Нет,Male,No,3.0,,Стрелец,41.0,6.0,3.0,1.0,Bachelors,914485447036,,L,12.0,2016.0,2.0,0
1994.0,,,No,2.0,365.0,Рыбы,32.0,4.0,3.0,1.0,Bachelors,912107931614,,XS,15.0,2018.0,1.0,1
1994.0,Да,Female,No,2.0,365.0,Рыбы,32.0,4.0,3.0,,Bachelors,912107931614,Bangalore,,15.0,2018.0,1.0,1
1986.0,Да,Female,No,,144.0,,,4.0,3.0,1.0,Masters,919510772843,Bangalore,M,12.0,,,1
1992.0,,Male,No,3.0,250.0,Дева,33.0,7.0,,1.0,,914403717299,New Delhi,L,9.0,2014.0,2.0,0
1992.0,Нет,Male,No,3.0,250.0,,33.0,7.0,,1.0,Bachelors,914403717299,New Delhi,L,9.0,,,0
1992.0,Нет,Male,No,3.0,,,33.0,,,1.0,Bachelors,914403717299,New Delhi,L,9.0,2014.0,2.0,0
1992.0,,Male,No,3.0,250.0,Дева,33.0,7.0,3.0,1.0,Bachelors,914403717299,New Delhi,L,9.0,,2.0,0
1993.0,Нет,Male,No,4.0,,Рыбы,,8.0,3.0,1.0,Bachelors,919920420271,,M,10.0,2012.0,,0
,Нет,Male,No,4.0,64.0,Рыбы,32.0,,3.0,1.0,Bachelors,919920420271,Bangalore,M,10.0,,1.0,0
,,,No,4.0,64.0,Рыбы,,8.0,3.0,1.0,Bachelors,919920420271,,M,10.0,2012.0,,0
,Нет,Male,No,4.0,64.0,Рыбы,32.0,8.0,3.0,,,919920420271,Bangalore,M,10.0,2012.0,1.0,0
1984.0,Да,Male,No,5.0,169.0,,41.0,5.0,3.0,1.0,,914907537400,Bangalore,,,,1.0,1
1984.0,Да,,No,,,,41.0,5.0,,1.0,Bachelors,914907537400,,L,14.0,2018.0,1.0,1
1984.0,Да,Male,No,5.0,,Козерог,,5.0,3.0,1.0,Bachelors,914907537400,,,14.0,,1.0,1
1984.0,Да,Male,,5.0,169.0,Козерог,,5.0,3.0,,Bachelors,914907537400,Bangalore,L,14.0,,1.0,1
1996.0,Нет,Male,No,,467.0,Скорпион,,2.0,3.0,,Bachelors,919390538537,Bangalore,,,2016.0,5.0,0
1996.0,Нет,Male,No,0.0,467.0,Скорпион,31.0,,3.0,1.0,Bachelors,919390538537,Bangalore,M,10.0,2016.0,5.0,0
1996.0,Нет,,No,0.0,467.0,Скорпион,31.0,2.0,,1.0,Bachelors,919390538537,Bangalore,M,10.0,2016.0,5.0,0
1996.0,Нет,,No,,467.0,Скорпион,,2.0,,1.0,Bachelors,919390538537,Bangalore,,,2016.0,,0
1996.0,Нет,Male,No,,,Скорпион,,2.0,3.0,1.0,Bachelors,919390538537,Bangalore,M,,2016.0,,0
1996.0,Да,Male,No,2.0,269.0,Овен,31.0,6.0,,1.0,Masters,915591313865,Pune,L,15.0,2018.0,1.0,1
,Нет,Female,No,5.0,321.0,,35.0,4.0,3.0,,Bachelors,916605261586,New Delhi,S,7.0,2017.0,3.0,0
1992.0,Нет,Female,No,5.0,321.0,Лев,35.0,4.0,3.0,0.0,Bachelors,916605261586,New Delhi,,7.0,2017.0,,0
1994.0,Да,Female,,,23.0,Водолей,,0.0,,1.0,Bachelors,918737422797,Pune,,2.0,2015.0,4.0,1
1994.0,Да,Female,No,5.0,23.0,Водолей,32.0,,1.0,1.0,,918737422797,Pune,,2.0,2015.0,4.0,1
1985.0,,Female,No,2.0,71.0,Овен,41.0,,3.0,1.0,Masters,911419514993,New Delhi,XS,2.0,2017.0,,0
1985.0,Нет,,No,2.0,71.0,,41.0,,,,Masters,911419514993,,XS,2.0,2017.0,1.0,0
1985.0,Нет,Female,,2.0,71.0,Овен,41.0,8.0,,1.0,Masters,911419514993,,,2.0,2017.0,1.0,0
1985.0,Нет,Female,No,2.0,71.0,Овен,41.0,8.0,3.0,1.0,Masters,911419514993,New Delhi,,,,,0
1985.0,,Female,No,2.0,71.0,Овен,41.0,8.0,3.0,,,911419514993,,,2.0,2017.0,1.0,0
1991.0,Нет,Female,No,,383.0,Лев,36.0,6.0,,0.0,,918786270130,,S,,2017.0,3.0,0
,Нет,Female,No,,383.0,Лев,,6.0,2.0,0.0,Masters,918786270130,,S,1.0,2017.0,,0
1991.0,,Female,No,1.0,383.0,Лев,36.0,6.0,2.0,0.0,Masters,918786270130,,S,1.0,2017.0,3.0,0
1991.0,Нет,Female,No,1.0,383.0,Лев,36.0,6.0,2.0,0.0,,918786270130,,,1.0,2017.0,3.0,0
1991.0,Нет,,,1.0,483.0,,35.0,,3.0,1.0,,919822184782,Pune,M,7.0,2017.0,1.0,0
1991.0,,Male,No,1.0,483.0,Близнецы,,3.0,3.0,1.0,Masters,919822184782,Pune,M,7.0,2017.0,1.0,0
1991.0,Нет,Male,No,1.0,483.0,Близнецы,35.0,3.0,3.0,1.0,Masters,919822184782,Pune,M,,2017.0,,0
,,,No,1.0,483.0,Близнецы,35.0,3.0,3.0,1.0,Masters,919822184782,Pune,,7.0,2017.0,1.0,0
1991.0,Да,,No,1.0,18.0,Близнецы,,5.0,,0.0,Masters,912517929486,New Delhi,S,5.0,2017.0,1.0,1
1991.0,Да,,No,,18.0,Близнецы,,5.0,3.0,,Masters,912517929486,,S,,2017.0,1.0,1
1994.0,Нет,Male,No,,,Дева,,8.0,3.0,1.0,Bachelors,918889601320,New Delhi,M,9.0,2015.0,,0
,Нет,,No,4.0,139.0,Стрелец,38.0,10.0,,1.0,,916391242415,Bangalore,L,12.0,2014.0,2.0,0
1993.0,,Female,No,3.0,320.0,Козерог,33.0,,2.0,,Bachelors,915775920706,New Delhi,S,6.0,2015.0,3.0,1
1993.0,Да,Female,,3.0,320.0,Козерог,33.0,10.0,2.0,0.0,Bachelors,915775920706,,S,6.0,,3.0,1
1996.0,Нет,Female,,2.0,262.0,Телец,31.0,6.0,3.0,1.0,Masters,911932170085,New Delhi,,0.0,,,1
1996.0,Нет,Female,,2.0,262.0,,31.0,6.0,,,Masters,911932170085,New Delhi,M,0.0,2018.0,1.0,1
1995.0,Нет,,No,3.0,21.0,Стрелец,31.0,,3.0,0.0,PHD,918398840120,Bangalore,,9.0,,4.0,0
,Нет,,No,3.0,,Стрелец,31.0,10.0,3.0,0.0,PHD,918398840120,,M,9.0,2015.0,4.0,0
1995.0,Нет,Male,No,3.0,21.0,Стрелец,,10.0,3.0,0.0,PHD,918398840120,Bangalore,,9.0,2015.0,4.0,0
1995.0,Нет,Male,No,3.0,,Стрелец,31.0,10.0,3.0,0.0,PHD,918398840120,Bangalore,M,9.0,2015.0,4.0,0
,Нет,Male,No,5.0,323.0,Козерог,37.0,2.0,3.0,1.0,Bachelors,919459977998,Bangalore,M,14.0,2013.0,3.0,0
1994.0,Нет,Male,No,1.0,9.0,Рак,32.0,7.0,3.0,0.0,,918547390810,Bangalore,M,5.0,2014.0,1.0,0
1994.0,Нет,Male,No,1.0,9.0,Рак,32.0,,3.0,0.0,,918547390810,Bangalore,,5.0,2014.0,1.0,0
1994.0,Нет,Male,No,1.0,9.0,Рак,32.0,,,0.0,Bachelors,918547390810,Bangalore,,5.0,2014.0,1.0,0
,Нет,Male,No,3.0,398.0,Овен,33.0,,3.0,0.0,Bachelors,915682249883,,L,4.0,2017.0,5.0,0
1994.0,,Male,No,3.0,398.0,,,,3.0,0.0,Bachelors,915682249883,,L,,2017.0,,0
1994.0,Нет,Male,,3.0,398.0,Овен,33.0,1.0,,,Bachelors,915682249883,Bangalore,L,4.0,2017.0,5.0,0
1989.0,Нет,Male,No,5.0,456.0,Козерог,37.0,8.0,3.0,0.0,Bachelors,914726846332,Bangalore,M,6.0,2014.0,1.0,0
1989.0,,Male,No,5.0,456.0,,,,3.0,0.0,,914726846332,Bangalore,M,6.0,2014.0,1.0,0
,Нет,,No,,,,37.0,8.0,,0.0,Bachelors,914726846332,Bangalore,M,6.0,2014.0,1.0,0
,Нет,,No,5.0,,Козерог,37.0,8.0,3.0,0.0,Bachelors,914726846332,Bangalore,M,,2014.0,1.0,0
,Нет,Male,No,3.0,256.0,Телец,32.0,,3.0,1.0,Bachelors,919225411969,Bangalore,L,,2012.0,1.0,0
1994.0,,Male,No,3.0,256.0,Телец,,,3.0,1.0,Bachelors,919225411969,Bangalore,L,,,1.0,0
1994.0,Нет,Male,No,3.0,256.0,Телец,,6.0,3.0,,Bachelors,919225411969,Bangalore,,6.0,2012.0,1.0,0
1994.0,Нет,Male,No,3.0,256.0,Телец,32.0,6.0,3.0,1.0,,919225411969,Bangalore,L,,,1.0,0
1987.0,Да,,Yes,2.0,,Рак,,,,,Bachelors,912398601121,,XS,2.0,2015.0,,1
1986.0,,Female,No,1.0,252.0,Скорпион,40.0,8.0,1.0,0.0,Bachelors,913072938055,,S,4.0,2014.0,,1
1986.0,Да,,No,1.0,252.0,Скорпион,40.0,,,0.0,Bachelors,913072938055,Pune,S,4.0,2014.0,3.0,1
1986.0,Да,Female,No,1.0,252.0,Скорпион,40.0,8.0,1.0,0.0,Bachelors,913072938055,Pune,S,4.0,2014.0,3.0,1
,Да,Female,No,1.0,252.0,Скорпион,,8.0,1.0,,,913072938055,Pune,S,4.0,,3.0,1
1988.0,Да,,No,2.0,,,39.0,,2.0,0.0,,916673495159,Bangalore,L,14.0,2017.0,5.0,1
1988.0,Да,Female,No,2.0,212.0,Овен,39.0,,2.0,,Masters,916673495159,,,14.0,2017.0,5.0,1
,,Female,No,2.0,212.0,Овен,39.0,7.0,2.0,,Masters,916673495159,Bangalore,L,,2017.0,5.0,1
1988.0,Да,,No,2.0,212.0,Овен,39.0,7.0,2.0,0.0,Masters,916673495159,Bangalore,L,14.0,2017.0,5.0,1
1988.0,Да,Female,No,2.0,212.0,Овен,39.0,7.0,2.0,0.0,Masters,916673495159,,L,14.0,2017.0,5.0,1
1984.0,Нет,,No,1.0,,Дева,41.0,6.0,3.0,0.0,PHD,912412269017,New Delhi,M,6.0,2016.0,5.0,0
,Нет,Male,No,,,Дева,41.0,,3.0,0.0,PHD,912412269017,New Delhi,M,,2016.0,,0
1984.0,Нет,Male,No,1.0,260.0,Дева,41.0,6.0,3.0,0.0,PHD,912412269017,New Delhi,M,6.0,2016.0,5.0,0
,Нет,Male,No,1.0,260.0,,41.0,6.0,,0.0,PHD,912412269017,New Delhi,M,,2016.0,5.0,0
1984.0,Нет,Male,No,,260.0,Дева,41.0,6.0,3.0,0.0,PHD,912412269017,New Delhi,,6.0,2016.0,,0
1993.0,Нет,Female,,0.0,4.0,Рыбы,32.0,4.0,3.0,1.0,PHD,916832797773,New Delhi,XS,6.0,2014.0,5.0,0
1993.0,,Female,No,,4.0,,32.0,,,1.0,,916832797773,New Delhi,XS,6.0,2014.0,5.0,0
1993.0,Нет,Female,,0.0,4.0,Рыбы,32.0,4.0,3.0,1.0,PHD,916832797773,New Delhi,XS,6.0,2014.0,,0
,Да,Male,No,0.0,279.0,,38.0,,,,Bachelors,912581263880,,S,,,1.0,1
1988.0,Да,Male,No,,279.0,Козерог,38.0,9.0,3.0,1.0,Bachelors,912581263880,Bangalore,S,15.0,2017.0,1.0,1
1988.0,,Male,No,0.0,279.0,,38.0,9.0,3.0,1.0,,912581263880,Bangalore,S,15.0,2017.0,1.0,1
1996.0,Нет,Female,Yes,2.0,273.0,,31.0,9.0,2.0,0.0,,914170556584,,L,8.0,2017.0,,0
1996.0,Нет,Female,,2.0,273.0,,31.0,,2.0,0.0,Masters,914170556584,New Delhi,L,8.0,2017.0,,0
1996.0,Нет,Female,Yes,2.0,273.0,Стрелец,31.0,9.0,2.0,,Masters,914170556584,New Delhi,,,2017.0,3.0,0
1987.0,,Male,,3.0,209.0,Дева,38.0,2.0,3.0,1.0,Bachelors,914274332851,Bangalore,XXL,13.0,2018.0,5.0,1
1987.0,Да,,,3.0,209.0,Дева,,2.0,,1.0,Bachelors,914274332851,,XXL,13.0,2018.0,5.0,1
1987.0,Да,Male,Yes,3.0,209.0,Дева,38.0,2.0,3.0,1.0,Bachelors,914274332851,,XXL,13.0,2018.0,5.0,1
1993.0,Нет,Male,No,,233.0,Скорпион,,,3.0,0.0,,915886303157,,L,5.0,2016.0,5.0,0
,Нет,Male,No,4.0,233.0,Скорпион,,,3.0,0.0,Bachelors,915886303157,Bangalore,L,5.0,2016.0,,0
1992.0,Да,Female,No,5.0,203.0,Стрелец,35.0,1.0,2.0,0.0,,918145118256,Pune,XL,11.0,2017.0,1.0,1
1992.0,Да,Female,No,5.0,203.0,Стрелец,35.0,1.0,,0.0,,918145118256,Pune,,11.0,2017.0,,1
,,,No,5.0,469.0,Стрелец,34.0,7.0,3.0,1.0,,918033036203,,S,,2013.0,1.0,0
1991.0,Нет,Male,No,5.0,469.0,Стрелец,34.0,7.0,3.0,1.0,Bachelors,918033036203,Bangalore,S,12.0,2013.0,1.0,0
1991.0,Нет,Male,No,5.0,,Стрелец,34.0,7.0,,1.0,Bachelors,918033036203,Bangalore,S,12.0,,,0
1991.0,,Male,No,5.0,469.0,,34.0,7.0,,1.0,,918033036203,,,,,1.0,0
1991.0,,Male,,5.0,469.0,Стрелец,34.0,7.0,3.0,1.0,Bachelors,918033036203,Bangalore,S,,2013.0,1.0,0
1987.0,Да,Male,Yes,1.0,184.0,Весы,38.0,10.0,3.0,1.0,,917831544273,Bangalore,,0.0,2018.0,1.0,1
1987.0,,Male,Yes,1.0,184.0,,38.0,10.0,3.0,1.0,Bachelors,917831544273,,L,0.0,2018.0,1.0,1
,,Male,Yes,1.0,184.0,,38.0,10.0,,,Bachelors,917831544273,Bangalore,L,0.0,2018.0,,1
1987.0,,Male,Yes,,184.0,Весы,38.0,10.0,3.0,1.0,Bachelors,917831544273,,L,0.0,2018.0,1.0,1
1989.0,Да,Female,No,1.0,102.0,Скорпион,36.0,8.0,1.0,,Bachelors,912391729432,Pune,,,2014.0,,1
1989.0,Да,Female,No,1.0,102.0,Скорпион,,8.0,1.0,1.0,,912391729432,Pune,M,6.0,2014.0,,1
1993.0,Нет,,Yes,2.0,257.0,Лев,34.0,3.0,3.0,1.0,Bachelors,918535236070,Bangalore,XS,,2015.0,2.0,0
1986.0,Нет,Female,,2.0,,Весы,39.0,2.0,3.0,1.0,Masters,916164630313,,M,4.0,2015.0,,0
,Нет,Female,No,0.0,302.0,Стрелец,40.0,9.0,1.0,0.0,,917301076899,New Delhi,XS,2.0,2017.0,3.0,0
1989.0,Нет,Male,Yes,1.0,267.0,Рыбы,38.0,8.0,3.0,0.0,Bachelors,913740702997,,M,6.0,2016.0,4.0,0
1989.0,,Male,Yes,1.0,,Рыбы,38.0,,,0.0,Bachelors,913740702997,Bangalore,M,6.0,,,0
,Нет,Male,Yes,1.0,267.0,Рыбы,38.0,8.0,3.0,0.0,Bachelors,913740702997,Bangalore,M,6.0,2016.0,4.0,0
1991.0,Нет,,No,3.0,57.0,Телец,35.0,6.0,3.0,1.0,,919686023272,Pune,XL,,2015.0,3.0,0
1991.0,Нет,Male,No,,57.0,Телец,35.0,6.0,,1.0,Bachelors,919686023272,,XL,14.0,2015.0,,0
1991.0,Нет,Male,No,,57.0,Телец,,6.0,3.0,1.0,Bachelors,919686023272,Pune,XL,14.0,2015.0,3.0,0
1995.0,Да,Male,No,3.0,316.0,Рак,31.0,2.0,2.0,,,915736435042,,L,0.0,2014.0,1.0,1
1995.0,Да,Male,No,3.0,,Рак,,,2.0,0.0,Bachelors,915736435042,,L,0.0,2014.0,,1
1995.0,Да,Male,No,3.0,316.0,Рак,31.0,2.0,2.0,0.0,,915736435042,Pune,L,0.0,2014.0,1.0,1
1995.0,,,,3.0,316.0,Рак,31.0,2.0,2.0,0.0,Bachelors,915736435042,Pune,L,0.0,2014.0,1.0,1
,Нет,Male,No,2.0,149.0,Телец,,2.0,3.0,1.0,Bachelors,911382473092,Pune,XL,,2017.0,2.0,0
1986.0,Нет,Male,No,2.0,149.0,Телец,41.0,,3.0,1.0,Bachelors,911382473092,Pune,XL,12.0,2017.0,2.0,0
,,Male,No,5.0,,Дева,33.0,9.0,,0.0,,915920501968,Bangalore,L,7.0,2018.0,5.0,1
1992.0,Да,Male,No,5.0,212.0,Дева,33.0,9.0,3.0,0.0,Bachelors,915920501968,Bangalore,L,7.0,2018.0,5.0,1
1992.0,Да,,,,212.0,,33.0,9.0,3.0,0.0,Bachelors,915920501968,Bangalore,L,7.0,,5.0,1
1992.0,Да,Male,No,5.0,212.0,Дева,33.0,9.0,3.0,0.0,Bachelors,915920501968,Bangalore,L,7.0,2018.0,,1
1992.0,Да,Male,,,212.0,Дева,,9.0,3.0,,,915920501968,,L,7.0,2018.0,,1
1992.0,Нет,,,5.0,237.0,Лев,33.0,1.0,2.0,1.0,Bachelors,914129193588,New Delhi,S,1.0,2017.0,,0
1992.0,Нет,Male,No,5.0,237.0,Лев,,1.0,2.0,,Bachelors,914129193588,New Delhi,,1.0,2017.0,2.0,0
1992.0,Нет,Male,No,5.0,237.0,Лев,33.0,1.0,2.0,,Bachelors,914129193588,,S,1.0,2017.0,,0
1992.0,,,No,5.0,237.0,Лев,33.0,1.0,2.0,1.0,Bachelors,914129193588,,S,1.0,2017.0,2.0,0
,Нет,Female,Yes,4.0,,Весы,,0.0,,0.0,Bachelors,917569375984,New Delhi,,1.0,2016.0,1.0,0
1994.0,Нет,Female,Yes,4.0,,Весы,31.0,0.0,3.0,0.0,Bachelors,917569375984,,,1.0,,1.0,0
1994.0,Нет,Female,Yes,4.0,342.0,Весы,31.0,,3.0,,Bachelors,917569375984,New Delhi,XS,1.0,2016.0,1.0,0
1991.0,Нет,Male,No,4.0,67.0,,35.0,6.0,3.0,0.0,Masters,918573770022,New Delhi,XL,15.0,2013.0,4.0,0
1991.0,Нет,,No,4.0,67.0,Овен,35.0,6.0,3.0,,Masters,918573770022,New Delhi,XL,15.0,2013.0,,0
1991.0,Нет,,,4.0,67.0,Овен,35.0,,3.0,0.0,Masters,918573770022,New Delhi,XL,,2013.0,4.0,0
1991.0,Нет,,No,4.0,67.0,Овен,35.0,6.0,3.0,0.0,,918573770022,New Delhi,XL,,2013.0,4.0,0
,Нет,Female,No,1.0,,,37.0,0.0,3.0,0.0,Bachelors,914018901624,Bangalore,S,5.0,2016.0,4.0,0
1989.0,Нет,,No,1.0,221.0,,,,,,Bachelors,914018901624,Bangalore,S,5.0,,,0
1989.0,Нет,Female,,1.0,221.0,Рыбы,37.0,0.0,3.0,0.0,Bachelors,914018901624,Bangalore,,,,,0
1989.0,Нет,Female,No,1.0,221.0,Рыбы,37.0,,3.0,0.0,Bachelors,914018901624,Bangalore,S,5.0,2016.0,4.0,0
,Нет,,,,221.0,,37.0,0.0,3.0,0.0,Bachelors,914018901624,Bangalore,S,,2016.0,4.0,0
,Нет,Male,,,363.0,Водолей,31.0,5.0,3.0,1.0,,915669890853,Bangalore,L,13.0,2015.0,2.0,0
,Нет,,,,363.0,Водолей,31.0,5.0,3.0,1.0,Bachelors,915669890853,Bangalore,L,13.0,,2.0,0
1996.0,,Male,No,5.0,,Водолей,,5.0,3.0,1.0,,915669890853,Bangalore,,13.0,2015.0,2.0,0
1991.0,Да,,No,,239.0,Водолей,35.0,1.0,3.0,,,915489835018,,L,8.0,,3.0,1
1991.0,Да,Male,No,1.0,239.0,Водолей,35.0,1.0,3.0,1.0,Bachelors,915489835018,Bangalore,L,8.0,,3.0,1
1994.0,Нет,Male,No,3.0,71.0,Телец,32.0,6.0,,0.0,Bachelors,911282944389,,L,,2014.0,5.0,0
,,Male,,,71.0,,32.0,,,0.0,Bachelors,911282944389,Bangalore,L,6.0,2014.0,5.0,0
1994.0,Нет,Female,No,0.0,0.0,Весы,,7.0,,,Bachelors,914770354484,,L,12.0,2015.0,3.0,0
1986.0,Нет,Female,,5.0,116.0,Телец,40.0,,3.0,,Bachelors,918101677355,Bangalore,S,6.0,,1.0,0
1992.0,Нет,,No,5.0,324.0,,34.0,8.0,3.0,0.0,Bachelors,919596241852,Bangalore,XL,6.0,2012.0,3.0,0
1992.0,Нет,,No,5.0,,Козерог,34.0,,,0.0,Bachelors,919596241852,Bangalore,,6.0,,,0
1992.0,Нет,Male,No,5.0,324.0,Козерог,34.0,8.0,3.0,0.0,,919596241852,Bangalore,XL,6.0,,3.0,0
,Нет,Male,No,4.0,49.0,Весы,37.0,2.0,3.0,,Bachelors,919602107675,Pune,,7.0,2014.0,,0
1990.0,Нет,Male,No,,49.0,Весы,37.0,2.0,3.0,0.0,Bachelors,919602107675,Pune,L,7.0,,2.0,0
1990.0,Нет,Male,No,4.0,49.0,Весы,37.0,2.0,3.0,0.0,Bachelors,919602107675,Pune,L,7.0,2014.0,2.0,0
1985.0,Нет,,No,3.0,361.0,Телец,40.0,8.0,3.0,0.0,,919782499090,Bangalore,M,15.0,2015.0,4.0,0
1985.0,Нет,Male,,,361.0,Телец,40.0,8.0,,0.0,PHD,919782499090,Bangalore,M,15.0,2015.0,,0
,Нет,Male,No,1.0,427.0,,,,3.0,,,919284639128,,L,11.0,2013.0,5.0,0
1992.0,,Male,No,1.0,427.0,,33.0,8.0,3.0,1.0,Bachelors,919284639128,Bangalore,L,11.0,2013.0,5.0,0
,,Male,No,1.0,427.0,Стрелец,33.0,8.0,3.0,1.0,,919284639128,Bangalore,L,11.0,,5.0,0
1992.0,Нет,Male,No,,427.0,Стрелец,,8.0,3.0,1.0,Bachelors,919284639128,Bangalore,,,2013.0,5.0,0
1985.0,Нет,Male,No,,352.0,,41.0,8.0,2.0,1.0,Masters,915027970489,New Delhi,L,,2017.0,2.0,1
1985.0,Нет,Male,No,,352.0,,41.0,8.0,,,Masters,915027970489,New Delhi,L,0.0,2017.0,2.0,1
1991.0,,Female,No,0.0,261.0,Весы,,4.0,1.0,0.0,Masters,912780920717,New Delhi,S,,,,0
1991.0,Нет,Female,No,0.0,261.0,Весы,36.0,,1.0,0.0,Masters,912780920717,New Delhi,S,3.0,2017.0,2.0,0
1991.0,Нет,Female,No,0.0,261.0,Весы,36.0,,1.0,0.0,Masters,912780920717,New Delhi,S,3.0,2017.0,2.0,0
,Нет,,No,,346.0,Рак,33.0,,3.0,0.0,Bachelors,918567702617,Bangalore,L,3.0,2016.0,3.0,0
1994.0,Нет,,,1.0,,Рак,33.0,1.0,3.0,0.0,Bachelors,918567702617,Bangalore,L,3.0,2016.0,,0
1994.0,Нет,Male,No,1.0,346.0,Рак,33.0,1.0,3.0,,Bachelors,918567702617,Bangalore,L,3.0,2016.0,,0
1994.0,,Male,No,1.0,346.0,Рак,33.0,1.0,3.0,0.0,Bachelors,918567702617,,L,,2016.0,3.0,0
,Нет,Male,No,1.0,,Рак,33.0,1.0,3.0,0.0,Bachelors,918567702617,Bangalore,L,,2016.0,,0
1996.0,Нет,Male,No,5.0,118.0,Водолей,,7.0,3.0,1.0,,914617697074,,M,9.0,2014.0,1.0,0
,Нет,Male,No,5.0,,Водолей,,,3.0,1.0,Bachelors,914617697074,Pune,M,9.0,,1.0,0
1991.0,Да,,No,3.0,193.0,,34.0,10.0,2.0,0.0,Bachelors,917838224473,Pune,S,,2013.0,1.0,1
,Да,Female,,3.0,193.0,Стрелец,,10.0,2.0,0.0,Bachelors,917838224473,,S,15.0,2013.0,1.0,1
1991.0,,Female,,3.0,193.0,Стрелец,34.0,10.0,2.0,,,917838224473,,S,15.0,2013.0,1.0,1
1995.0,Нет,Male,No,,310.0,,31.0,5.0,3.0,,Bachelors,911449629348,Bangalore,M,11.0,,1.0,0
,Да,,No,4.0,,Телец,36.0,,,1.0,,914549949285,New Delhi,M,7.0,2016.0,1.0,1
1991.0,,,No,4.0,0.0,,36.0,2.0,2.0,1.0,Bachelors,914549949285,New Delhi,M,,2016.0,1.0,1
1991.0,,Female,No,,0.0,Телец,,2.0,2.0,1.0,Bachelors,914549949285,New Delhi,M,7.0,2016.0,1.0,1
1986.0,Да,Female,Yes,1.0,331.0,Рак,39.0,0.0,,,Bachelors,914597393567,Pune,S,9.0,2015.0,4.0,1
1986.0,Да,Female,Yes,1.0,331.0,Рак,39.0,0.0,2.0,0.0,Bachelors,914597393567,Pune,,9.0,2015.0,,1
1996.0,Нет,Male,No,,321.0,Телец,31.0,,3.0,0.0,,911429914813,Pune,XL,14.0,2014.0,1.0,0
1996.0,,Male,No,3.0,321.0,Телец,31.0,8.0,3.0,0.0,Bachelors,911429914813,Pune,XL,14.0,2014.0,1.0,0
1996.0,,,No,,321.0,Телец,,8.0,3.0,0.0,Bachelors,911429914813,Pune,XL,,2014.0,1.0,0
1996.0,Нет,Male,No,,321.0,Телец,31.0,8.0,3.0,0.0,Bachelors,911429914813,Pune,,,2014.0,1.0,0
1996.0,Нет,Male,No,,321.0,Телец,,8.0,3.0,0.0,Bachelors,911429914813,,XL,14.0,2014.0,,0
1987.0,Да,Male,No,3.0,50.0,Рак,40.0,7.0,3.0,,Bachelors,913105571051,New Delhi,,,2015.0,,1
1987.0,Да,,No,3.0,50.0,Рак,40.0,,3.0,1.0,Bachelors,913105571051,New Delhi,L,8.0,2015.0,2.0,1
1994.0,Нет,Female,No,4.0,342.0,Козерог,32.0,2.0,3.0,1.0,Bachelors,918717881888,Bangalore,S,8.0,2015.0,,0
1994.0,Нет,,No,,,Козерог,32.0,2.0,3.0,,Bachelors,918717881888,Bangalore,S,8.0,2015.0,2.0,0
1994.0,Нет,Female,No,4.0,342.0,Козерог,32.0,2.0,3.0,,Bachelors,918717881888,Bangalore,S,8.0,2015.0,2.0,0
1994.0,,Female,No,4.0,342.0,Козерог,32.0,2.0,3.0,1.0,Bachelors,918717881888,,S,8.0,,2.0,0
1994.0,Нет,Female,No,4.0,342.0,Козерог,32.0,2.0,,1.0,Bachelors,918717881888,Bangalore,S,,,2.0,0
1992.0,Нет,Male,No,1.0,159.0,Рак,34.0,9.0,3.0,0.0,Bachelors,915674713530,Bangalore,XL,4.0,2014.0,3.0,0
,Нет,Male,,1.0,159.0,Рак,,9.0,3.0,0.0,,915674713530,Bangalore,XL,4.0,,3.0,0
1992.0,Нет,Male,,1.0,159.0,Рак,,9.0,3.0,0.0,Bachelors,915674713530,,XL,4.0,2014.0,3.0,0
1992.0,,,No,1.0,159.0,Рак,34.0,9.0,3.0,0.0,Bachelors,915674713530,Bangalore,,4.0,2014.0,3.0,0
1986.0,Нет,,No,2.0,386.0,Рыбы,39.0,9.0,1.0,1.0,Bachelors,916998172028,,L,,2014.0,4.0,0
1986.0,Нет,Male,No,2.0,386.0,Рыбы,,9.0,1.0,1.0,Bachelors,916998172028,,L,5.0,,4.0,0
,Нет,Male,No,2.0,386.0,Рыбы,39.0,9.0,,1.0,Bachelors,916998172028,Bangalore,L,5.0,,4.0,0
1986.0,,Male,No,2.0,386.0,,39.0,9.0,,1.0,Bachelors,916998172028,Bangalore,L,5.0,2014.0,,0
1986.0,Нет,,No,,386.0,Рыбы,39.0,,,1.0,Bachelors,916998172028,,L,5.0,2014.0,4.0,0
1992.0,Да,Female,No,4.0,340.0,Телец,34.0,9.0,2.0,1.0,Bachelors,918218020948,Pune,S,6.0,2018.0,1.0,1
1992.0,Да,Female,No,4.0,,Телец,34.0,9.0,,,Bachelors,918218020948,Pune,S,6.0,2018.0,1.0,1
1989.0,Нет,Male,Yes,1.0,408.0,,38.0,6.0,3.0,0.0,,917259042561,Pune,S,,2017.0,2.0,0
1989.0,Нет,Male,Yes,,408.0,Стрелец,38.0,6.0,3.0,0.0,Bachelors,917259042561,Pune,S,7.0,2017.0,,0
1993.0,Нет,Male,,2.0,33.0,,33.0,10.0,2.0,1.0,,916784777720,New Delhi,L,1.0,,1.0,0
1993.0,Нет,,No,2.0,33.0,Телец,,,,1.0,Masters,916784777720,New Delhi,L,1.0,2017.0,1.0,0
,Нет,,No,2.0,33.0,Телец,33.0,10.0,2.0,1.0,Masters,916784777720,New Delhi,L,1.0,2017.0,,0
1986.0,Нет,Male,No,5.0,22.0,Рак,41.0,6.0,3.0,0.0,Bachelors,916885965279,Bangalore,XL,6.0,2014.0,,0
1986.0,Нет,Male,No,5.0,22.0,Рак,41.0,6.0,3.0,0.0,Bachelors,916885965279,,XL,6.0,2014.0,5.0,0
1986.0,,Male,No,,22.0,Рак,41.0,,3.0,0.0,,916885965279,Bangalore,,6.0,2014.0,5.0,0
,Нет,Male,No,0.0,243.0,,,9.0,1.0,0.0,Masters,913292016286,Pune,S,0.0,2017.0,4.0,0
1987.0,Нет,Male,No,,243.0,Весы,,9.0,1.0,0.0,Masters,913292016286,,S,0.0,2017.0,4.0,0
1987.0,Нет,Male,No,0.0,243.0,Весы,39.0,9.0,1.0,0.0,Masters,913292016286,Pune,S,0.0,2017.0,,0
1987.0,Нет,Male,No,,243.0,,39.0,9.0,1.0,,Masters,913292016286,Pune,S,0.0,2017.0,4.0,0
1987.0,Нет,,No,0.0,243.0,Весы,39.0,9.0,1.0,0.0,Masters,913292016286,,S,0.0,2017.0,4.0,0
,Нет,Male,No,,494.0,Водолей,39.0,3.0,,1.0,Masters,917428461796,Pune,XXL,10.0,2013.0,3.0,0
,Нет,Male,No,2.0,,Водолей,39.0,3.0,,1.0,Masters,917428461796,Pune,XXL,10.0,2013.0,,0
1985.0,Нет,Male,No,4.0,413.0,Рак,,0.0,3.0,,Bachelors,919168271414,Bangalore,L,12.0,2012.0,2.0,0
1985.0,,Male,No,4.0,,Рак,40.0,0.0,3.0,0.0,Bachelors,919168271414,Bangalore,L,12.0,2012.0,,0
1985.0,Нет,Male,No,4.0,413.0,Рак,,,3.0,0.0,,919168271414,Bangalore,L,,2012.0,,0
1985.0,Нет,Male,No,4.0,413.0,Рак,40.0,0.0,,0.0,Bachelors,919168271414,Bangalore,L,12.0,2012.0,2.0,0
1985.0,Нет,Male,No,4.0,,Рак,,,,0.0,Bachelors,919168271414,Bangalore,,12.0,,2.0,0
,Нет,Male,No,0.0,456.0,,34.0,8.0,3.0,0.0,,915720414362,,L,4.0,,1.0,0
1993.0,Нет,Male,No,,,Овен,34.0,8.0,3.0,0.0,Bachelors,915720414362,Bangalore,L,4.0,,,0
1993.0,Нет,Male,No,0.0,456.0,Овен,34.0,8.0,3.0,0.0,Bachelors,915720414362,Bangalore,L,4.0,2015.0,1.0,0
1993.0,Нет,,,0.0,,Овен,34.0,8.0,3.0,0.0,Bachelors,915720414362,Bangalore,,4.0,2015.0,1.0,0
1993.0,Нет,Male,No,,456.0,Овен,34.0,8.0,3.0,,,915720414362,Bangalore,L,4.0,2015.0,1.0,0
1994.0,,Male,No,,420.0,,,0.0,3.0,0.0,Bachelors,913287097502,Bangalore,M,14.0,2013.0,2.0,1
1994.0,Да,Male,No,5.0,420.0,,32.0,,,,,913287097502,Bangalore,,14.0,2013.0,,1
1994.0,Да,Male,No,5.0,420.0,,32.0,0.0,3.0,0.0,Bachelors,913287097502,,M,14.0,2013.0,2.0,1
1994.0,Да,Male,,5.0,,,,,3.0,0.0,Bachelors,913287097502,,M,14.0,,,1
1996.0,Нет,Male,No,,368.0,Скорпион,31.0,10.0,3.0,1.0,Bachelors,912071078395,Bangalore,,14.0,,3.0,0
1996.0,Нет,Male,,4.0,368.0,Скорпион,31.0,10.0,,1.0,Bachelors,912071078395,,S,14.0,,3.0,0
1996.0,,,No,4.0,368.0,,31.0,10.0,3.0,1.0,Bachelors,912071078395,,,14.0,,3.0,0
1996.0,Нет,Male,,4.0,368.0,Скорпион,31.0,10.0,3.0,,Bachelors,912071078395,Bangalore,S,14.0,,3.0,0
,Нет,Male,Yes,0.0,479.0,Близнецы,,,3.0,1.0,Bachelors,916014334126,Bangalore,M,13.0,2012.0,1.0,0
,Нет,Male,No,2.0,77.0,,35.0,5.0,,0.0,Masters,914872396193,Pune,XL,6.0,2017.0,2.0,0
1992.0,Нет,Male,,2.0,77.0,Дева,35.0,5.0,,0.0,Masters,914872396193,,XL,6.0,2017.0,2.0,0
1994.0,Нет,Male,No,1.0,141.0,Телец,,3.0,3.0,0.0,Bachelors,917467119351,Pune,S,15.0,2015.0,1.0,0
1994.0,,Male,No,1.0,,Телец,31.0,,3.0,0.0,Bachelors,917467119351,Pune,S,,2015.0,1.0,0
1994.0,Нет,,No,,141.0,Телец,31.0,3.0,3.0,0.0,Bachelors,917467119351,Pune,S,15.0,2015.0,1.0,0
1994.0,,Male,No,1.0,,,,3.0,,0.0,Bachelors,917467119351,Pune,,15.0,2015.0,1.0,0
1994.0,Нет,Male,No,1.0,141.0,,31.0,3.0,3.0,0.0,,917467119351,Pune,S,15.0,2015.0,1.0,0
1987.0,Нет,Male,No,4.0,14.0,Водолей,39.0,8.0,3.0,0.0,Bachelors,916938897724,Pune,XL,3.0,,3.0,0
,Нет,Male,No,4.0,14.0,,39.0,8.0,3.0,0.0,,916938897724,Pune,XL,3.0,2016.0,,0
1986.0,,,No,1.0,477.0,Рыбы,39.0,,,0.0,,913705883732,Bangalore,L,6.0,2018.0,3.0,1
1986.0,Да,,No,1.0,477.0,Рыбы,39.0,6.0,3.0,0.0,,913705883732,Bangalore,L,,2018.0,3.0,1
1995.0,Да,Male,No,3.0,307.0,,32.0,4.0,3.0,0.0,Bachelors,919590490552,Bangalore,M,5.0,2018.0,3.0,1
1995.0,Да,Male,,3.0,307.0,Дева,32.0,4.0,3.0,0.0,,919590490552,Bangalore,M,5.0,,3.0,1
1988.0,,,,,,Стрелец,38.0,7.0,3.0,,Bachelors,913301231981,Bangalore,,15.0,2015.0,4.0,0
,Нет,Male,No,3.0,329.0,,35.0,0.0,3.0,0.0,Bachelors,919957303542,Bangalore,M,,2015.0,2.0,0
,,,No,3.0,,,35.0,0.0,3.0,,Bachelors,919957303542,Bangalore,M,,,2.0,0
1988.0,,,,4.0,,Стрелец,38.0,8.0,1.0,1.0,Bachelors,918262080491,Bangalore,M,14.0,2013.0,3.0,0
,,Male,No,4.0,245.0,Стрелец,,8.0,1.0,1.0,Bachelors,918262080491,Bangalore,,14.0,2013.0,3.0,0
1988.0,Нет,Male,No,4.0,,Стрелец,38.0,8.0,1.0,,Bachelors,918262080491,Bangalore,M,14.0,2013.0,3.0,0
1994.0,,Male,,1.0,337.0,Дева,,9.0,3.0,0.0,,918492012454,New Delhi,M,5.0,2012.0,5.0,1
,Да,,No,5.0,,Близнецы,37.0,5.0,2.0,0.0,Bachelors,914620087803,,S,15.0,2014.0,2.0,1
1988.0,Да,,No,5.0,231.0,Близнецы,37.0,5.0,2.0,0.0,Bachelors,914620087803,,S,15.0,2014.0,2.0,1
,Нет,Male,No,,373.0,Козерог,,2.0,3.0,1.0,,911248127917,Pune,L,5.0,2015.0,1.0,0
1990.0,Нет,Male,,,,Козерог,35.0,2.0,3.0,1.0,,911248127917,Pune,L,5.0,2015.0,1.0,0
1990.0,Нет,Male,,0.0,373.0,Козерог,,2.0,3.0,1.0,Bachelors,911248127917,Pune,L,,2015.0,1.0,0
1990.0,Нет,Male,No,0.0,373.0,Козерог,,2.0,3.0,1.0,Bachelors,911248127917,Pune,L,5.0,2015.0,1.0,0
1986.0,Да,,,4.0,257.0,Водолей,41.0,0.0,3.0,1.0,Bachelors,915117407383,Pune,M,11.0,2017.0,2.0,1
1986.0,,Female,No,4.0,257.0,Водолей,41.0,,,1.0,Bachelors,915117407383,Pune,M,11.0,,2.0,1
1986.0,Да,Female,,4.0,257.0,,41.0,,3.0,1.0,Bachelors,915117407383,Pune,,,2017.0,2.0,1
1986.0,Да,Female,No,4.0,257.0,Водолей,41.0,0.0,3.0,,Bachelors,915117407383,Pune,,,2017.0,2.0,1
1991.0,,Male,No,0.0,485.0,Близнецы,,4.0,,1.0,Masters,915021216783,Bangalore,M,1.0,2015.0,4.0,0
1991.0,,Male,No,,485.0,Близнецы,,4.0,3.0,1.0,Masters,915021216783,Bangalore,M,1.0,2015.0,4.0,0
1991.0,Нет,Male,No,0.0,485.0,,,4.0,3.0,1.0,Masters,915021216783,Bangalore,M,1.0,,4.0,0
1991.0,,Male,No,0.0,485.0,Близнецы,36.0,4.0,3.0,1.0,Masters,915021216783,Bangalore,M,1.0,2015.0,,0
1992.0,Нет,Male,No,,365.0,Дева,35.0,5.0,3.0,1.0,Bachelors,914724090940,Bangalore,L,15.0,2017.0,1.0,0
1991.0,,Male,No,,,Телец,36.0,2.0,2.0,0.0,Masters,919434571675,New Delhi,L,5.0,2017.0,1.0,1
1991.0,Нет,Male,No,1.0,496.0,,34.0,2.0,,1.0,Masters,913501892663,Bangalore,,3.0,2017.0,2.0,0
1991.0,,Male,,1.0,496.0,Стрелец,34.0,2.0,1.0,,,913501892663,Bangalore,XL,3.0,2017.0,2.0,0
,Нет,Male,No,3.0,34.0,Скорпион,36.0,8.0,3.0,0.0,Bachelors,917282077769,Bangalore,,5.0,,5.0,0
1994.0,Нет,Male,,3.0,61.0,Телец,,9.0,2.0,1.0,Bachelors,914213170469,,,3.0,,5.0,0
1991.0,Да,Female,Yes,3.0,106.0,Стрелец,35.0,3.0,3.0,0.0,PHD,919516782573,New Delhi,,5.0,2013.0,3.0,1
1991.0,Да,,Yes,3.0,106.0,,,3.0,3.0,0.0,PHD,919516782573,New Delhi,S,,2013.0,3.0,1
1991.0,,Female,Yes,3.0,106.0,Стрелец,,3.0,3.0,0.0,PHD,919516782573,New Delhi,S,5.0,,3.0,1
1990.0,Да,Female,,3.0,95.0,,,5.0,2.0,0.0,,915603276767,,M,0.0,2015.0,3.0,1
1990.0,Да,Female,No,3.0,95.0,,,5.0,2.0,0.0,,915603276767,New Delhi,M,0.0,2015.0,,1
1990.0,Да,Female,No,3.0,95.0,Скорпион,,5.0,2.0,0.0,Bachelors,915603276767,New Delhi,M,0.0,2015.0,3.0,1
1990.0,Да,Female,No,3.0,95.0,Скорпион,37.0,5.0,2.0,0.0,Bachelors,915603276767,New Delhi,M,0.0,2015.0,3.0,1
1990.0,Да,Female,No,3.0,95.0,Скорпион,37.0,5.0,2.0,0.0,Bachelors,915603276767,New Delhi,M,0.0,,3.0,1
1987.0,Да,Female,,2.0,15.0,Рак,40.0,,2.0,1.0,Bachelors,914946887858,Pune,L,14.0,2017.0,5.0,1
1993.0,Да,Female,No,3.0,,Рак,32.0,0.0,3.0,1.0,Bachelors,917093593029,,M,3.0,,4.0,1
1993.0,,,No,3.0,147.0,,,0.0,3.0,1.0,Bachelors,917093593029,Pune,M,,2015.0,4.0,1
1993.0,Да,Female,No,,147.0,Рак,32.0,,,1.0,Bachelors,917093593029,Pune,M,3.0,,,1
1993.0,,Female,No,,,Рак,32.0,0.0,3.0,1.0,Bachelors,917093593029,Pune,M,3.0,,4.0,1
1990.0,Нет,Male,Yes,2.0,436.0,Телец,,7.0,3.0,1.0,Bachelors,911945022068,,M,3.0,,2.0,0
1989.0,,Male,,0.0,491.0,Стрелец,38.0,1.0,,0.0,Bachelors,919800409139,Bangalore,L,0.0,2012.0,3.0,0
1989.0,Нет,Male,Yes,0.0,491.0,Стрелец,38.0,,3.0,0.0,Bachelors,919800409139,,L,0.0,2012.0,3.0,0
,Нет,Male,Yes,0.0,,Стрелец,38.0,1.0,3.0,,,919800409139,,L,0.0,2012.0,,0
1989.0,Нет,Male,,0.0,491.0,Стрелец,38.0,,3.0,,,919800409139,Bangalore,L,0.0,2012.0,3.0,0
1989.0,Нет,Male,,0.0,491.0,Стрелец,38.0,1.0,3.0,0.0,,919800409139,Bangalore,L,0.0,2012.0,3.0,0
,Нет,,,3.0,,Козерог,36.0,3.0,3.0,1.0,Masters,916846635285,Pune,L,6.0,2015.0,3.0,0
1991.0,Нет,Male,No,3.0,290.0,Козерог,36.0,,,,Masters,916846635285,Pune,L,6.0,,3.0,0
1991.0,Нет,Male,No,3.0,290.0,,,3.0,3.0,1.0,Masters,916846635285,Pune,L,6.0,2015.0,3.0,0
,Нет,Male,No,,290.0,,,3.0,3.0,1.0,Masters,916846635285,Pune,L,6.0,2015.0,3.0,0
1991.0,Нет,Male,No,,290.0,Козерог,,3.0,3.0,1.0,Masters,916846635285,,L,6.0,,3.0,0
,Нет,Female,No,5.0,35.0,Лев,32.0,1.0,3.0,,Masters,913181127322,New Delhi,M,8.0,2014.0,4.0,0
1993.0,Нет,,No,5.0,35.0,,,1.0,,1.0,Masters,913181127322,New Delhi,M,,,4.0,0
1988.0,Да,,No,,130.0,Стрелец,37.0,5.0,2.0,0.0,Bachelors,916255898357,Pune,M,8.0,2018.0,3.0,1
1988.0,Да,,No,0.0,130.0,Стрелец,,,2.0,0.0,Bachelors,916255898357,,M,8.0,2018.0,,1
1992.0,Да,Female,No,0.0,341.0,Скорпион,35.0,0.0,,0.0,Bachelors,914795642346,Pune,M,,2018.0,,1
1992.0,Да,Female,No,0.0,341.0,Скорпион,,0.0,3.0,0.0,Bachelors,914795642346,Pune,M,9.0,2018.0,2.0,1
1992.0,,Female,,0.0,341.0,Скорпион,35.0,,3.0,0.0,,914795642346,Pune,M,,2018.0,2.0,1
1992.0,Да,Female,No,0.0,341.0,Скорпион,35.0,0.0,3.0,0.0,Bachelors,914795642346,Pune,M,9.0,,2.0,1
1991.0,Да,Female,,4.0,329.0,,36.0,8.0,1.0,1.0,Bachelors,916323557844,Pune,M,1.0,2015.0,1.0,1
,,Female,,4.0,329.0,Стрелец,36.0,8.0,1.0,,Bachelors,916323557844,Pune,M,1.0,2015.0,1.0,1
1993.0,Да,Female,No,,244.0,Лев,34.0,,2.0,1.0,Bachelors,914546004759,New Delhi,,9.0,2015.0,3.0,1
1992.0,,Female,,,398.0,Лев,35.0,7.0,2.0,1.0,Masters,917007240538,New Delhi,M,1.0,,3.0,0
1992.0,Нет,,No,0.0,398.0,,35.0,,2.0,1.0,Masters,917007240538,,M,1.0,2017.0,,0
1992.0,,Female,No,0.0,398.0,Лев,35.0,7.0,,1.0,,917007240538,New Delhi,,1.0,2017.0,3.0,0
1992.0,Нет,Female,No,0.0,398.0,Лев,35.0,7.0,,,Masters,917007240538,New Delhi,M,1.0,2017.0,3.0,0
1989.0,Нет,,No,5.0,263.0,Скорпион,38.0,,2.0,1.0,Masters,917529879959,New Delhi,S,9.0,2017.0,3.0,0
1989.0,,Female,No,5.0,,Скорпион,38.0,4.0,2.0,1.0,,917529879959,New Delhi,S,9.0,2017.0,3.0,0
,,Female,No,5.0,,Скорпион,38.0,4.0,2.0,,Masters,917529879959,New Delhi,S,9.0,2017.0,3.0,0
,Да,Female,,5.0,363.0,,39.0,6.0,2.0,1.0,Bachelors,914852127223,,L,0.0,2015.0,,1
1986.0,Да,Female,No,5.0,,,,,2.0,,Bachelors,914852127223,,L,0.0,2015.0,3.0,1
1986.0,Да,,,,363.0,,39.0,6.0,2.0,,Bachelors,914852127223,,L,,2015.0,3.0,1
1986.0,,Female,No,5.0,363.0,,39.0,6.0,2.0,1.0,Bachelors,914852127223,,L,0.0,2015.0,3.0,1
,Да,Female,,5.0,363.0,Скорпион,,6.0,2.0,1.0,,914852127223,Pune,L,0.0,2015.0,3.0,1
1993.0,Да,Female,No,5.0,335.0,,32.0,5.0,2.0,,Bachelors,916051531550,Pune,,,2012.0,3.0,1
1986.0,Нет,Male,No,2.0,,Скорпион,39.0,,,0.0,Bachelors,914827531324,Bangalore,S,,2015.0,1.0,0
1986.0,Нет,,No,2.0,483.0,,39.0,6.0,3.0,,Bachelors,914827531324,Bangalore,S,14.0,2015.0,1.0,0
1986.0,,,No,,483.0,,39.0,6.0,3.0,0.0,Bachelors,914827531324,,,14.0,,1.0,0
1986.0,Нет,Male,No,2.0,483.0,Скорпион,39.0,,3.0,0.0,Bachelors,914827531324,Bangalore,S,14.0,2015.0,1.0,0
1986.0,Нет,Male,,2.0,483.0,Скорпион,39.0,,3.0,0.0,Bachelors,914827531324,Bangalore,S,14.0,2015.0,1.0,0
1986.0,Да,Male,No,2.0,136.0,Козерог,,1.0,3.0,1.0,,911735793869,Bangalore,L,,2015.0,4.0,1
,Нет,Female,No,5.0,469.0,Рыбы,32.0,,,1.0,,918471858683,Bangalore,S,12.0,,,0
1995.0,Нет,Female,No,5.0,469.0,Рыбы,32.0,5.0,3.0,1.0,Bachelors,918471858683,Bangalore,S,12.0,2015.0,2.0,0
1995.0,Нет,Female,No,5.0,,Рыбы,32.0,5.0,3.0,1.0,Bachelors,918471858683,,S,,2015.0,2.0,0
1988.0,,Male,No,,7.0,Водолей,38.0,,2.0,,Bachelors,913689439394,New Delhi,L,14.0,2017.0,5.0,0
1989.0,Да,,,5.0,417.0,Рак,36.0,9.0,2.0,1.0,Bachelors,915922017522,Pune,,14.0,2012.0,4.0,1
1989.0,Да,Female,No,,417.0,Рак,36.0,9.0,,1.0,Bachelors,915922017522,Pune,XS,14.0,2012.0,,1
,Да,,No,5.0,417.0,Рак,36.0,,2.0,1.0,Bachelors,915922017522,Pune,XS,14.0,2012.0,4.0,1
1989.0,,Female,,5.0,417.0,Рак,36.0,9.0,2.0,,,915922017522,,XS,14.0,2012.0,4.0,1
1989.0,Да,,No,5.0,,Рак,36.0,9.0,2.0,1.0,Bachelors,915922017522,Pune,,,2012.0,4.0,1
1990.0,Да,Male,No,2.0,216.0,,37.0,6.0,1.0,0.0,Masters,914522106849,Bangalore,,12.0,2016.0,,1
1990.0,,Male,No,2.0,216.0,Водолей,,6.0,,0.0,,914522106849,Bangalore,L,12.0,2016.0,3.0,1
1990.0,Да,Male,No,,216.0,Водолей,37.0,6.0,,0.0,Masters,914522106849,Bangalore,L,12.0,2016.0,3.0,1
1990.0,,Male,,2.0,216.0,Водолей,37.0,,,0.0,Masters,914522106849,Bangalore,L,12.0,,3.0,1
1993.0,,Male,No,4.0,393.0,Весы,32.0,4.0,3.0,0.0,Bachelors,917859344835,Pune,L,3.0,2017.0,,0
,Нет,Male,,4.0,393.0,,32.0,4.0,,0.0,,917859344835,Pune,L,3.0,,,0
1988.0,Нет,Male,No,2.0,76.0,,37.0,3.0,,1.0,Masters,914859239093,New Delhi,L,11.0,2017.0,1.0,0
1988.0,Нет,Male,No,2.0,,Телец,37.0,3.0,3.0,1.0,,914859239093,,L,11.0,2017.0,1.0,0
1994.0,,Male,,2.0,292.0,,,,3.0,,Bachelors,913597401619,New Delhi,S,15.0,,1.0,0
1994.0,Нет,Male,No,,292.0,Дева,33.0,,3.0,,Bachelors,913597401619,New Delhi,S,15.0,,1.0,0
1994.0,Нет,Male,,,292.0,Дева,33.0,7.0,3.0,0.0,Bachelors,913597401619,New Delhi,S,15.0,2016.0,1.0,0
1994.0,,Male,,2.0,292.0,,33.0,7.0,3.0,0.0,Bachelors,913597401619,New Delhi,,15.0,2016.0,,0
1994.0,Нет,Male,,2.0,292.0,Дева,33.0,7.0,3.0,0.0,Bachelors,913597401619,New Delhi,S,,2016.0,1.0,0
,Нет,Male,,4.0,398.0,Козерог,39.0,5.0,,0.0,Bachelors,912037037960,Bangalore,M,6.0,2016.0,5.0,0
1986.0,Нет,Male,No,4.0,398.0,Козерог,,5.0,3.0,0.0,Bachelors,912037037960,Bangalore,M,6.0,2016.0,5.0,0
1986.0,Нет,Male,No,4.0,398.0,Козерог,39.0,5.0,3.0,0.0,Bachelors,912037037960,Bangalore,,6.0,2016.0,5.0,0
1986.0,Нет,Male,No,,,,39.0,5.0,3.0,0.0,Bachelors,912037037960,Bangalore,M,6.0,,,0
,Нет,,No,4.0,,Козерог,39.0,5.0,3.0,0.0,Bachelors,912037037960,,,6.0,2016.0,,0
1986.0,Нет,,,,205.0,Водолей,39.0,1.0,3.0,1.0,Masters,919132695894,Pune,M,11.0,2015.0,,0
1986.0,,Male,No,5.0,205.0,Водолей,39.0,1.0,3.0,1.0,,919132695894,Pune,M,,2015.0,4.0,0
1986.0,Нет,,No,5.0,,,39.0,,,1.0,,919132695894,Pune,M,11.0,,4.0,0
1994.0,Нет,Male,No,4.0,19.0,Рыбы,33.0,,2.0,0.0,Masters,912393298206,New Delhi,M,12.0,2017.0,2.0,0
,,Male,No,4.0,19.0,,33.0,1.0,,0.0,Masters,912393298206,New Delhi,M,12.0,2017.0,,0
1994.0,Нет,Male,No,,19.0,,33.0,1.0,2.0,0.0,Masters,912393298206,New Delhi,M,12.0,,,0
,Нет,Male,No,,,Рыбы,33.0,1.0,,0.0,Masters,912393298206,New Delhi,M,12.0,,2.0,0
1993.0,,Male,No,1.0,95.0,Водолей,33.0,3.0,3.0,0.0,Bachelors,915140497836,Bangalore,L,12.0,2012.0,5.0,0
1993.0,Нет,Male,No,1.0,95.0,Водолей,33.0,3.0,,0.0,Bachelors,915140497836,,L,12.0,,5.0,0
1995.0,Нет,Male,No,0.0,242.0,Рак,31.0,4.0,3.0,1.0,Bachelors,917169523666,New Delhi,XXL,7.0,2015.0,2.0,0
1995.0,Нет,,No,0.0,242.0,,31.0,4.0,3.0,1.0,Bachelors,917169523666,New Delhi,XXL,7.0,,2.0,0
1995.0,,Male,No,0.0,242.0,Рак,31.0,4.0,3.0,1.0,Bachelors,917169523666,New Delhi,XXL,7.0,,2.0,0
1995.0,Нет,Male,No,0.0,242.0,Рак,,4.0,3.0,,Bachelors,917169523666,New Delhi,XXL,7.0,2015.0,2.0,0
1995.0,Нет,Male,No,0.0,242.0,Рак,31.0,4.0,3.0,1.0,Bachelors,917169523666,New Delhi,XXL,,2015.0,,0
1994.0,Нет,,,4.0,490.0,Козерог,31.0,,3.0,,PHD,919362832470,Pune,M,5.0,2016.0,4.0,0
,Нет,Female,No,,490.0,Козерог,31.0,7.0,,1.0,PHD,919362832470,Pune,,5.0,2016.0,,0
,Нет,,No,4.0,490.0,Козерог,31.0,7.0,3.0,1.0,,919362832470,Pune,M,5.0,2016.0,4.0,0
1994.0,Нет,Female,No,4.0,,Козерог,31.0,,3.0,,PHD,919362832470,,M,5.0,,4.0,0
,,Female,No,,490.0,Козерог,31.0,,,1.0,PHD,919362832470,Pune,M,5.0,2016.0,4.0,0
,,Female,No,4.0,451.0,Козерог,,9.0,3.0,0.0,Bachelors,915896615609,Bangalore,M,15.0,,1.0,0
1988.0,,Female,No,4.0,451.0,Козерог,37.0,9.0,3.0,0.0,Bachelors,915896615609,Bangalore,M,15.0,2015.0,1.0,0
1988.0,Нет,Female,No,4.0,451.0,,,9.0,3.0,,Bachelors,915896615609,Bangalore,M,15.0,2015.0,1.0,0
1988.0,,Female,No,,451.0,Козерог,,9.0,3.0,,Bachelors,915896615609,Bangalore,M,15.0,,,0
1988.0,Нет,Female,No,4.0,451.0,Козерог,37.0,,3.0,0.0,Bachelors,915896615609,Bangalore,M,,2015.0,1.0,0
,Нет,,No,0.0,28.0,Рак,33.0,3.0,3.0,,Bachelors,916359659769,Bangalore,L,2.0,2012.0,2.0,0
1993.0,Нет,Male,No,0.0,28.0,Рак,33.0,3.0,3.0,1.0,Bachelors,916359659769,,L,2.0,2012.0,2.0,0
1993.0,Нет,Male,No,0.0,28.0,Рак,,,,1.0,Bachelors,916359659769,Bangalore,L,,,2.0,0
1993.0,Нет,,No,0.0,28.0,Рак,33.0,,3.0,1.0,Bachelors,916359659769,Bangalore,L,2.0,,2.0,0
1996.0,Нет,Male,No,0.0,275.0,Козерог,31.0,4.0,,1.0,Bachelors,916785786663,Pune,S,4.0,2017.0,2.0,0
1996.0,,Male,No,0.0,275.0,Козерог,31.0,,,1.0,Bachelors,916785786663,Pune,,4.0,,,0
1985.0,Нет,Female,No,,,Рак,,8.0,3.0,0.0,Bachelors,919288497834,Bangalore,,7.0,,1.0,0
1985.0,Нет,Female,No,,,Рак,41.0,8.0,3.0,,Bachelors,919288497834,Bangalore,M,7.0,2017.0,1.0,0
,Нет,Female,,2.0,350.0,Рак,41.0,8.0,3.0,0.0,Bachelors,919288497834,,M,7.0,2017.0,1.0,0
1988.0,Нет,Male,No,2.0,,,39.0,,2.0,1.0,Masters,916143501466,Pune,S,11.0,2017.0,1.0,0
1993.0,Нет,Male,No,2.0,291.0,Овен,,,3.0,0.0,Masters,914111851400,New Delhi,,8.0,,2.0,0
1993.0,Нет,Male,No,2.0,291.0,,32.0,3.0,,0.0,,914111851400,New Delhi,XL,,2013.0,,0
,Нет,Male,,2.0,,Овен,,3.0,3.0,0.0,Masters,914111851400,New Delhi,XL,,2013.0,2.0,0
1993.0,,Male,No,2.0,291.0,Овен,,3.0,3.0,0.0,Masters,914111851400,New Delhi,XL,,2013.0,2.0,0
1993.0,Нет,,No,2.0,291.0,Овен,32.0,3.0,3.0,0.0,Masters,914111851400,,XL,8.0,2013.0,2.0,0
1990.0,Нет,Male,,3.0,39.0,Рыбы,37.0,0.0,3.0,1.0,Bachelors,919836601756,Pune,M,7.0,2016.0,,0
1990.0,,Male,No,3.0,,Рыбы,37.0,0.0,3.0,,Bachelors,919836601756,Pune,M,7.0,2016.0,1.0,0
,Нет,,No,3.0,39.0,Рыбы,37.0,0.0,3.0,,Bachelors,919836601756,Pune,,7.0,2016.0,1.0,0
,Нет,Male,No,3.0,39.0,Рыбы,,0.0,3.0,1.0,Bachelors,919836601756,Pune,,,2016.0,,0
1988.0,Нет,,No,1.0,,Водолей,37.0,7.0,3.0,0.0,,914441983149,Bangalore,XL,9.0,2014.0,1.0,0
1988.0,,,No,1.0,367.0,Водолей,37.0,,3.0,0.0,Bachelors,914441983149,,XL,9.0,2014.0,1.0,0
,Нет,Male,No,,15.0,Близнецы,37.0,0.0,3.0,1.0,Bachelors,917968365632,,,,2016.0,,0
,Нет,Male,No,4.0,,Скорпион,38.0,5.0,3.0,0.0,Bachelors,911070105545,Pune,XL,12.0,2015.0,1.0,0
1987.0,Нет,,,4.0,449.0,Скорпион,38.0,5.0,3.0,,Bachelors,911070105545,Pune,,12.0,2015.0,1.0,0
1987.0,Нет,Male,No,,449.0,Скорпион,,5.0,3.0,0.0,,911070105545,Pune,XL,,2015.0,,0
,Нет,Male,No,4.0,250.0,,32.0,0.0,3.0,1.0,Bachelors,915100121269,Bangalore,,4.0,2017.0,,0
1994.0,Нет,Male,No,4.0,250.0,Стрелец,,0.0,,1.0,,915100121269,Bangalore,L,,2017.0,4.0,0
1994.0,Нет,,No,4.0,250.0,Стрелец,32.0,0.0,,1.0,Bachelors,915100121269,,L,4.0,2017.0,4.0,0
1994.0,Нет,,No,4.0,,,,0.0,3.0,1.0,Bachelors,915100121269,,L,,2017.0,4.0,0
1993.0,Нет,Male,No,1.0,220.0,,,6.0,3.0,0.0,Bachelors,912934825432,Pune,XXL,3.0,2017.0,,0
,Нет,Male,No,1.0,220.0,Близнецы,,6.0,3.0,0.0,Bachelors,912934825432,Pune,XXL,3.0,2017.0,3.0,0
1993.0,Нет,,No,1.0,220.0,,33.0,6.0,3.0,0.0,Bachelors,912934825432,Pune,XXL,3.0,2017.0,3.0,0
1993.0,Нет,Male,No,,220.0,Близнецы,,6.0,3.0,0.0,Bachelors,912934825432,Pune,,3.0,2017.0,3.0,0
1986.0,Да,Female,No,5.0,97.0,Телец,40.0,0.0,,0.0,Bachelors,918282073760,Pune,M,12.0,,1.0,1
,Нет,Male,Yes,0.0,,,35.0,1.0,3.0,1.0,Bachelors,919488763357,Bangalore,,7.0,2014.0,1.0,0
1988.0,Нет,Female,,5.0,362.0,Близнецы,37.0,,3.0,1.0,Masters,912209623890,New Delhi,M,6.0,2016.0,,0
1988.0,Нет,Female,,5.0,362.0,,,2.0,3.0,1.0,Masters,912209623890,,M,6.0,2016.0,3.0,0
1988.0,Нет,Female,No,,362.0,,37.0,2.0,,,Masters,912209623890,New Delhi,M,,2016.0,3.0,0
1989.0,Нет,Male,Yes,2.0,,,37.0,9.0,,1.0,Bachelors,913826173673,,,3.0,2016.0,1.0,0
1989.0,Нет,Male,Yes,2.0,458.0,Близнецы,37.0,,3.0,1.0,Bachelors,913826173673,,L,3.0,2016.0,1.0,0
1990.0,Нет,,No,2.0,176.0,Стрелец,36.0,5.0,3.0,0.0,Bachelors,918348569440,Bangalore,,1.0,2015.0,3.0,0
1990.0,Нет,Male,,2.0,176.0,Стрелец,36.0,5.0,3.0,0.0,,918348569440,Bangalore,L,1.0,2015.0,3.0,0
1990.0,Нет,Male,No,2.0,176.0,,36.0,5.0,3.0,0.0,Bachelors,918348569440,Bangalore,L,1.0,2015.0,,0
1990.0,Нет,Male,,2.0,176.0,Стрелец,,5.0,3.0,0.0,Bachelors,918348569440,Bangalore,L,1.0,2015.0,3.0,0
1990.0,,Male,,,,,36.0,,,0.0,Bachelors,918348569440,Bangalore,L,,2015.0,3.0,0
1993.0,Да,Female,No,4.0,90.0,Близнецы,33.0,1.0,3.0,0.0,Bachelors,911913758804,Bangalore,,13.0,2017.0,,1
1995.0,Нет,Male,No,3.0,396.0,,32.0,9.0,3.0,0.0,Bachelors,917718901692,Pune,,13.0,2016.0,1.0,0
1995.0,Нет,Male,No,,396.0,Близнецы,32.0,,3.0,,,917718901692,Pune,S,13.0,,1.0,0
,Нет,Male,,3.0,396.0,,32.0,9.0,3.0,,Bachelors,917718901692,Pune,S,13.0,,1.0,0
,Нет,,No,3.0,396.0,Близнецы,32.0,9.0,3.0,0.0,Bachelors,917718901692,Pune,S,,2016.0,1.0,0
1990.0,Да,,No,1.0,300.0,Козерог,35.0,10.0,,1.0,Bachelors,911380587429,Bangalore,M,9.0,,3.0,1
1990.0,Да,Female,No,,300.0,Козерог,35.0,10.0,3.0,1.0,Bachelors,911380587429,,M,,2017.0,3.0,1
1993.0,Да,Female,No,,12.0,Овен,34.0,10.0,2.0,0.0,Bachelors,914428782367,,XL,5.0,2014.0,,1
,Да,Female,,2.0,,Овен,34.0,10.0,2.0,0.0,Bachelors,914428782367,Pune,XL,5.0,2014.0,1.0,1
1987.0,Нет,Male,No,,17.0,,40.0,5.0,2.0,0.0,Masters,919772987408,Pune,M,0.0,2017.0,2.0,0
1987.0,Нет,Male,No,5.0,17.0,Скорпион,,5.0,2.0,0.0,Masters,919772987408,Pune,,,2017.0,2.0,0
1987.0,Нет,Male,No,5.0,17.0,Скорпион,40.0,5.0,2.0,0.0,Masters,919772987408,Pune,,,2017.0,2.0,0
1987.0,,,No,5.0,17.0,Скорпион,,5.0,2.0,0.0,Masters,919772987408,,M,0.0,,2.0,0
1987.0,Нет,Male,No,5.0,17.0,,,,2.0,,Masters,919772987408,,M,,,,0
1988.0,Нет,Female,No,,291.0,Телец,,6.0,3.0,1.0,Bachelors,913380652220,,,9.0,2016.0,3.0,0
1990.0,Нет,Male,No,1.0,497.0,Скорпион,36.0,3.0,1.0,1.0,Bachelors,918013980632,Bangalore,M,,2015.0,,0
1985.0,Нет,Female,No,1.0,358.0,Дева,41.0,,,1.0,Bachelors,912279829417,Pune,,,2012.0,2.0,0
1985.0,Нет,,No,1.0,358.0,Дева,41.0,6.0,3.0,1.0,Bachelors,912279829417,Pune,M,,,2.0,0
1985.0,Нет,Female,No,,358.0,Дева,41.0,,3.0,1.0,,912279829417,Pune,M,3.0,2012.0,,0
1991.0,Нет,,No,0.0,,Скорпион,36.0,,3.0,1.0,Bachelors,913457093557,Pune,XL,3.0,2016.0,,0
,Нет,Male,No,,238.0,Скорпион,36.0,2.0,3.0,1.0,Bachelors,913457093557,,XL,3.0,2016.0,1.0,0
,Нет,Male,No,,238.0,Скорпион,36.0,2.0,3.0,1.0,Bachelors,913457093557,Pune,XL,,2016.0,1.0,0
1995.0,Нет,Female,,2.0,36.0,Козерог,,8.0,3.0,0.0,Bachelors,917448885340,Bangalore,S,7.0,2017.0,4.0,0
,Нет,,No,2.0,36.0,Козерог,31.0,,3.0,0.0,Bachelors,917448885340,Bangalore,,,2017.0,4.0,0
,Нет,,No,2.0,36.0,,31.0,8.0,3.0,0.0,Bachelors,917448885340,Bangalore,S,7.0,2017.0,4.0,0
1995.0,Нет,,No,2.0,36.0,Козерог,31.0,8.0,,0.0,Bachelors,917448885340,Bangalore,S,7.0,2017.0,,0
,,Female,No,2.0,,Козерог,,,,0.0,,917448885340,Bangalore,S,7.0,2017.0,4.0,0
1996.0,Нет,Male,No,3.0,397.0,Весы,,6.0,3.0,0.0,Bachelors,911651003767,Pune,M,12.0,,2.0,0
1996.0,,Male,No,,397.0,Весы,31.0,,3.0,,Bachelors,911651003767,Pune,,12.0,2017.0,2.0,0
1992.0,Нет,,No,2.0,440.0,Рак,33.0,,3.0,,Bachelors,915573080174,Pune,L,11.0,2014.0,4.0,0
,Нет,Male,No,2.0,440.0,Рак,33.0,2.0,3.0,1.0,Bachelors,915573080174,Pune,,,,4.0,0
1992.0,Нет,Male,No,2.0,440.0,Рак,,2.0,3.0,1.0,,915573080174,Pune,L,11.0,,4.0,0
,,Male,,2.0,440.0,Рак,33.0,2.0,3.0,1.0,,915573080174,,L,11.0,2014.0,4.0,0
1991.0,,Male,Yes,0.0,486.0,,35.0,7.0,,1.0,Bachelors,916208996995,Bangalore,,3.0,,4.0,0
1991.0,Нет,Male,Yes,,486.0,Весы,35.0,7.0,3.0,1.0,Bachelors,916208996995,Bangalore,M,3.0,2017.0,4.0,0
1991.0,Нет,Male,,0.0,486.0,,35.0,7.0,3.0,1.0,Bachelors,916208996995,Bangalore,M,3.0,2017.0,4.0,0
1991.0,Нет,Male,Yes,0.0,486.0,Весы,35.0,,3.0,,Bachelors,916208996995,,M,3.0,2017.0,4.0,0
,Нет,Male,Yes,0.0,486.0,Весы,35.0,7.0,3.0,,Bachelors,916208996995,Bangalore,,3.0,2017.0,4.0,0
1991.0,,Male,No,1.0,,Стрелец,34.0,9.0,3.0,1.0,PHD,911592485754,New Delhi,M,,2016.0,2.0,0
1991.0,Нет,,,,425.0,,34.0,9.0,,1.0,PHD,911592485754,New Delhi,M,10.0,2016.0,2.0,0
1991.0,Нет,Male,No,1.0,425.0,Стрелец,34.0,9.0,3.0,1.0,PHD,911592485754,New Delhi,M,10.0,2016.0,,0
,Нет,,No,4.0,291.0,Водолей,,8.0,3.0,0.0,,913403072498,Bangalore,M,3.0,2014.0,2.0,0
1987.0,Нет,,No,4.0,291.0,Водолей,39.0,8.0,3.0,0.0,Bachelors,913403072498,Bangalore,M,3.0,2014.0,2.0,0
1996.0,Да,Male,No,1.0,351.0,,,1.0,,1.0,Masters,914764775107,Bangalore,XXL,,2015.0,,1
1996.0,Да,Male,No,1.0,351.0,,31.0,1.0,,1.0,Masters,914764775107,Bangalore,XXL,2.0,2015.0,3.0,1
1996.0,,Male,No,,351.0,Водолей,,1.0,3.0,1.0,,914764775107,Bangalore,XXL,,2015.0,3.0,1
,Да,Male,No,1.0,351.0,Водолей,31.0,1.0,,,Masters,914764775107,Bangalore,XXL,2.0,2015.0,3.0,1
1995.0,,Female,No,0.0,342.0,Рыбы,32.0,1.0,,0.0,Bachelors,917879894625,Pune,M,1.0,2015.0,5.0,1
1995.0,Да,Female,No,,342.0,,32.0,,3.0,0.0,Bachelors,917879894625,Pune,M,,,5.0,1
,Да,,No,0.0,288.0,Рыбы,33.0,10.0,3.0,0.0,Bachelors,919781773431,Bangalore,,6.0,,,1
1991.0,,Male,Yes,1.0,408.0,Овен,34.0,4.0,3.0,1.0,Bachelors,917633018321,Bangalore,L,6.0,2014.0,1.0,0
,,Male,Yes,1.0,,Овен,34.0,4.0,3.0,,Bachelors,917633018321,Bangalore,L,6.0,2014.0,1.0,0
1991.0,Нет,Male,Yes,1.0,,Овен,34.0,4.0,3.0,1.0,Bachelors,917633018321,Bangalore,L,6.0,2014.0,1.0,0
1991.0,,Male,Yes,1.0,408.0,Овен,,4.0,3.0,1.0,Bachelors,917633018321,,L,6.0,2014.0,1.0,0
1991.0,Нет,Male,Yes,1.0,408.0,Овен,34.0,4.0,3.0,1.0,Bachelors,917633018321,Bangalore,L,6.0,2014.0,1.0,0
1987.0,Нет,Male,No,2.0,,Рак,39.0,4.0,3.0,,Masters,917878046726,Pune,L,11.0,,2.0,0
1987.0,Нет,Male,,2.0,197.0,Рак,,,,0.0,Masters,917878046726,,L,11.0,2014.0,,0
1987.0,Нет,,No,2.0,197.0,Рак,39.0,,3.0,,Masters,917878046726,Pune,L,11.0,,2.0,0
1987.0,Нет,Male,No,,197.0,Рак,39.0,4.0,3.0,0.0,Masters,917878046726,Pune,L,11.0,2014.0,2.0,0
1986.0,Да,Female,No,2.0,150.0,Дева,41.0,6.0,2.0,,Bachelors,912295985012,,S,9.0,,2.0,1
1986.0,Да,Female,No,2.0,150.0,,41.0,,,0.0,,912295985012,New Delhi,S,9.0,2017.0,,1
1986.0,,Female,No,2.0,150.0,,41.0,6.0,2.0,,Bachelors,912295985012,,S,9.0,2017.0,2.0,1
1992.0,Нет,Male,No,2.0,65.0,Лев,34.0,5.0,2.0,0.0,Bachelors,915177859299,New Delhi,L,15.0,2017.0,1.0,0
,Нет,,No,5.0,,Водолей,36.0,,3.0,1.0,Bachelors,911790170793,Bangalore,XS,1.0,2013.0,4.0,0
1989.0,Нет,,No,5.0,489.0,,36.0,4.0,3.0,1.0,,911790170793,Bangalore,XS,,2013.0,4.0,0
1989.0,,Female,,5.0,489.0,Водолей,36.0,4.0,3.0,1.0,Bachelors,911790170793,,XS,1.0,2013.0,4.0,0
,Нет,Female,No,5.0,489.0,,36.0,,,1.0,Bachelors,911790170793,Bangalore,XS,1.0,,4.0,0
,Нет,Male,No,,219.0,,37.0,5.0,,1.0,Bachelors,916089571869,Pune,M,10.0,2012.0,3.0,0
1990.0,Нет,Male,,5.0,,Рыбы,37.0,5.0,,,Bachelors,916089571869,Pune,M,10.0,2012.0,3.0,0
1990.0,,,No,5.0,,Рыбы,37.0,5.0,3.0,1.0,Bachelors,916089571869,Pune,M,10.0,2012.0,3.0,0
,,Male,No,4.0,291.0,,36.0,,3.0,1.0,Bachelors,916650088940,Bangalore,L,14.0,2016.0,3.0,0
1991.0,Нет,Male,,4.0,291.0,Стрелец,36.0,,,,Bachelors,916650088940,,L,14.0,,3.0,0
1991.0,Нет,Male,,4.0,291.0,,36.0,5.0,3.0,1.0,,916650088940,Bangalore,L,14.0,,3.0,0
1989.0,,Female,No,1.0,343.0,Стрелец,38.0,0.0,3.0,0.0,Bachelors,913743950791,New Delhi,M,0.0,2014.0,,0
1989.0,Нет,Female,No,,,Стрелец,38.0,,,0.0,,913743950791,New Delhi,,0.0,2014.0,2.0,0
1989.0,Нет,,No,3.0,262.0,Весы,38.0,8.0,3.0,,Bachelors,918047998795,Bangalore,M,6.0,2017.0,2.0,0
1990.0,Да,,No,2.0,163.0,Рак,37.0,10.0,3.0,1.0,Masters,917511756002,New Delhi,L,,2016.0,,1
1992.0,Нет,Male,No,2.0,19.0,,,0.0,3.0,0.0,Bachelors,916404971690,Bangalore,L,,2012.0,4.0,0
1994.0,Нет,Male,,2.0,336.0,Стрелец,,9.0,3.0,0.0,Bachelors,911108608140,,M,,2015.0,2.0,0
,,Male,No,2.0,336.0,Стрелец,31.0,9.0,3.0,,Bachelors,911108608140,Bangalore,M,14.0,2015.0,2.0,0
,Нет,Male,No,,336.0,Стрелец,31.0,9.0,3.0,0.0,,911108608140,Bangalore,,,2015.0,2.0,0
1994.0,Нет,Male,No,,336.0,Стрелец,31.0,9.0,3.0,,Bachelors,911108608140,Bangalore,M,14.0,2015.0,2.0,0
1994.0,Нет,Male,,2.0,336.0,Стрелец,,9.0,3.0,0.0,,911108608140,Bangalore,M,,2015.0,2.0,0
1994.0,Да,Female,No,2.0,206.0,Весы,32.0,,,,Bachelors,911349881755,Pune,S,4.0,2015.0,1.0,1
,Да,,No,2.0,,Весы,32.0,,2.0,,,911349881755,Pune,,4.0,2015.0,1.0,1
1994.0,Да,,No,2.0,206.0,Весы,32.0,5.0,2.0,1.0,,911349881755,Pune,S,4.0,2015.0,,1
1990.0,Да,Male,No,2.0,170.0,Близнецы,35.0,6.0,,0.0,Masters,915840418903,New Delhi,M,4.0,2018.0,2.0,1
1990.0,Да,,No,2.0,170.0,Близнецы,35.0,6.0,3.0,0.0,,915840418903,New Delhi,M,4.0,2018.0,2.0,1
1990.0,Да,Male,No,2.0,170.0,Близнецы,35.0,6.0,3.0,0.0,,915840418903,New Delhi,M,4.0,,2.0,1
1990.0,Да,Male,No,2.0,,,35.0,6.0,3.0,,Masters,915840418903,New Delhi,M,4.0,2018.0,2.0,1
1990.0,Да,Male,No,2.0,170.0,,35.0,6.0,3.0,,,915840418903,New Delhi,M,4.0,,2.0,1
1995.0,Нет,Male,,2.0,,Телец,31.0,6.0,3.0,1.0,Bachelors,912488264595,Bangalore,XXL,4.0,2017.0,1.0,0
1995.0,Нет,Male,Yes,2.0,201.0,Телец,31.0,6.0,3.0,,,912488264595,Bangalore,XXL,4.0,2017.0,1.0,0
1995.0,Нет,Male,Yes,2.0,201.0,Телец,31.0,6.0,3.0,1.0,Bachelors,912488264595,,XXL,4.0,2017.0,1.0,0
1995.0,Нет,,,2.0,201.0,Телец,31.0,6.0,,1.0,Bachelors,912488264595,Bangalore,XXL,,2017.0,1.0,0
1995.0,,Male,Yes,2.0,,Телец,31.0,,,1.0,Bachelors,912488264595,Bangalore,XXL,,2017.0,1.0,0
1994.0,,Male,,0.0,57.0,Лев,32.0,2.0,,1.0,Bachelors,919666708956,Bangalore,L,,2015.0,,1
1996.0,Нет,Female,,5.0,62.0,Дева,31.0,3.0,,,Bachelors,917915527891,,M,5.0,,,0
1996.0,Нет,Female,No,5.0,62.0,Дева,,,3.0,0.0,Bachelors,917915527891,Bangalore,M,5.0,2015.0,,0
1990.0,,Male,No,5.0,,Телец,,9.0,3.0,,Bachelors,915468990678,Bangalore,,,2018.0,5.0,1
1990.0,Да,,No,5.0,,Телец,37.0,9.0,3.0,0.0,Bachelors,915468990678,Bangalore,XL,9.0,2018.0,5.0,1
1985.0,Да,,No,3.0,,,40.0,2.0,3.0,1.0,PHD,913781962531,New Delhi,,6.0,2018.0,2.0,1
1985.0,Нет,,,1.0,180.0,,41.0,7.0,1.0,1.0,Bachelors,914236202535,,XL,0.0,2015.0,1.0,0
1985.0,Нет,Male,No,1.0,180.0,Скорпион,,,,1.0,Bachelors,914236202535,,XL,0.0,2015.0,1.0,0
1985.0,Нет,,No,,180.0,Скорпион,41.0,7.0,1.0,1.0,Bachelors,914236202535,Bangalore,XL,0.0,2015.0,1.0,0
1985.0,Нет,Male,No,1.0,180.0,,41.0,7.0,1.0,1.0,Bachelors,914236202535,,XL,0.0,2015.0,,0
1993.0,Нет,,No,5.0,221.0,Овен,34.0,5.0,3.0,,Bachelors,918094909688,Pune,M,9.0,2017.0,2.0,0
1993.0,Нет,Male,No,5.0,221.0,Овен,34.0,,3.0,1.0,Bachelors,918094909688,,M,9.0,2017.0,,0
1993.0,Нет,Male,No,5.0,221.0,,34.0,5.0,3.0,,Bachelors,918094909688,Pune,M,9.0,2017.0,2.0,0
1993.0,Нет,Male,,5.0,221.0,Овен,,,3.0,1.0,Bachelors,918094909688,Pune,M,9.0,2017.0,2.0,0
1990.0,Нет,,Yes,,189.0,Весы,36.0,4.0,,0.0,,917907090577,Bangalore,S,15.0,2014.0,2.0,0
1990.0,Нет,Male,Yes,3.0,189.0,,36.0,4.0,3.0,,Bachelors,917907090577,Bangalore,S,15.0,2014.0,2.0,0
1990.0,Нет,Male,Yes,3.0,,Весы,36.0,4.0,3.0,0.0,,917907090577,Bangalore,S,,,2.0,0
,Нет,Male,Yes,,189.0,,36.0,4.0,3.0,,Bachelors,917907090577,Bangalore,S,15.0,,2.0,0
1990.0,Нет,Male,Yes,,,Весы,36.0,4.0,3.0,0.0,Bachelors,917907090577,Bangalore,S,15.0,,2.0,0
,Нет,Male,No,1.0,39.0,Весы,35.0,10.0,3.0,0.0,Bachelors,913511358350,Pune,,3.0,2013.0,5.0,0
1991.0,,Male,No,1.0,39.0,,35.0,10.0,3.0,,Bachelors,913511358350,Pune,,3.0,2013.0,5.0,0
1991.0,Нет,Male,No,1.0,39.0,Весы,35.0,10.0,3.0,0.0,Bachelors,913511358350,Pune,M,3.0,,5.0,0
1988.0,Нет,,No,,346.0,Рыбы,38.0,8.0,3.0,0.0,Masters,915588153870,New Delhi,L,8.0,,,0
1988.0,,Female,No,3.0,,Рыбы,38.0,8.0,3.0,0.0,Masters,915588153870,New Delhi,L,,2017.0,2.0,0
,,Female,No,3.0,346.0,Рыбы,38.0,8.0,3.0,0.0,Masters,915588153870,,L,8.0,2017.0,2.0,0
1993.0,Нет,Male,No,1.0,117.0,,,1.0,,1.0,Bachelors,912694021283,Bangalore,S,12.0,,4.0,0
,Нет,Male,No,1.0,117.0,Скорпион,33.0,1.0,3.0,1.0,Bachelors,912694021283,Bangalore,S,,2017.0,4.0,0
1993.0,Нет,Male,No,1.0,,,33.0,1.0,3.0,1.0,Bachelors,912694021283,Bangalore,S,,2017.0,,0
1993.0,Нет,Male,No,1.0,,Скорпион,33.0,1.0,3.0,1.0,Bachelors,912694021283,Bangalore,S,12.0,,4.0,0
1993.0,,Male,No,1.0,117.0,Скорпион,33.0,,3.0,1.0,Bachelors,912694021283,Bangalore,,12.0,2017.0,4.0,0
,Нет,Female,No,2.0,,Лев,38.0,,3.0,1.0,Bachelors,913641660268,Bangalore,S,9.0,2014.0,3.0,0
,Нет,Female,No,2.0,103.0,,38.0,3.0,3.0,1.0,Bachelors,913641660268,Bangalore,,9.0,2014.0,3.0,0
,Нет,Female,No,2.0,103.0,,38.0,3.0,3.0,1.0,Bachelors,913641660268,,S,9.0,2014.0,3.0,0
1987.0,Нет,,No,2.0,103.0,,38.0,3.0,3.0,1.0,Bachelors,913641660268,,S,9.0,,3.0,0
,Нет,Male,No,4.0,170.0,,40.0,,2.0,0.0,,914809024998,Pune,L,13.0,,3.0,0
1986.0,Нет,Male,No,4.0,,Телец,40.0,2.0,2.0,,Bachelors,914809024998,Pune,,13.0,,3.0,0
,Нет,Male,No,4.0,170.0,Телец,,2.0,2.0,0.0,Bachelors,914809024998,Pune,L,13.0,2017.0,3.0,0
1986.0,,Male,No,4.0,170.0,Телец,,2.0,,0.0,Bachelors,914809024998,Pune,,13.0,2017.0,3.0,0
1987.0,Нет,Male,No,5.0,185.0,Весы,,,,0.0,,916580508575,New Delhi,XXL,2.0,,,0
1992.0,Нет,Female,No,4.0,267.0,Телец,,6.0,,,Bachelors,913578578387,,,,2014.0,3.0,0
,Нет,,No,4.0,267.0,Телец,,6.0,3.0,,Bachelors,913578578387,New Delhi,M,,2014.0,3.0,0
1992.0,Нет,Female,No,,267.0,Телец,33.0,6.0,3.0,,,913578578387,New Delhi,M,11.0,,,0
1989.0,Нет,Female,No,,484.0,Лев,38.0,8.0,3.0,1.0,,918576967414,Bangalore,S,12.0,2015.0,,0
1989.0,Нет,Female,No,4.0,484.0,Лев,38.0,8.0,3.0,1.0,Bachelors,918576967414,,,12.0,2015.0,2.0,0
1989.0,Нет,,No,4.0,484.0,,38.0,8.0,,1.0,Bachelors,918576967414,Bangalore,S,,2015.0,2.0,0
,Нет,,No,4.0,484.0,Лев,38.0,8.0,3.0,1.0,Bachelors,918576967414,Bangalore,S,,,2.0,0
,Да,Male,No,,16.0,,27.0,1.0,3.0,0.0,Masters,914606159925,New Delhi,,15.0,2012.0,,1
1994.0,Нет,Male,Yes,4.0,369.0,Скорпион,33.0,9.0,3.0,1.0,Bachelors,919910944321,Bangalore,XL,8.0,,3.0,0
1994.0,Нет,Male,Yes,4.0,,Скорпион,33.0,9.0,3.0,1.0,Bachelors,919910944321,,XL,8.0,2015.0,3.0,0
1992.0,Да,Female,No,4.0,441.0,Весы,35.0,,2.0,,Bachelors,919890481976,Pune,S,7.0,2016.0,4.0,1
1992.0,Да,Female,No,4.0,441.0,Весы,35.0,1.0,2.0,,Bachelors,919890481976,Pune,S,7.0,2016.0,4.0,1
,,,No,0.0,,Скорпион,40.0,3.0,2.0,1.0,Bachelors,916183915083,Pune,M,7.0,2014.0,,1
1985.0,Да,,No,0.0,14.0,,,,2.0,1.0,Bachelors,916183915083,Pune,M,,,5.0,1
,,,No,0.0,,Скорпион,40.0,3.0,,,Bachelors,916183915083,,M,7.0,2014.0,5.0,1
,Да,Female,No,,14.0,Скорпион,40.0,3.0,2.0,1.0,,916183915083,Pune,M,7.0,2014.0,5.0,1
1987.0,Нет,,No,5.0,202.0,Рак,40.0,2.0,2.0,,Bachelors,918829302186,New Delhi,S,3.0,2017.0,2.0,0
1996.0,Нет,,,0.0,215.0,Телец,29.0,4.0,3.0,0.0,Bachelors,915837459763,Bangalore,XL,4.0,2014.0,3.0,0
1996.0,Нет,,,,215.0,,,4.0,3.0,0.0,Bachelors,915837459763,Bangalore,XL,4.0,,,0
1996.0,Нет,,,,,Телец,,4.0,3.0,0.0,Bachelors,915837459763,,XL,,2014.0,3.0,0
1996.0,,Male,Yes,0.0,215.0,Телец,29.0,4.0,,0.0,Bachelors,915837459763,Bangalore,,4.0,2014.0,3.0,0
1996.0,Нет,Male,,0.0,215.0,Телец,29.0,4.0,3.0,0.0,Bachelors,915837459763,,XL,,2014.0,3.0,0
1985.0,Нет,Male,,,229.0,Овен,,6.0,3.0,0.0,Bachelors,919161604867,,L,8.0,,3.0,0
,,Male,No,4.0,229.0,Овен,40.0,6.0,3.0,,Bachelors,919161604867,,L,8.0,2015.0,,0
1988.0,Да,Female,No,3.0,448.0,Овен,39.0,9.0,,1.0,Bachelors,912799307074,,M,11.0,2016.0,5.0,1
1988.0,Да,Female,No,3.0,448.0,Овен,39.0,9.0,2.0,,Bachelors,912799307074,Pune,,11.0,2016.0,,1
,Да,Female,No,3.0,448.0,Овен,39.0,9.0,2.0,1.0,Bachelors,912799307074,Pune,M,11.0,2016.0,,1
1988.0,Да,Female,No,3.0,,Овен,39.0,,2.0,1.0,Bachelors,912799307074,Pune,M,11.0,2016.0,,1
1988.0,Да,Female,No,3.0,448.0,Овен,39.0,,,1.0,Bachelors,912799307074,Pune,M,11.0,,5.0,1
,Да,,No,0.0,,Лев,22.0,4.0,2.0,0.0,,914159226132,New Delhi,M,,2017.0,2.0,1
2003.0,Да,Male,,0.0,131.0,,22.0,4.0,,,,914159226132,New Delhi,M,5.0,2017.0,2.0,1
2003.0,Да,,No,0.0,131.0,Лев,22.0,,2.0,,Bachelors,914159226132,,M,,2017.0,2.0,1
1992.0,Нет,Female,No,0.0,487.0,Скорпион,35.0,3.0,2.0,1.0,PHD,918008927389,Pune,M,6.0,2015.0,3.0,0
1992.0,,Female,No,0.0,487.0,Скорпион,35.0,3.0,2.0,1.0,PHD,918008927389,Pune,M,6.0,2015.0,3.0,0
,Да,Female,,3.0,57.0,Телец,25.0,,,0.0,,916112923639,,,5.0,2014.0,3.0,1
2001.0,Да,,No,3.0,57.0,,,9.0,2.0,0.0,Bachelors,916112923639,New Delhi,,5.0,2014.0,3.0,1
,Нет,Male,,0.0,32.0,Козерог,,7.0,1.0,,Masters,914389681154,New Delhi,S,,2017.0,,0
1990.0,Нет,Male,No,0.0,32.0,,37.0,7.0,1.0,0.0,Masters,914389681154,New Delhi,S,5.0,,2.0,0
1990.0,Нет,,,0.0,32.0,,37.0,7.0,1.0,0.0,Masters,914389681154,New Delhi,S,5.0,,,0
1990.0,Нет,Male,,,32.0,,,7.0,1.0,0.0,Masters,914389681154,New Delhi,S,5.0,2017.0,,0
1999.0,,Female,,5.0,,Овен,27.0,5.0,3.0,0.0,Masters,914613111633,New Delhi,XS,9.0,2018.0,3.0,1
1999.0,,Female,Yes,5.0,482.0,Овен,27.0,5.0,3.0,,,914613111633,New Delhi,XS,,2018.0,3.0,1
1999.0,Да,,Yes,5.0,482.0,Овен,27.0,5.0,,,Masters,914613111633,New Delhi,XS,9.0,2018.0,3.0,1
,,Female,Yes,5.0,,Овен,27.0,5.0,3.0,,Masters,914613111633,New Delhi,,9.0,2018.0,3.0,1
1990.0,Нет,Male,No,1.0,,Скорпион,35.0,1.0,3.0,1.0,Bachelors,919500229574,Pune,L,3.0,2016.0,4.0,0
1990.0,Нет,,No,1.0,212.0,Скорпион,35.0,1.0,3.0,1.0,Bachelors,919500229574,Pune,L,3.0,2016.0,4.0,0
1990.0,Нет,Male,No,1.0,,Скорпион,35.0,1.0,,1.0,,919500229574,Pune,L,3.0,2016.0,,0
1990.0,Нет,Male,No,1.0,212.0,,,,3.0,1.0,Bachelors,919500229574,Pune,L,3.0,,4.0,0
1992.0,Да,Male,No,1.0,,Рыбы,,10.0,3.0,1.0,,919182527268,New Delhi,M,,2017.0,,1
1992.0,Да,,No,1.0,,Рыбы,,10.0,3.0,1.0,Masters,919182527268,,M,1.0,2017.0,1.0,1
,,Male,No,,173.0,,34.0,10.0,3.0,1.0,Masters,919182527268,New Delhi,M,1.0,,1.0,1
1992.0,Да,Male,No,1.0,173.0,,34.0,10.0,,1.0,Masters,919182527268,,,,2017.0,1.0,1
1992.0,,Male,No,1.0,173.0,,34.0,10.0,3.0,1.0,,919182527268,New Delhi,M,1.0,2017.0,,1
,,Female,No,4.0,103.0,Лев,40.0,5.0,3.0,,Bachelors,919548416846,Bangalore,S,13.0,2018.0,5.0,1
1986.0,Нет,Male,,4.0,203.0,Близнецы,39.0,,,0.0,Bachelors,913278330120,,L,8.0,,2.0,0
1988.0,,Female,Yes,0.0,179.0,Лев,39.0,2.0,1.0,1.0,,917765052792,Pune,L,9.0,2013.0,4.0,1
1988.0,,Female,Yes,0.0,179.0,Лев,39.0,2.0,1.0,1.0,,917765052792,Pune,L,9.0,2013.0,4.0,1
1988.0,Да,Female,Yes,0.0,179.0,,39.0,2.0,1.0,1.0,Bachelors,917765052792,Pune,L,9.0,2013.0,4.0,1
2004.0,Да,Male,No,0.0,384.0,Телец,22.0,7.0,,0.0,,911964308705,Bangalore,L,12.0,2015.0,3.0,1
2004.0,Да,,No,,384.0,Телец,22.0,7.0,3.0,0.0,Bachelors,911964308705,Bangalore,,12.0,2015.0,3.0,1
2004.0,,Male,No,0.0,384.0,Телец,22.0,7.0,3.0,0.0,Bachelors,911964308705,Bangalore,L,12.0,2015.0,3.0,1
2004.0,,Male,No,,384.0,Телец,22.0,7.0,3.0,0.0,Bachelors,911964308705,Bangalore,,12.0,2015.0,3.0,1
1993.0,Нет,Male,,2.0,364.0,Стрелец,33.0,,2.0,0.0,Masters,918754513681,Pune,L,7.0,2017.0,,0
1993.0,Нет,Male,Yes,2.0,364.0,Стрелец,,1.0,2.0,0.0,Masters,918754513681,,,7.0,2017.0,2.0,0
1986.0,Нет,Male,No,0.0,7.0,Водолей,39.0,7.0,3.0,1.0,Bachelors,918724172153,Bangalore,L,1.0,2014.0,,0
1986.0,,Male,,0.0,7.0,Водолей,39.0,,,,Bachelors,918724172153,,L,1.0,2014.0,1.0,0
1986.0,,Male,No,0.0,7.0,,39.0,7.0,3.0,1.0,Bachelors,918724172153,,,1.0,2014.0,1.0,0
1986.0,Нет,Male,,,7.0,,39.0,7.0,3.0,1.0,,918724172153,Bangalore,,1.0,2014.0,1.0,0
,Нет,Female,No,1.0,,,38.0,8.0,3.0,,Bachelors,916323759003,,L,11.0,2014.0,3.0,0
1988.0,Нет,Female,No,1.0,371.0,Дева,38.0,,3.0,,Bachelors,916323759003,Bangalore,L,11.0,2014.0,3.0,0
,Нет,,No,1.0,371.0,Дева,38.0,8.0,,0.0,Bachelors,916323759003,Bangalore,L,11.0,2014.0,3.0,0
,,Female,No,1.0,,Дева,38.0,8.0,3.0,,Bachelors,916323759003,,,11.0,,3.0,0
1988.0,Нет,Female,No,1.0,371.0,Дева,38.0,8.0,,0.0,Bachelors,916323759003,Bangalore,L,,2014.0,3.0,0
,Да,Female,Yes,2.0,,Овен,36.0,10.0,,,Bachelors,917867546587,New Delhi,,4.0,2018.0,2.0,1
,Да,Female,Yes,,300.0,Овен,36.0,10.0,,1.0,,917867546587,New Delhi,S,4.0,,2.0,1
1990.0,Нет,Male,Yes,,323.0,Близнецы,37.0,,2.0,1.0,Bachelors,919218928604,Pune,M,6.0,2013.0,2.0,0
1990.0,Нет,Male,,5.0,,Близнецы,37.0,7.0,2.0,1.0,Bachelors,919218928604,Pune,M,6.0,2013.0,2.0,0
1990.0,Нет,Male,Yes,,323.0,Близнецы,37.0,7.0,2.0,1.0,Bachelors,919218928604,Pune,,,2013.0,2.0,0
1989.0,Да,Female,No,2.0,303.0,Рыбы,37.0,,3.0,,Bachelors,919971051849,Bangalore,M,9.0,2013.0,,1
1989.0,Да,Female,No,2.0,,Рыбы,37.0,,3.0,1.0,Bachelors,919971051849,Bangalore,M,9.0,2013.0,2.0,1
1989.0,,,No,2.0,303.0,,37.0,1.0,,1.0,Bachelors,919971051849,Bangalore,M,9.0,2013.0,2.0,1
,Да,Female,No,2.0,,,37.0,,3.0,1.0,Bachelors,919971051849,Bangalore,M,,2013.0,,1
1993.0,Нет,Male,No,,478.0,Дева,34.0,0.0,3.0,0.0,Bachelors,911495181516,Pune,S,2.0,,,0
1993.0,,Male,No,5.0,,Дева,34.0,0.0,3.0,0.0,Bachelors,911495181516,Pune,S,2.0,2013.0,5.0,0
1993.0,,Male,,5.0,478.0,,34.0,0.0,3.0,0.0,,911495181516,Pune,,2.0,2013.0,5.0,0
1993.0,Нет,Male,No,,478.0,Дева,34.0,0.0,3.0,0.0,Bachelors,911495181516,Pune,S,,2013.0,5.0,0
1996.0,Да,Male,Yes,0.0,43.0,Козерог,,1.0,3.0,1.0,Bachelors,913544629729,Bangalore,M,6.0,2018.0,1.0,1
1996.0,Да,Male,Yes,0.0,43.0,Козерог,31.0,1.0,3.0,,,913544629729,,M,6.0,2018.0,1.0,1
1988.0,Нет,Male,No,,233.0,Лев,,5.0,3.0,1.0,Masters,912325095428,New Delhi,,5.0,2012.0,,0
1992.0,,Female,No,1.0,339.0,Рыбы,34.0,6.0,3.0,,Masters,918412387229,New Delhi,L,,2014.0,2.0,1
1992.0,Да,Female,No,1.0,339.0,,34.0,6.0,3.0,1.0,Masters,918412387229,New Delhi,L,0.0,2014.0,2.0,1
1992.0,Да,Female,No,1.0,339.0,,34.0,6.0,3.0,1.0,Masters,918412387229,,,0.0,2014.0,2.0,1
1986.0,,Male,No,1.0,450.0,Козерог,39.0,,3.0,0.0,Bachelors,917864630192,Pune,L,8.0,2015.0,,0
1986.0,Нет,Male,,1.0,450.0,Козерог,,1.0,3.0,,Bachelors,917864630192,,L,8.0,,,0
,,,No,,450.0,Козерог,39.0,1.0,,,Bachelors,917864630192,Pune,L,,2015.0,3.0,0
,,Male,,1.0,450.0,Козерог,,1.0,3.0,0.0,,917864630192,Pune,L,,2015.0,3.0,0
1986.0,Нет,,No,1.0,450.0,Козерог,,1.0,,0.0,Bachelors,917864630192,,L,8.0,2015.0,3.0,0
2003.0,,Female,No,1.0,453.0,Рыбы,23.0,4.0,,0.0,Bachelors,913666041590,Pune,M,6.0,2017.0,2.0,1
2003.0,Да,Female,No,1.0,,Рыбы,23.0,,,,Bachelors,913666041590,Pune,M,6.0,2017.0,,1
1990.0,Нет,Female,No,4.0,,Рыбы,35.0,1.0,3.0,0.0,,913647566580,Bangalore,,,2013.0,2.0,0
1989.0,Да,Male,No,0.0,431.0,Рыбы,38.0,1.0,2.0,0.0,,917341081560,,,5.0,2013.0,2.0,1
1989.0,Да,Male,No,0.0,431.0,Рыбы,38.0,1.0,2.0,,Bachelors,917341081560,Pune,L,5.0,,2.0,1
1989.0,Да,,No,0.0,431.0,,38.0,1.0,2.0,0.0,,917341081560,Pune,L,5.0,,,1
1989.0,Да,Male,No,0.0,431.0,Рыбы,,1.0,,0.0,Bachelors,917341081560,,L,5.0,2013.0,2.0,1
1989.0,Да,Male,,0.0,,Рыбы,38.0,1.0,2.0,0.0,Bachelors,917341081560,Pune,L,5.0,2013.0,2.0,1
2003.0,Нет,Male,No,,89.0,Телец,23.0,7.0,1.0,1.0,Masters,916542282270,New Delhi,L,6.0,2017.0,5.0,0
2003.0,Нет,Male,No,1.0,89.0,Телец,23.0,,1.0,1.0,Masters,916542282270,New Delhi,L,6.0,2017.0,5.0,0
,Нет,Male,No,1.0,89.0,,,7.0,1.0,1.0,Masters,916542282270,,L,6.0,2017.0,,0
2003.0,Нет,Male,,1.0,,Телец,,7.0,,1.0,Masters,916542282270,New Delhi,L,6.0,,5.0,0
1990.0,Да,,No,4.0,308.0,Скорпион,37.0,5.0,2.0,,,912841111749,,,4.0,,,1
2002.0,Нет,Female,Yes,1.0,50.0,Рак,23.0,,3.0,1.0,,917230920220,Bangalore,S,6.0,2013.0,1.0,0
2002.0,,Female,,1.0,50.0,Рак,23.0,6.0,3.0,1.0,Bachelors,917230920220,Bangalore,,6.0,,1.0,0
,Нет,Female,Yes,,,Рак,23.0,6.0,3.0,1.0,Bachelors,917230920220,,S,6.0,2013.0,1.0,0
1995.0,Нет,Male,No,2.0,,Стрелец,31.0,0.0,,0.0,,916493622958,Pune,M,5.0,2013.0,4.0,0
,Нет,Male,,2.0,121.0,,24.0,6.0,3.0,0.0,Bachelors,911657181569,Bangalore,M,11.0,2017.0,,0
2002.0,Нет,Male,Yes,2.0,121.0,,24.0,6.0,3.0,,Bachelors,911657181569,Bangalore,M,11.0,2017.0,1.0,0
2002.0,Нет,Male,Yes,2.0,121.0,Лев,24.0,6.0,,0.0,Bachelors,911657181569,Bangalore,M,11.0,2017.0,1.0,0
1990.0,Нет,Female,No,1.0,363.0,,36.0,7.0,3.0,0.0,,915167094905,Bangalore,M,4.0,2012.0,1.0,0
1998.0,Да,,,1.0,133.0,Телец,28.0,1.0,3.0,,,913212541992,Bangalore,XXL,14.0,,,1
1998.0,Да,Male,No,1.0,133.0,Телец,28.0,1.0,,1.0,Bachelors,913212541992,Bangalore,XXL,,2015.0,1.0,1
1998.0,Да,Male,,1.0,,Телец,,1.0,3.0,1.0,Bachelors,913212541992,Bangalore,,14.0,2015.0,1.0,1
1997.0,Нет,Male,No,5.0,314.0,Скорпион,30.0,,,1.0,Bachelors,918899303845,,S,11.0,2017.0,1.0,0
,Нет,Male,No,4.0,243.0,,36.0,2.0,2.0,1.0,Bachelors,916968578013,Pune,S,0.0,2013.0,4.0,0
1990.0,Нет,,No,4.0,243.0,Рыбы,36.0,2.0,2.0,1.0,Bachelors,916968578013,Pune,S,0.0,2013.0,4.0,0
1990.0,Нет,,,4.0,243.0,Рыбы,,2.0,2.0,1.0,Bachelors,916968578013,Pune,,0.0,2013.0,4.0,0
1990.0,Нет,Male,No,,243.0,,,2.0,2.0,1.0,Bachelors,916968578013,Pune,,,,4.0,0
1990.0,,Male,No,4.0,243.0,Рыбы,36.0,,2.0,1.0,Bachelors,916968578013,Pune,S,0.0,2013.0,4.0,0
1991.0,Нет,,No,3.0,321.0,Козерог,36.0,3.0,3.0,,,917545532428,Pune,L,,2015.0,2.0,0
2004.0,Да,Male,No,0.0,219.0,Рак,,8.0,,1.0,Bachelors,912961545104,Bangalore,XXL,6.0,2012.0,4.0,1
2004.0,Да,Male,No,0.0,219.0,Рак,22.0,,3.0,1.0,Bachelors,912961545104,Bangalore,XXL,6.0,2012.0,4.0,1
2004.0,Да,Male,No,0.0,219.0,Рак,22.0,8.0,3.0,1.0,Bachelors,912961545104,Bangalore,XXL,6.0,,4.0,1
2004.0,Да,Male,No,0.0,219.0,Рак,22.0,8.0,3.0,,Bachelors,912961545104,,XXL,,2012.0,4.0,1
,,Male,No,0.0,,,22.0,8.0,3.0,1.0,Bachelors,912961545104,Bangalore,XXL,6.0,2012.0,4.0,1
1994.0,Нет,Male,No,,78.0,Водолей,31.0,9.0,3.0,0.0,Masters,912141527159,New Delhi,L,,2017.0,1.0,0
1994.0,Нет,Male,,2.0,78.0,Водолей,31.0,9.0,3.0,0.0,,912141527159,New Delhi,L,6.0,2017.0,,0
1998.0,,Male,No,3.0,123.0,Близнецы,,,3.0,1.0,PHD,912031072297,New Delhi,M,15.0,2017.0,,0
1998.0,Нет,Male,No,3.0,123.0,Близнецы,,6.0,3.0,1.0,PHD,912031072297,New Delhi,M,15.0,,1.0,0
1998.0,,Male,No,3.0,123.0,Близнецы,29.0,6.0,3.0,1.0,PHD,912031072297,New Delhi,M,,2017.0,,0
,Нет,Male,No,3.0,123.0,Близнецы,29.0,6.0,,1.0,,912031072297,,M,15.0,2017.0,1.0,0
1989.0,,Female,No,,,,,2.0,3.0,0.0,,914507945319,,M,11.0,2014.0,1.0,1
1989.0,Да,Female,,4.0,87.0,Лев,37.0,,3.0,0.0,,914507945319,Pune,M,11.0,2014.0,1.0,1
1995.0,Да,Male,No,2.0,8.0,Рыбы,31.0,0.0,3.0,1.0,Bachelors,913601583798,Bangalore,L,13.0,2015.0,4.0,1
2002.0,Нет,Female,Yes,,335.0,Рак,,3.0,,0.0,Bachelors,919547392007,,S,11.0,2016.0,,0
2002.0,Нет,Female,Yes,3.0,335.0,Рак,25.0,3.0,1.0,0.0,Bachelors,919547392007,,,11.0,2016.0,1.0,0
2003.0,Да,Female,No,1.0,155.0,Телец,23.0,5.0,,1.0,Bachelors,913635723638,Pune,S,9.0,2013.0,3.0,1
2003.0,Да,Female,No,1.0,155.0,,23.0,5.0,1.0,1.0,Bachelors,913635723638,Pune,S,,2013.0,3.0,1
1989.0,,Female,No,2.0,231.0,Стрелец,38.0,5.0,3.0,0.0,Bachelors,919906412864,Bangalore,XS,,2015.0,1.0,0
1989.0,,Female,No,1.0,,,37.0,2.0,3.0,0.0,,919120941262,,XS,10.0,2017.0,3.0,1
1997.0,Нет,Male,No,4.0,238.0,Телец,30.0,6.0,3.0,0.0,PHD,911623640754,New Delhi,M,6.0,,3.0,0
1997.0,,,No,4.0,238.0,Телец,30.0,,3.0,0.0,PHD,911623640754,,,,2012.0,3.0,0
1992.0,Нет,Female,,,339.0,Лев,35.0,,3.0,0.0,Bachelors,917573559967,Bangalore,XS,1.0,,3.0,0
1992.0,Нет,Female,No,2.0,339.0,Лев,35.0,8.0,3.0,0.0,Bachelors,917573559967,Bangalore,XS,1.0,2012.0,3.0,0
2002.0,Нет,Male,,,184.0,Близнецы,23.0,4.0,3.0,0.0,PHD,914618995164,,L,13.0,,3.0,0
2002.0,Нет,Male,No,,,Близнецы,23.0,4.0,3.0,,PHD,914618995164,Bangalore,,13.0,2014.0,3.0,0
2002.0,Нет,Male,No,1.0,184.0,Близнецы,23.0,4.0,3.0,0.0,PHD,914618995164,Bangalore,L,13.0,,3.0,0
,Да,,,0.0,,Лев,,10.0,1.0,,PHD,918431143396,Pune,S,10.0,2013.0,4.0,1
1994.0,Да,,No,,186.0,Лев,32.0,10.0,1.0,1.0,PHD,918431143396,,S,10.0,,4.0,1
1994.0,Да,Female,No,,186.0,Лев,32.0,10.0,,1.0,PHD,918431143396,,S,10.0,2013.0,4.0,1
1994.0,,Female,No,0.0,,Лев,32.0,,1.0,1.0,PHD,918431143396,Pune,,,2013.0,4.0,1
,Да,Female,No,0.0,186.0,Лев,,10.0,1.0,1.0,PHD,918431143396,Pune,S,10.0,,4.0,1
1998.0,Да,,,1.0,106.0,,28.0,3.0,3.0,0.0,Bachelors,914616564803,,,2.0,2015.0,3.0,1
,Да,Female,No,1.0,106.0,Телец,28.0,,3.0,0.0,Bachelors,914616564803,,M,2.0,2015.0,3.0,1
2002.0,,Female,,,187.0,Овен,23.0,9.0,,0.0,,913162481376,,M,6.0,2015.0,,0
2002.0,,Female,,1.0,187.0,Овен,23.0,,,0.0,Bachelors,913162481376,New Delhi,M,,2015.0,5.0,0
2002.0,Нет,Female,No,,187.0,Овен,,,3.0,0.0,Bachelors,913162481376,New Delhi,M,6.0,2015.0,,0
,Нет,Female,No,3.0,,Рыбы,34.0,,1.0,0.0,PHD,919936145838,Bangalore,,12.0,2014.0,1.0,0
1991.0,,Female,No,3.0,408.0,Рыбы,34.0,,1.0,0.0,PHD,919936145838,Bangalore,M,12.0,2014.0,1.0,0
1991.0,Нет,Female,No,1.0,494.0,Лев,36.0,3.0,1.0,1.0,,919128780946,Bangalore,M,2.0,2014.0,4.0,0
1991.0,,Female,No,1.0,494.0,Лев,36.0,3.0,,1.0,Bachelors,919128780946,,M,2.0,,4.0,0
1991.0,Нет,Female,No,1.0,,Лев,36.0,3.0,1.0,,Bachelors,919128780946,Bangalore,M,2.0,2014.0,,0
1991.0,,Female,No,1.0,494.0,Лев,36.0,3.0,1.0,,Bachelors,919128780946,,M,2.0,2014.0,,0
1987.0,Нет,Male,No,,444.0,Овен,,8.0,3.0,,Bachelors,919238580738,Bangalore,S,12.0,2017.0,1.0,0
1987.0,Нет,Male,,5.0,444.0,Овен,40.0,8.0,3.0,1.0,,919238580738,,S,12.0,,1.0,0
